payment_id,order_id,matched_order_id,match_type,is_duplicate_payment_id,second_best_id_similarity,id_similarity_margin,low_similarity_margin,amount_diff,amount_diff_pct,date_diff_days,id_similarity,fee_in_range,competing_candidates_count,closest_competing_amount_diff_pct,settlement_amount,ledger_amount,category,batch_source
pay_13ADDF3125AF4F,order_8C8D7420898646,order_8C8D7420898646,exact,0,0.0,1.0,0,0.0,0.0,2.08,1.0,1,4,0.0086,350.54,350.54,EXACT_MATCH,batch_clean
pay_EFE943DFA1E847,order_813E0AB37DF845,order_813E0AB37DF845,exact,0,0.0,1.0,0,0.0,0.0,2.12,1.0,1,2,0.0071,12002.64,12002.64,EXACT_MATCH,batch_clean
pay_5097F681B2574F,order_6657A11F753D4A,order_6657A11F753D4A,exact,0,0.0,1.0,0,0.0,0.0,2.5,1.0,1,3,0.0037,346.18,346.18,EXACT_MATCH,batch_clean
pay_465C115DCFBB44,order_E40B6CE2161947,order_E40B6CE2161947,exact,0,0.0,1.0,0,0.0,0.0,2.21,1.0,1,6,0.0028,1288.1,1288.1,EXACT_MATCH,batch_clean
pay_1BFB9C1175CE40,order_9181A06C4CEF4D,order_9181A06C4CEF4D,exact,0,0.0,1.0,0,0.0,0.0,2.17,1.0,1,6,0.0019,2684.17,2684.17,EXACT_MATCH,batch_clean
pay_7BDF8F170EA844,order_A5553A91477849,order_A5553A91477849,exact,0,0.0,1.0,0,89.41,0.0351,2.12,1.0,1,8,0.0044,2636.15,2546.74,AMOUNT_MISMATCH,batch_clean
pay_5C1EF274E24F4C,order_1F433E3747AB41,order_1F433E3747AB41,exact,0,0.0,1.0,0,0.0,0.0,2.12,1.0,1,3,0.0015,16810.38,16810.38,EXACT_MATCH,batch_clean
pay_FA0B9AA0F1F74F,order_007FF8AD183D48,order_007FF8AD183D48,exact,0,0.0,1.0,0,0.0,0.0,2.17,1.0,1,3,0.0079,736.61,736.61,EXACT_MATCH,batch_clean
pay_CD942C5F76A24F,order_2A25B749EB2F44,order_2A25B749EB2F44,exact,0,0.0,1.0,0,0.0,0.0,2.0,1.0,1,18,0.0006,2937.22,2937.22,EXACT_MATCH,batch_clean
pay_F66E72DD97384C,order_29640B6BAC4B4A,order_29640B6BAC4B4A,exact,0,0.0,1.0,0,0.0,0.0,2.46,1.0,1,8,0.0006,17474.27,17474.27,EXACT_MATCH,batch_clean
pay_45806E13B51B4E,order_FED212AFD19A43,order_FED212AFD19A43,exact,1,0.0,1.0,0,0.0,0.0,2.46,1.0,1,2,0.0026,592.31,592.31,DUPLICATE,batch_clean
pay_61F6AA97A9F047,order_728FC62300D34C,order_728FC62300D34C,exact,1,0.0,1.0,0,0.0,0.0,2.12,1.0,1,2,0.0016,10177.53,10177.53,DUPLICATE,batch_clean
pay_EA06652D2FC540,order_433143FB28CD46,order_433143FB28CD46,exact,0,0.0,1.0,0,0.0,0.0,2.38,1.0,1,4,0.007,18656.25,18656.25,EXACT_MATCH,batch_clean
pay_13E16735568D40,order_CD4DC90BC45B4E,order_CD4DC90BC45B4E,exact,0,0.0,1.0,0,0.0,0.0,2.46,1.0,1,2,0.0018,208017.8,208017.8,EXACT_MATCH,batch_clean
pay_736E01DA655D46,order_AD27067B2D3E49,order_AD27067B2D3E49,exact,0,0.0,1.0,0,0.0,0.0,2.25,1.0,1,3,0.0046,653.06,653.06,EXACT_MATCH,batch_clean
pay_AC4EF15035A84B,order_3C40204EEBC349,order_3C40204EEBC349,exact,0,0.0,1.0,0,0.0,0.0,2.33,1.0,1,1,0.005,12736.62,12736.62,EXACT_MATCH,batch_clean
pay_95A933619AF242,order_BF1B3B4039284C,order_BF1B3B4039284C,exact,0,0.0,1.0,0,0.0,0.0,2.12,1.0,1,2,0.0114,12472.94,12472.94,EXACT_MATCH,batch_clean
pay_F4A1A08E908043,order_5C1C04EAA1654C,order_5C1C04EAA1654C,exact,0,0.0,1.0,0,0.0,0.0,2.29,1.0,1,8,0.0015,20504.45,20504.45,EXACT_MATCH,batch_clean
pay_F862F43E20144C,order_28C09FFE27434A,order_28C09FFE27434A,exact,0,0.0,1.0,0,0.0,0.0,2.21,1.0,1,2,0.0094,13477.57,13477.57,EXACT_MATCH,batch_clean
pay_69917B67BDF84B,order_59DB56AAC30A40,order_59DB56AAC30A40,exact,0,0.0,1.0,0,0.0,0.0,2.42,1.0,1,0,0.0335,230300.8,230300.8,EXACT_MATCH,batch_clean
pay_2CBB5D1190AC4D,order_A11851CE56B24C,order_A11851CE56B24C,exact,0,0.0,1.0,0,0.0,0.0,2.25,1.0,1,0,0.0232,6362.51,6362.51,EXACT_MATCH,batch_clean
pay_346ECC95CCF947,order_6C6A8DDEACBD44,order_6C6A8DDEACBD44,exact,0,0.0,1.0,0,0.0,0.0,2.21,1.0,1,9,0.0004,2352.61,2352.61,EXACT_MATCH,batch_clean
pay_99D5E9E9EB144A,order_0D0734E31EA94F,order_0D0734E31EA94F,exact,0,0.0,1.0,0,-65.53,0.0099,2.38,1.0,1,2,0.0037,6537.32,6602.85,AMOUNT_MISMATCH,batch_clean
pay_22CB3A36718442,order_A6D32A31EEB84D,order_A6D32A31EEB84D,exact,0,0.0,1.0,0,0.0,0.0,2.08,1.0,1,1,0.017,89975.62,89975.62,EXACT_MATCH,batch_clean
pay_0FCEAB807BF24B,order_2256EA3FFBF54A,order_2256EA3FFBF54A,exact,0,0.0,1.0,0,0.0,0.0,2.5,1.0,1,8,0.0003,1928.53,1928.53,EXACT_MATCH,batch_clean
pay_3B527DAD684E46,order_28989478A33445,order_28989478A33445,exact,0,0.0,1.0,0,0.0,0.0,2.46,1.0,1,2,0.0091,112715.4,112715.4,EXACT_MATCH,batch_clean
pay_65E52019EF9E4B,order_9C0869EC3C0849,order_9C0869EC3C0849,exact,0,0.0,1.0,0,0.0,0.0,11.0,1.0,1,4,0.0078,463.16,463.16,DATE_DRIFT,batch_clean
pay_D0A09EC9EF2447,order_2AF3758ACFAF4A,order_2AF3758ACFAF4A,exact,0,0.0,1.0,0,0.0,0.0,2.5,1.0,1,3,0.0007,650.07,650.07,EXACT_MATCH,batch_clean
pay_23D75A94FB704A,order_B5BD300A1D4844,order_B5BD300A1D4844,exact,0,0.0,1.0,0,0.0,0.0,2.12,1.0,1,4,0.0003,749.3,749.3,EXACT_MATCH,batch_clean
pay_B2A72F3CC60347,order_BC29BCF59FF24E,order_BC29BCF59FF24E,exact,0,0.0,1.0,0,0.0,0.0,2.46,1.0,1,14,0.0016,2284.08,2284.08,EXACT_MATCH,batch_clean
pay_50FD60769E2F48,order_1C80F2B91D1F44,order_1C80F2B91D1F44,exact,0,0.0,1.0,0,0.0,0.0,2.5,1.0,1,6,0.0059,1906.37,1906.37,EXACT_MATCH,batch_clean
pay_FCEF5AFAA17244,order_5210831E63C241,order_5210831E63C241,exact,0,0.0,1.0,0,0.0,0.0,2.5,1.0,1,1,0.0112,4680.13,4680.13,EXACT_MATCH,batch_clean
pay_4801DA56235047,order_7D13738ECE6348,order_7D13738ECE6348,exact,0,0.0,1.0,0,0.0,0.0,2.12,1.0,1,6,0.0071,1445.23,1445.23,EXACT_MATCH,batch_clean
pay_92E36D2459BB40,order_0A8128BF4A4045,order_0A8128BF4A4045,exact,0,0.0,1.0,0,0.0,0.0,2.08,1.0,1,2,0.0026,590.79,590.79,EXACT_MATCH,batch_clean
pay_2762629416A84B,order_16C49AEC777C4F,order_16C49AEC777C4F,exact,0,0.0,1.0,0,0.0,0.0,2.38,1.0,1,0,0.0339,314.61,314.61,EXACT_MATCH,batch_clean
pay_4206CDEEF8E94A,order_3FACCEF619524E,order_3FACCEF619524E,exact,0,0.0,1.0,0,0.0,0.0,2.5,1.0,1,8,0.0013,1558.19,1558.19,EXACT_MATCH,batch_clean
pay_34AF1CA9814746,order_AD2A834312604F,order_AD2A834312604F,exact,0,0.0,1.0,0,0.0,0.0,2.21,1.0,1,1,0.0027,3187.75,3187.75,EXACT_MATCH,batch_clean
pay_31E01715912E4C,order_DAC39D41D1224B,order_DAC39D41D1224B,exact,0,0.0,1.0,0,0.0,0.0,2.0,1.0,1,3,0.0055,753.65,753.65,EXACT_MATCH,batch_clean
pay_81C8A27943F846,order_242F92205F524F,order_242F92205F524F,exact,0,0.0,1.0,0,0.0,0.0,2.21,1.0,1,6,0.008,933.13,933.13,EXACT_MATCH,batch_clean
pay_F4C0773545224E,order_42E1F3FE894748,order_42E1F3FE894748,exact,0,0.0,1.0,0,0.0,0.0,2.08,1.0,1,2,0.0033,454.65,454.65,EXACT_MATCH,batch_clean
pay_02823F72957144,order_AA2A888B244B42,order_AA2A888B244B42,exact,0,0.0,1.0,0,0.0,0.0,2.04,1.0,1,1,0.0048,424.47,424.47,EXACT_MATCH,batch_clean
pay_13E5FA70118B4C,order_84FCA04B9E2A4F,order_84FCA04B9E2A4F,exact,0,0.0,1.0,0,0.0,0.0,2.29,1.0,1,3,0.0071,11917.93,11917.93,EXACT_MATCH,batch_clean
pay_843131B47E8442,order_EE2D2708936445,order_EE2D2708936445,exact,0,0.0,1.0,0,0.0,0.0,2.5,1.0,1,6,0.0047,1480.07,1480.07,EXACT_MATCH,batch_clean
pay_E2C2FC0160944D,order_6C2276C8A1B543,order_6C2276C8A1B543,exact,0,0.0,1.0,0,0.0,0.0,2.46,1.0,1,1,0.0135,6513.39,6513.39,EXACT_MATCH,batch_clean
pay_EB23B4A7405B4B,order_619C46A1A2FF43,order_619C46A1A2FF43,exact,0,0.0,1.0,0,0.0,0.0,2.08,1.0,1,5,0.0021,982.58,982.58,EXACT_MATCH,batch_clean
pay_5AB4340794CA44,order_6F14EF5575D144,order_6F14EF5575D144,exact,0,0.0,1.0,0,0.0,0.0,2.04,1.0,1,0,0.0351,7907.13,7907.13,EXACT_MATCH,batch_clean
pay_046B4C4D5C2F4B,order_C052239B9E6E44,order_C052239B9E6E44,exact,0,0.0,1.0,0,0.0,0.0,2.25,1.0,1,1,0.0092,410.24,410.24,EXACT_MATCH,batch_clean
pay_73030A640FAF47,order_841FAAF0171942,order_841FAAF0171942,exact,0,0.0,1.0,0,0.0,0.0,2.42,1.0,1,1,0.0023,126.25,126.25,EXACT_MATCH,batch_clean
pay_E5604D6A186749,order_87580B7DC3F04C,order_87580B7DC3F04C,exact,0,0.0,1.0,0,0.0,0.0,2.38,1.0,1,7,0.0005,1538.71,1538.71,EXACT_MATCH,batch_clean
pay_ADBC742C1E1346,order_CCDE336CD9054A,order_CCDE336CD9054A,exact,0,0.0,1.0,0,0.0,0.0,2.42,1.0,1,8,0.0028,1533.6,1533.6,EXACT_MATCH,batch_clean
pay_BE69FE6D1EF84C,order_2CB7195A24D145,order_2CB7195A24D145,exact,0,0.0,1.0,0,0.0,0.0,2.04,1.0,1,15,0.0004,2244.26,2244.26,EXACT_MATCH,batch_clean
pay_F4B2C1EE564E49,order_DBE0E3842B7345,order_DBE0E3842B7345,exact,0,0.0,1.0,0,0.0,0.0,2.29,1.0,1,4,0.0046,1118.57,1118.57,EXACT_MATCH,batch_clean
pay_F98C5B2B5A7741,order_9460A06E4BE845,order_9460A06E4BE845,exact,0,0.0,1.0,0,0.0,0.0,2.46,1.0,1,4,0.0038,945.48,945.48,EXACT_MATCH,batch_clean
pay_59B06AFAE9C546,order_4D2E9F322CBD4F,order_4D2E9F322CBD4F,exact,0,0.0,1.0,0,0.0,0.0,2.5,1.0,1,15,0.0024,2227.06,2227.06,EXACT_MATCH,batch_clean
pay_ED70A9E47FBD40,order_B567FCB4488D48,order_B567FCB4488D48,exact,0,0.0,1.0,0,0.0,0.0,2.12,1.0,1,1,0.0137,162800.89,162800.89,EXACT_MATCH,batch_clean
pay_CE0A4E44C33940,order_1BD376FF3D3542,order_1BD376FF3D3542,exact,0,0.0,1.0,0,0.0,0.0,2.21,1.0,1,8,0.003,2359.68,2359.68,EXACT_MATCH,batch_clean
pay_497F08DB860049,order_4702361556E54E,order_4702361556E54E,exact,0,0.0,1.0,0,-98.22,0.04,2.46,1.0,1,9,0.0,2359.72,2457.94,AMOUNT_MISMATCH,batch_clean
pay_D78EB9B6BF244D,order_5D25E0B65EE044,order_5D25E0B65EE044,exact,0,0.0,1.0,0,0.0,0.0,2.29,1.0,1,5,0.0031,1590.05,1590.05,EXACT_MATCH,batch_clean
pay_56B79B697ACD4B,order_0F53A889484A48,order_0F53A889484A48,exact,0,0.0,1.0,0,0.0,0.0,2.04,1.0,1,7,0.0002,1975.79,1975.79,EXACT_MATCH,batch_clean
pay_60CCF1B5D92F46,order_DC423039CA944D,order_DC423039CA944D,exact,0,0.0,1.0,0,0.0,0.0,2.17,1.0,1,2,0.0035,24695.02,24695.02,EXACT_MATCH,batch_clean
pay_FBF621CB916B49,order_69C05C9285CB4C,order_69C05C9285CB4C,exact,0,0.0,1.0,0,0.0,0.0,2.21,1.0,1,6,0.0008,18432.99,18432.99,EXACT_MATCH,batch_clean
pay_1D40D25C68D949,order_592C332B2A684D,order_592C332B2A684D,exact,0,0.0,1.0,0,0.0,0.0,2.29,1.0,1,14,0.0032,2808.68,2808.68,EXACT_MATCH,batch_clean
pay_A3EF51A7EAF74E,order_F1EF403B77CB4D,order_F1EF403B77CB4D,exact,0,0.0,1.0,0,0.0,0.0,2.33,1.0,1,4,0.0106,1402.26,1402.26,EXACT_MATCH,batch_clean
pay_27F65D82AB5D46,order_CD97649DBFE04D,order_CD97649DBFE04D,exact,0,0.0,1.0,0,0.0,0.0,2.29,1.0,1,11,0.0002,2150.62,2150.62,EXACT_MATCH,batch_clean
pay_03BD97B1308647,order_C82A7B3CCFEC4F,order_C82A7B3CCFEC4F,exact,0,0.0,1.0,0,0.0,0.0,2.46,1.0,1,6,0.0005,18417.39,18417.39,EXACT_MATCH,batch_clean
pay_8F2033856C1E46,order_CC459ADA82F448,order_CC459ADA82F448,exact,0,0.0,1.0,0,0.0,0.0,2.17,1.0,1,4,0.0006,711.58,711.58,EXACT_MATCH,batch_clean
pay_A24E051BDFA542,order_F2CCE6E1EF0E4D,order_F2CCE6E1EF0E4D,exact,0,0.0,1.0,0,0.0,0.0,2.38,1.0,1,3,0.005,179.83,179.83,EXACT_MATCH,batch_clean
pay_75812462C88846,order_093449EFED844A,order_093449EFED844A,exact,0,0.0,1.0,0,0.0,0.0,2.42,1.0,1,4,0.0033,1818.35,1818.35,EXACT_MATCH,batch_clean
pay_68F609EDDC4944,order_F568953893E048,order_F568953893E048,exact,0,0.0,1.0,0,0.0,0.0,2.17,1.0,1,5,0.0014,609.71,609.71,EXACT_MATCH,batch_clean
pay_73081C96E7544D,order_51EB28BD80074B,order_51EB28BD80074B,exact,0,0.0,1.0,0,0.0,0.0,2.33,1.0,1,16,0.0002,2849.54,2849.54,EXACT_MATCH,batch_clean
pay_8C7B5ED664454E,order_E1C48BE579FA48,order_E1C48BE579FA48,exact,0,0.0,1.0,0,0.0,0.0,2.08,1.0,1,1,0.0055,120396.32,120396.32,EXACT_MATCH,batch_clean
pay_32A978790FDF4C,order_2F1BD06125C949,order_2F1BD06125C949,exact,0,0.0,1.0,0,0.0,0.0,2.12,1.0,1,2,0.0054,206524.33,206524.33,EXACT_MATCH,batch_clean
pay_9D1EF059E04F49,order_D0968B2D7E944A,order_D0968B2D7E944A,exact,0,0.0,1.0,0,0.0,0.0,2.38,1.0,1,19,0.0027,2870.68,2870.68,EXACT_MATCH,batch_clean
pay_22F2429D40E74C,order_CD55CAEED36F4B,order_CD55CAEED36F4B,exact,0,0.0,1.0,0,0.0,0.0,2.04,1.0,1,2,0.0066,10612.51,10612.51,EXACT_MATCH,batch_clean
pay_8340F20730304E,order_ACCA624A313F43,order_ACCA624A313F43,exact,0,0.0,1.0,0,128.81,0.0514,2.21,1.0,1,8,0.0033,2633.22,2504.41,AMOUNT_MISMATCH,batch_clean
pay_E9DBDE8619A745,order_B5CCFAB6F5CA4D,order_B5CCFAB6F5CA4D,exact,0,0.0,1.0,0,0.0,0.0,2.25,1.0,1,3,0.004,347.55,347.55,EXACT_MATCH,batch_clean
pay_EA729847740F4B,order_5462BB58C8CC4C,order_5462BB58C8CC4C,exact,0,0.0,1.0,0,0.0,0.0,2.29,1.0,1,5,0.0005,18408.96,18408.96,EXACT_MATCH,batch_clean
pay_1C2AB0307F2640,order_68ABC3A0019645,order_68ABC3A0019645,exact,0,0.0,1.0,0,0.0,0.0,2.12,1.0,1,6,0.0003,2614.49,2614.49,EXACT_MATCH,batch_clean
pay_451B1A2F531446,order_5F4AC02B0B184A,order_5F4AC02B0B184A,exact,0,0.0,1.0,0,0.0,0.0,2.12,1.0,1,7,0.0017,2564.31,2564.31,EXACT_MATCH,batch_clean
pay_4A557D91F7EE4F,order_4623E42FE8E34D,order_4623E42FE8E34D,exact,0,0.0,1.0,0,0.0,0.0,2.12,1.0,1,18,0.0002,2861.59,2861.59,EXACT_MATCH,batch_clean
pay_9EE0890279FA41,order_749F0BF7CFE54B,order_749F0BF7CFE54B,exact,0,0.0,1.0,0,0.0,0.0,2.08,1.0,1,5,0.0014,610.56,610.56,EXACT_MATCH,batch_clean
pay_9CDAC7A7213846,order_00C753159D7E42,order_00C753159D7E42,exact,0,0.0,1.0,0,0.0,0.0,2.21,1.0,1,5,0.0049,20964.29,20964.29,EXACT_MATCH,batch_clean
pay_DB726386073E42,order_B52C874B42584F,order_B52C874B42584F,exact,0,0.0,1.0,0,0.0,0.0,2.29,1.0,1,17,0.0012,2954.91,2954.91,EXACT_MATCH,batch_clean
pay_B82D80AAF7164F,order_43EB41D2758248,order_43EB41D2758248,exact,0,0.0,1.0,0,0.0,0.0,2.08,1.0,1,0,0.032,3952.98,3952.98,EXACT_MATCH,batch_clean
pay_609B196D1C334C,order_F83C0E8FF29646,order_F83C0E8FF29646,exact,0,0.0,1.0,0,0.0,0.0,2.17,1.0,1,0,0.0235,5720.39,5720.39,EXACT_MATCH,batch_clean
pay_4D8A831E64AB4F,order_F40C614FDD0145,order_F40C614FDD0145,exact,0,0.0,1.0,0,0.0,0.0,2.04,1.0,1,18,0.0007,2942.95,2942.95,EXACT_MATCH,batch_clean
pay_305D12781DE04D,order_7A2119419DE341,order_7A2119419DE341,exact,0,0.0,1.0,0,0.0,0.0,2.5,1.0,1,7,0.0028,1291.71,1291.71,EXACT_MATCH,batch_clean
pay_EE69627CBECE48,order_1E2482AE052C4F,order_1E2482AE052C4F,exact,0,0.0,1.0,0,0.0,0.0,2.33,1.0,1,4,0.0083,21816.45,21816.45,EXACT_MATCH,batch_clean
pay_C607347F7D7D45,order_7BB24EDBB0DC4D,order_7BB24EDBB0DC4D,exact,0,0.0,1.0,0,0.0,0.0,6.0,1.0,1,0,0.0438,146978.04,146978.04,DATE_DRIFT,batch_clean
pay_9F12DEF4C7A547,order_92F4C79ED21D40,order_92F4C79ED21D40,exact,0,0.0,1.0,0,0.0,0.0,2.17,1.0,1,7,0.0055,2698.87,2698.87,EXACT_MATCH,batch_clean
pay_D3BB3CD8A18A41,order_54392A2495824C,order_54392A2495824C,exact,0,0.0,1.0,0,0.0,0.0,2.42,1.0,1,0,0.0339,7638.7,7638.7,EXACT_MATCH,batch_clean
pay_B6BBE9E6770147,order_3F3D2AA5EA8942,order_3F3D2AA5EA8942,exact,0,0.0,1.0,0,0.0,0.0,2.17,1.0,1,7,0.002,1037.6,1037.6,EXACT_MATCH,batch_clean
pay_F2394AD4BBF74F,order_3B4B7883669549,order_3B4B7883669549,exact,0,0.0,1.0,0,0.0,0.0,2.5,1.0,1,18,0.0002,2862.17,2862.17,EXACT_MATCH,batch_clean
pay_28AFC7EB5F1F44,order_7C6F606AAA1945,order_7C6F606AAA1945,exact,0,0.0,1.0,0,0.0,0.0,2.12,1.0,1,0,0.0266,9141.76,9141.76,EXACT_MATCH,batch_clean
pay_E37E601ADB1545,order_81437A8468ED43,order_81437A8468ED43,exact,0,0.0,1.0,0,0.0,0.0,2.12,1.0,1,1,0.0085,6658.84,6658.84,EXACT_MATCH,batch_clean
pay_BCC354702A2D4E,order_F8E11E10883F41,order_F8E11E10883F41,exact,0,0.0,1.0,0,0.0,0.0,2.04,1.0,1,17,0.0008,2859.16,2859.16,EXACT_MATCH,batch_clean
pay_A9004302F44844,order_1D4A5D14ABA64E,order_1D4A5D14ABA64E,exact,0,0.0,1.0,0,0.0,0.0,2.29,1.0,1,4,0.0039,1710.79,1710.79,EXACT_MATCH,batch_clean
pay_941758C7ED474D,order_0E55787200AD4D,order_0E55787200AD4D,exact,0,0.0,1.0,0,0.0,0.0,2.46,1.0,1,2,0.0113,4733.0,4733.0,EXACT_MATCH,batch_clean
pay_73A3BB15955D45,order_5F21BEF2707343,order_5F21BEF2707343,exact,0,0.0,1.0,0,0.0,0.0,2.04,1.0,1,2,0.0139,14350.01,14350.01,EXACT_MATCH,batch_clean
pay_BB820A6FA50141,order_AC7A907D86814F,order_AC7A907D86814F,exact,0,0.0,1.0,0,0.0,0.0,2.5,1.0,1,2,0.0081,134.84,134.84,EXACT_MATCH,batch_clean
pay_A2AE9782A52348,order_41DC7E2BE0B144,order_41DC7E2BE0B144,exact,0,0.0,1.0,0,0.0,0.0,2.21,1.0,1,3,0.0023,16874.34,16874.34,EXACT_MATCH,batch_clean
pay_5B2CC3A878544D,order_1A75FC55EC1046,order_1A75FC55EC1046,exact,0,0.0,1.0,0,0.0,0.0,2.08,1.0,1,7,0.0017,17764.73,17764.73,EXACT_MATCH,batch_clean
pay_32B41FD585414F,order_F6BA0861481942,order_F6BA0861481942,exact,0,0.0,1.0,0,0.0,0.0,2.29,1.0,1,1,0.0048,15327.61,15327.61,EXACT_MATCH,batch_clean
pay_A887D1C86C0E45,order_382280D5F73F49,order_382280D5F73F49,exact,0,0.0,1.0,0,0.0,0.0,2.29,1.0,1,2,0.0087,13749.66,13749.66,EXACT_MATCH,batch_clean
pay_887AA5C4193943,order_AB4C0D898EEA49,order_AB4C0D898EEA49,exact,0,0.0,1.0,0,0.0,0.0,2.04,1.0,1,6,0.0004,1925.37,1925.37,EXACT_MATCH,batch_clean
pay_732886A0808942,order_B3757E05D8FF46,order_B3757E05D8FF46,exact,0,0.0,1.0,0,0.0,0.0,2.38,1.0,1,9,0.0023,20370.22,20370.22,EXACT_MATCH,batch_clean
pay_5010D3F9791248,order_08AE079E032646,order_08AE079E032646,exact,0,0.0,1.0,0,0.0,0.0,2.42,1.0,1,0,0.0249,116.71,116.71,EXACT_MATCH,batch_clean
pay_8E9CAA7233924A,order_59A6B28CE62E47,order_59A6B28CE62E47,exact,0,0.0,1.0,0,0.0,0.0,2.21,1.0,1,7,0.002,1039.69,1039.69,EXACT_MATCH,batch_clean
pay_511100A6ED8C47,order_0C50EE264B0943,order_0C50EE264B0943,exact,0,0.0,1.0,0,0.0,0.0,2.08,1.0,1,6,0.0014,19188.42,19188.42,EXACT_MATCH,batch_clean
pay_8E5217DCCB734D,order_CE44B82934BF4B,order_CE44B82934BF4B,exact,0,0.0,1.0,0,0.0,0.0,2.21,1.0,1,5,0.0016,834.96,834.96,EXACT_MATCH,batch_clean
pay_AAFA078E888949,order_15530599B4F74A,order_15530599B4F74A,exact,0,0.0,1.0,0,0.0,0.0,10.0,1.0,1,20,0.0006,2935.44,2935.44,DATE_DRIFT,batch_clean
pay_BCF71015725343,order_ECB917CA741545,order_ECB917CA741545,exact,0,0.0,1.0,0,0.0,0.0,2.08,1.0,1,6,0.0004,1926.06,1926.06,EXACT_MATCH,batch_clean
pay_59203802521847,order_926CE989273046,order_926CE989273046,exact,0,0.0,1.0,0,0.0,0.0,2.21,1.0,1,3,0.0007,649.59,649.59,EXACT_MATCH,batch_clean
pay_822DA54A02664A,order_D3E775816D154A,order_D3E775816D154A,exact,0,0.0,1.0,0,0.0,0.0,2.5,1.0,1,6,0.0014,19215.32,19215.32,EXACT_MATCH,batch_clean
pay_44A303D1502345,order_7CA3286AA16C41,order_7CA3286AA16C41,exact,0,0.0,1.0,0,0.0,0.0,2.46,1.0,1,4,0.0033,1812.41,1812.41,EXACT_MATCH,batch_clean
pay_9E66FE83C1BB48,order_380115A9B9434D,order_380115A9B9434D,exact,0,0.0,1.0,0,0.0,0.0,2.21,1.0,1,16,0.0009,2076.99,2076.99,EXACT_MATCH,batch_clean
pay_602ABD928E5343,order_92B8567102094A,order_92B8567102094A,exact,0,0.0,1.0,0,0.0,0.0,2.17,1.0,1,10,0.0,2761.29,2761.29,EXACT_MATCH,batch_clean
pay_120FD91E721F49,order_C78F69AC792746,order_C78F69AC792746,exact,0,0.0,1.0,0,0.0,0.0,2.5,1.0,1,7,0.0047,1487.09,1487.09,EXACT_MATCH,batch_clean
pay_E094676E37A84A,order_4CE9B24B02FE47,order_4CE9B24B02FE47,exact,0,0.0,1.0,0,0.0,0.0,2.21,1.0,1,12,0.0032,2817.73,2817.73,EXACT_MATCH,batch_clean
pay_794B6012662740,order_37D68891D7B84D,order_37D68891D7B84D,exact,0,0.0,1.0,0,0.0,0.0,2.04,1.0,1,16,0.0011,2116.91,2116.91,EXACT_MATCH,batch_clean
pay_B3CE81D598A34F,order_8B5EAAA5D9F542,order_8B5EAAA5D9F542,exact,0,0.0,1.0,0,0.0,0.0,2.17,1.0,1,2,0.0033,466.78,466.78,EXACT_MATCH,batch_clean
pay_5161B99A9A8745,order_85619ADE11F34B,order_85619ADE11F34B,exact,0,0.0,1.0,0,0.0,0.0,2.42,1.0,1,5,0.002,827.67,827.67,EXACT_MATCH,batch_clean
pay_713F9D57A38E43,order_3329B049EB7C4A,order_3329B049EB7C4A,exact,0,0.0,1.0,0,0.0,0.0,2.25,1.0,1,1,0.0072,388.91,388.91,EXACT_MATCH,batch_clean
pay_D5BA1475CF3447,order_07042BA8351043,order_07042BA8351043,exact,0,0.0,1.0,0,0.0,0.0,2.17,1.0,1,2,0.0158,1226.77,1226.77,EXACT_MATCH,batch_clean
pay_5FC5CD144E9946,order_13FBEDD0DBB743,order_13FBEDD0DBB743,exact,0,0.0,1.0,0,0.0,0.0,2.5,1.0,1,3,0.0156,1246.51,1246.51,EXACT_MATCH,batch_clean
pay_0E96F1AC0AF743,order_E83ED234575249,order_E83ED234575249,exact,0,0.0,1.0,0,0.0,0.0,2.17,1.0,1,5,0.0016,833.61,833.61,EXACT_MATCH,batch_clean
pay_A2F470928BC742,order_D8730E36E90247,order_D8730E36E90247,exact,0,0.0,1.0,0,0.0,0.0,2.46,1.0,1,8,0.0009,2027.3,2027.3,EXACT_MATCH,batch_clean
pay_C3FB625BF8C741,order_77E3EB8E5F914C,order_77E3EB8E5F914C,exact,0,0.0,1.0,0,0.0,0.0,2.33,1.0,1,0,0.0565,3543.53,3543.53,EXACT_MATCH,batch_clean
pay_EAC83C5AA6BD4C,order_ADE87654389147,order_ADE87654389147,exact,0,0.0,1.0,0,0.0,0.0,2.0,1.0,1,6,0.0039,1203.52,1203.52,EXACT_MATCH,batch_clean
pay_2FE81355E0FF43,order_CE1182EACAB942,order_CE1182EACAB942,exact,0,0.0,1.0,0,0.0,0.0,2.25,1.0,1,6,0.0037,970.19,970.19,EXACT_MATCH,batch_clean
pay_28D4CCA4CC6248,order_F4ED3C3597DD44,order_F4ED3C3597DD44,exact,0,0.0,1.0,0,0.0,0.0,2.17,1.0,1,14,0.0005,2280.37,2280.37,EXACT_MATCH,batch_clean
pay_23E576D787A945,order_300B29E738E341,order_300B29E738E341,exact,0,0.0,1.0,0,0.0,0.0,2.33,1.0,1,3,0.0096,619.38,619.38,EXACT_MATCH,batch_clean
pay_99B378910EC041,order_01D37B17DBC14D,order_01D37B17DBC14D,exact,0,0.0,1.0,0,0.0,0.0,2.29,1.0,1,4,0.0006,712.03,712.03,EXACT_MATCH,batch_clean
pay_33254275EB464A,order_B001638C6AAC4A,order_B001638C6AAC4A,exact,0,0.0,1.0,0,-139.23,0.144,2.12,1.0,1,6,0.0003,827.39,966.62,AMOUNT_MISMATCH,batch_clean
pay_63C0AD44BD064B,order_DDB1260FA31442,order_DDB1260FA31442,exact,0,0.0,1.0,0,0.0,0.0,2.21,1.0,1,2,0.0053,877.89,877.89,EXACT_MATCH,batch_clean
pay_FAB0F5EE1FC04C,order_BB5BC0FE7B9E4A,order_BB5BC0FE7B9E4A,exact,0,0.0,1.0,0,0.0,0.0,2.29,1.0,1,19,0.0019,2918.9,2918.9,EXACT_MATCH,batch_clean
pay_C1AE59C29CDB42,order_231FEBA431C742,order_231FEBA431C742,exact,0,0.0,1.0,0,0.0,0.0,2.12,1.0,1,10,0.0,2761.34,2761.34,EXACT_MATCH,batch_clean
pay_56F81747C79249,order_90A82471E8034E,order_90A82471E8034E,exact,0,0.0,1.0,0,-93.58,0.0447,2.17,1.0,1,12,0.0014,1999.95,2093.53,AMOUNT_MISMATCH,batch_clean
pay_2CEE75D36FDC44,order_1B4EE4BFB4CE40,order_1B4EE4BFB4CE40,exact,0,0.0,1.0,0,0.0,0.0,2.5,1.0,1,9,0.0004,1965.45,1965.45,EXACT_MATCH,batch_clean
pay_F4CC1CB2CE0C4A,order_E3A6A06237C240,order_E3A6A06237C240,exact,0,0.0,1.0,0,0.0,0.0,2.0,1.0,1,7,0.0045,1545.6,1545.6,EXACT_MATCH,batch_clean
pay_E804F7B1121C45,order_28E3C6B218A348,order_28E3C6B218A348,exact,0,0.0,1.0,0,0.0,0.0,10.0,1.0,1,7,0.0031,1585.19,1585.19,DATE_DRIFT,batch_clean
pay_90B9B418E0814D,order_DF15F0E43A0743,order_DF15F0E43A0743,exact,0,0.0,1.0,0,0.0,0.0,2.5,1.0,1,3,0.0059,1749.63,1749.63,EXACT_MATCH,batch_clean
pay_7E60EAF10F1D47,order_B056622CD6E44C,order_B056622CD6E44C,exact,0,0.0,1.0,0,104.29,0.2227,2.5,1.0,1,3,0.0041,572.6,468.31,AMOUNT_MISMATCH,batch_clean
pay_85EDD0530E0743,order_29FE1C29E26546,order_29FE1C29E26546,exact,0,0.0,1.0,0,0.0,0.0,2.46,1.0,1,3,0.0027,562.18,562.18,EXACT_MATCH,batch_clean
pay_825C7F176D464F,order_DD13E92F21B04F,order_DD13E92F21B04F,exact,0,0.0,1.0,0,0.0,0.0,2.5,1.0,1,6,0.0075,19407.71,19407.71,EXACT_MATCH,batch_clean
pay_4163D80145D049,order_931D0608E5244B,order_931D0608E5244B,exact,0,0.0,1.0,0,0.0,0.0,2.38,1.0,1,2,0.0066,10542.66,10542.66,EXACT_MATCH,batch_clean
pay_82A450D6FEF640,order_F5EC424F54294A,order_F5EC424F54294A,exact,0,0.0,1.0,0,0.0,0.0,2.42,1.0,1,0,0.0268,182867.71,182867.71,EXACT_MATCH,batch_clean
pay_9463034DF8EE4C,order_44C5FDC8F6444E,order_44C5FDC8F6444E,exact,0,0.0,1.0,0,0.0,0.0,2.21,1.0,1,2,0.017,1077.3,1077.3,EXACT_MATCH,batch_clean
pay_24222A1CAE7B45,order_5AA4711C7D3E4E,order_5AA4711C7D3E4E,exact,0,0.0,1.0,0,0.0,0.0,2.46,1.0,1,6,0.0042,17247.91,17247.91,EXACT_MATCH,batch_clean
pay_7B68B526138545,order_CFA5C62C0BAF47,order_CFA5C62C0BAF47,exact,0,0.0,1.0,0,0.0,0.0,2.46,1.0,1,10,0.0009,2783.17,2783.17,EXACT_MATCH,batch_clean
pay_F6A0B2CEAE2048,order_BCBD9B058C174D,order_BCBD9B058C174D,exact,0,0.0,1.0,0,0.0,0.0,2.0,1.0,1,4,0.0032,2556.1,2556.1,EXACT_MATCH,batch_clean
pay_400E382921AF45,order_83C1F473316A47,order_83C1F473316A47,exact,0,0.0,1.0,0,0.0,0.0,14.0,1.0,1,4,0.0001,21494.05,21494.05,DATE_DRIFT,batch_clean
pay_625437061EB844,order_263E9B77D2DC48,order_263E9B77D2DC48,exact,0,0.0,1.0,0,0.0,0.0,2.5,1.0,1,8,0.0017,1367.46,1367.46,EXACT_MATCH,batch_clean
pay_B6F25AE669544E,order_3F390045947C44,order_3F390045947C44,exact,0,0.0,1.0,0,0.0,0.0,2.5,1.0,1,1,0.001,4565.95,4565.95,EXACT_MATCH,batch_clean
pay_9B17127EC4A141,order_AB419AC5FE774A,order_AB419AC5FE774A,exact,0,0.0,1.0,0,0.0,0.0,2.08,1.0,1,1,0.0199,3830.44,3830.44,EXACT_MATCH,batch_clean
pay_895E0263F7E94A,order_54E053A98DE34B,order_54E053A98DE34B,exact,0,0.0,1.0,0,0.0,0.0,2.38,1.0,1,12,0.0007,2125.39,2125.39,EXACT_MATCH,batch_clean
pay_DFEBD368316E46,order_2E9089EA95CF44,order_2E9089EA95CF44,exact,0,0.0,1.0,0,0.0,0.0,2.21,1.0,1,0,0.0373,72203.64,72203.64,EXACT_MATCH,batch_clean
pay_FF6879081BC946,order_32256E1A44AA42,order_32256E1A44AA42,exact,0,0.0,1.0,0,0.0,0.0,2.29,1.0,1,8,0.0005,1316.73,1316.73,EXACT_MATCH,batch_clean
pay_13E97F36D67144,order_6CC63E8F529A4F,order_6CC63E8F529A4F,exact,0,0.0,1.0,0,0.0,0.0,2.08,1.0,1,24,0.0003,2896.25,2896.25,EXACT_MATCH,batch_clean
pay_3086AE356A7E4C,order_6108362E07CD4E,order_6108362E07CD4E,exact,0,0.0,1.0,0,0.0,0.0,2.46,1.0,1,2,0.0052,632.27,632.27,EXACT_MATCH,batch_clean
pay_606447936F094F,order_9EB06CAA8FFD4E,order_9EB06CAA8FFD4E,exact,0,0.0,1.0,0,0.0,0.0,2.08,1.0,1,10,0.003,2740.29,2740.29,EXACT_MATCH,batch_clean
pay_D7C794BB28F346,order_21BA8A2C9B064E,order_21BA8A2C9B064E,exact,0,0.0,1.0,0,0.0,0.0,2.29,1.0,1,3,0.0057,13870.57,13870.57,EXACT_MATCH,batch_clean
pay_75D5751A4C7B4C,order_2198AD73B8C543,order_2198AD73B8C543,exact,0,0.0,1.0,0,0.0,0.0,2.46,1.0,1,1,0.001,155315.57,155315.57,EXACT_MATCH,batch_clean
pay_A192B8448B3541,order_A0C9BE4E1CF841,order_A0C9BE4E1CF841,exact,0,0.0,1.0,0,0.0,0.0,2.42,1.0,1,4,0.0075,19554.17,19554.17,EXACT_MATCH,batch_clean
pay_11A0E74403A341,order_715652D053DE4A,order_715652D053DE4A,exact,0,0.0,1.0,0,0.0,0.0,2.08,1.0,1,5,0.0076,925.7,925.7,EXACT_MATCH,batch_clean
pay_F6078B52A25642,order_A0B77903A35742,order_A0B77903A35742,exact,0,0.0,1.0,0,0.0,0.0,2.04,1.0,1,3,0.0015,16835.97,16835.97,EXACT_MATCH,batch_clean
pay_CEE9081301FE49,order_9029E6D92F2F42,order_9029E6D92F2F42,exact,0,0.0,1.0,0,0.0,0.0,2.46,1.0,1,6,0.0065,842.23,842.23,EXACT_MATCH,batch_clean
pay_8B0282C519BB44,order_D4AB0F8EC14647,order_D4AB0F8EC14647,exact,0,0.0,1.0,0,0.0,0.0,2.04,1.0,1,7,0.0035,1034.02,1034.02,EXACT_MATCH,batch_clean
pay_4E35363208804B,order_676D79656D4D49,order_676D79656D4D49,exact,0,0.0,1.0,0,0.0,0.0,2.21,1.0,1,6,0.0004,2438.71,2438.71,EXACT_MATCH,batch_clean
pay_B9F4E7E851424A,order_EC9E51CE044A40,order_EC9E51CE044A40,exact,0,0.0,1.0,0,0.0,0.0,2.17,1.0,1,7,0.0045,1044.36,1044.36,EXACT_MATCH,batch_clean
pay_4192020E0BA940,order_183144286BF442,order_183144286BF442,exact,0,0.0,1.0,0,0.0,0.0,2.38,1.0,1,7,0.0059,1895.21,1895.21,EXACT_MATCH,batch_clean
pay_205EAD68849344,order_8230BDD2C32247,order_8230BDD2C32247,exact,0,0.0,1.0,0,0.0,0.0,2.0,1.0,1,5,0.0048,613.52,613.52,EXACT_MATCH,batch_clean
pay_DC8DA0779BA54A,order_7196A8C5BF5844,order_7196A8C5BF5844,exact,0,0.0,1.0,0,0.0,0.0,2.04,1.0,1,4,0.0005,23544.03,23544.03,EXACT_MATCH,batch_clean
pay_274324A41E244F,order_DADA571C271243,order_DADA571C271243,exact,0,0.0,1.0,0,0.0,0.0,2.21,1.0,1,16,0.0004,2082.54,2082.54,EXACT_MATCH,batch_clean
pay_8E159441735E48,order_E17007FAC1DB47,order_E17007FAC1DB47,exact,0,0.0,1.0,0,0.0,0.0,2.04,1.0,1,5,0.007,18787.77,18787.77,EXACT_MATCH,batch_clean
pay_B21A4135B1524C,order_61A68BFF74FF4A,order_61A68BFF74FF4A,exact,0,0.0,1.0,0,0.0,0.0,2.12,1.0,1,11,0.0004,2982.17,2982.17,EXACT_MATCH,batch_clean
pay_8386B98DBE5745,order_96F386DCCC1B40,order_96F386DCCC1B40,exact,0,0.0,1.0,0,0.0,0.0,2.04,1.0,1,0,0.0388,502.01,502.01,EXACT_MATCH,batch_clean
pay_DBC0480F5C3847,order_D9DAD429A8604D,order_D9DAD429A8604D,exact,0,0.0,1.0,0,0.0,0.0,2.04,1.0,1,1,0.0053,873.24,873.24,EXACT_MATCH,batch_clean
pay_CF3AD0DB91674D,order_265F9EC258274E,order_265F9EC258274E,exact,0,0.0,1.0,0,0.0,0.0,2.17,1.0,1,5,0.0022,836.81,836.81,EXACT_MATCH,batch_clean
pay_3B3A5E54A8BB44,order_9C9259E2BECD45,order_9C9259E2BECD45,exact,0,0.0,1.0,0,0.0,0.0,2.25,1.0,1,14,0.0006,2248.57,2248.57,EXACT_MATCH,batch_clean
pay_ADE33642FCFB40,order_86A354D4AC2443,order_86A354D4AC2443,exact,0,0.0,1.0,0,0.0,0.0,2.38,1.0,1,3,0.0011,805.64,805.64,EXACT_MATCH,batch_clean
pay_137E23BE86C243,order_AB2803E4F20A4E,order_AB2803E4F20A4E,exact,0,0.0,1.0,0,0.0,0.0,2.38,1.0,1,5,0.0031,18023.22,18023.22,EXACT_MATCH,batch_clean
pay_12E6CAD6D1914F,order_A31C52606FAB4B,order_A31C52606FAB4B,exact,0,0.0,1.0,0,0.0,0.0,2.08,1.0,1,4,0.0029,604.43,604.43,EXACT_MATCH,batch_clean
pay_3B3E3FCBDFC44C,order_50E4FA392A7246,order_50E4FA392A7246,exact,0,0.0,1.0,0,0.0,0.0,2.38,1.0,1,3,0.0005,1697.67,1697.67,EXACT_MATCH,batch_clean
pay_042964C438ED48,order_99B15D8022C341,order_99B15D8022C341,exact,0,0.0,1.0,0,0.0,0.0,2.29,1.0,1,3,0.0053,11807.58,11807.58,EXACT_MATCH,batch_clean
pay_A33F75048D8A46,order_364C4BB25F4F4D,order_364C4BB25F4F4D,exact,0,0.0,1.0,0,0.0,0.0,13.0,1.0,1,3,0.0109,14102.01,14102.01,DATE_DRIFT,batch_clean
pay_81436DA4A4124C,order_BCF882C04F2045,order_BCF882C04F2045,exact,0,0.0,1.0,0,0.0,0.0,2.42,1.0,1,1,0.0012,221.83,221.83,EXACT_MATCH,batch_clean
pay_B80784B2CF9248,order_AEBF9734E62E4D,order_AEBF9734E62E4D,exact,0,0.0,1.0,0,0.0,0.0,2.33,1.0,1,5,0.0104,642.21,642.21,EXACT_MATCH,batch_clean
pay_78285D2AB7CB43,order_D7373BCB1B7E4F,order_D7373BCB1B7E4F,exact,0,0.0,1.0,0,0.0,0.0,2.17,1.0,1,10,0.003,2772.25,2772.25,EXACT_MATCH,batch_clean
pay_694FD37DF26346,order_1F9E91D00B4C43,order_1F9E91D00B4C43,exact,0,0.0,1.0,0,0.0,0.0,2.12,1.0,1,13,0.0015,2269.02,2269.02,EXACT_MATCH,batch_clean
pay_2135184D87C04C,order_85B3BE77EEC242,order_85B3BE77EEC242,exact,0,0.0,1.0,0,0.0,0.0,2.12,1.0,1,21,0.0006,2907.16,2907.16,EXACT_MATCH,batch_clean
pay_0B800792517D42,order_DF426D6495CC48,order_DF426D6495CC48,exact,0,0.0,1.0,0,0.0,0.0,2.25,1.0,1,23,0.0002,2905.51,2905.51,EXACT_MATCH,batch_clean
pay_0AEFFAC2B0B440,order_7BDFB921DDA841,order_7BDFB921DDA841,exact,0,0.0,1.0,0,0.0,0.0,2.33,1.0,1,7,0.002,1266.27,1266.27,EXACT_MATCH,batch_clean
pay_DB9884C9DE6B4D,order_8907A8CB5F9E49,order_8907A8CB5F9E49,exact,0,0.0,1.0,0,0.0,0.0,2.12,1.0,1,1,0.013,111246.19,111246.19,EXACT_MATCH,batch_clean
pay_CBD7DF5BC84346,order_E179A677B0814F,order_E179A677B0814F,exact,0,0.0,1.0,0,0.0,0.0,2.21,1.0,1,5,0.0049,706.36,706.36,EXACT_MATCH,batch_clean
pay_08B02A8E3ABA4C,order_B95A9C65A3A646,order_B95A9C65A3A646,exact,1,0.0,1.0,0,0.0,0.0,2.25,1.0,1,6,0.0003,19054.1,19054.1,DUPLICATE,batch_clean
pay_BB246C55181B45,order_40E466FD594D40,order_40E466FD594D40,exact,0,0.0,1.0,0,0.0,0.0,2.0,1.0,1,0,0.0244,75449.99,75449.99,EXACT_MATCH,batch_clean
pay_E714DDADAA8845,order_997B470C037740,order_997B470C037740,exact,0,0.0,1.0,0,0.0,0.0,2.17,1.0,1,7,0.0011,1326.44,1326.44,EXACT_MATCH,batch_clean
pay_892BD32802214B,order_F088C01E430D44,order_F088C01E430D44,exact,0,0.0,1.0,0,0.0,0.0,2.04,1.0,1,0,0.0261,178089.69,178089.69,EXACT_MATCH,batch_clean
pay_954F0DC1BE9F48,order_EF5A94C32A9045,order_EF5A94C32A9045,exact,0,0.0,1.0,0,0.0,0.0,2.46,1.0,1,1,0.0182,86866.57,86866.57,EXACT_MATCH,batch_clean
pay_467A0465B30444,order_A68D13217F084B,order_A68D13217F084B,exact,0,0.0,1.0,0,0.0,0.0,2.12,1.0,1,11,0.0064,1341.09,1341.09,EXACT_MATCH,batch_clean
pay_4F9716C96EC74F,order_4B632E51EDB240,order_4B632E51EDB240,exact,0,0.0,1.0,0,0.0,0.0,2.46,1.0,1,0,0.0295,22740.32,22740.32,EXACT_MATCH,batch_clean
pay_1F06BA9821EA43,order_F50DBC70515D49,order_F50DBC70515D49,exact,0,0.0,1.0,0,0.0,0.0,2.17,1.0,1,23,0.0002,2904.79,2904.79,EXACT_MATCH,batch_clean
pay_5130295573764C,order_8C9CDD30AC5B44,order_8C9CDD30AC5B44,exact,0,0.0,1.0,0,0.0,0.0,2.08,1.0,1,15,0.0004,2245.24,2245.24,EXACT_MATCH,batch_clean
pay_A172FA89EE8D4F,order_729B1EB0560249,order_729B1EB0560249,exact,0,0.0,1.0,0,0.0,0.0,2.04,1.0,1,6,0.0023,2378.91,2378.91,EXACT_MATCH,batch_clean
pay_39ED01061A064C,order_7AEA58C26DED41,order_7AEA58C26DED41,exact,0,0.0,1.0,0,0.0,0.0,2.17,1.0,1,0,0.0259,8904.7,8904.7,EXACT_MATCH,batch_clean
pay_7995AA6481714C,order_CF30041B6FBE47,order_CF30041B6FBE47,exact,0,0.0,1.0,0,0.0,0.0,2.08,1.0,1,1,0.0142,854.18,854.18,EXACT_MATCH,batch_clean
pay_149B467FE87B42,order_95FE7E0D5CEB4F,order_95FE7E0D5CEB4F,exact,0,0.0,1.0,0,0.0,0.0,2.25,1.0,1,11,0.0073,1997.18,1997.18,EXACT_MATCH,batch_clean
pay_E0523CFD014E43,order_C1CA3A42EA674A,order_C1CA3A42EA674A,exact,0,0.0,1.0,0,0.0,0.0,2.04,1.0,1,0,0.0201,200245.71,200245.71,EXACT_MATCH,batch_clean
pay_C277058101FF43,order_A87C5A7169CB40,order_A87C5A7169CB40,exact,0,0.0,1.0,0,0.0,0.0,2.0,1.0,1,8,0.0068,2586.19,2586.19,EXACT_MATCH,batch_clean
pay_0D2211D25AE645,order_69A656CDFC774E,order_69A656CDFC774E,exact,0,0.0,1.0,0,0.0,0.0,2.46,1.0,1,10,0.0,2761.26,2761.26,EXACT_MATCH,batch_clean
pay_A9DC3509CD5048,order_0734C59913C042,order_0734C59913C042,exact,0,0.0,1.0,0,0.0,0.0,2.46,1.0,1,2,0.0078,478.61,478.61,EXACT_MATCH,batch_clean
pay_F443C255619249,order_C3BA2814788C4C,order_C3BA2814788C4C,exact,0,0.0,1.0,0,0.0,0.0,11.0,1.0,1,14,0.0022,2050.13,2050.13,DATE_DRIFT,batch_clean
pay_06F0DF46C1AE44,order_17C50FD9E5CD40,order_17C50FD9E5CD40,exact,0,0.0,1.0,0,0.0,0.0,2.33,1.0,1,11,0.0016,2311.94,2311.94,EXACT_MATCH,batch_clean
pay_12D8444ADC9742,order_3D6FD809542442,order_3D6FD809542442,exact,0,0.0,1.0,0,0.0,0.0,2.38,1.0,1,2,0.0052,635.58,635.58,EXACT_MATCH,batch_clean
pay_2825006CB92748,order_E155879EA46A49,order_E155879EA46A49,exact,0,0.0,1.0,0,0.0,0.0,2.42,1.0,1,1,0.0048,422.43,422.43,EXACT_MATCH,batch_clean
pay_0DBF7336F1E543,order_072512AC683D4A,order_072512AC683D4A,exact,0,0.0,1.0,0,0.0,0.0,2.38,1.0,1,0,0.0476,4141.32,4141.32,EXACT_MATCH,batch_clean
pay_36DFEACACAB140,order_A3477B63302B4F,order_A3477B63302B4F,exact,0,0.0,1.0,0,0.0,0.0,2.08,1.0,1,2,0.005,12800.62,12800.62,EXACT_MATCH,batch_clean
pay_A8A9DC6D14A24E,order_194F6F40C92241,order_194F6F40C92241,exact,0,0.0,1.0,0,0.0,0.0,2.38,1.0,1,11,0.001,2202.14,2202.14,EXACT_MATCH,batch_clean
pay_EB6F497BF5AD4A,order_92290C238E0149,order_92290C238E0149,exact,0,0.0,1.0,0,0.0,0.0,2.17,1.0,1,3,0.0058,570.26,570.26,EXACT_MATCH,batch_clean
pay_65D81AA8662A40,order_6E1FD63AA9944D,order_6E1FD63AA9944D,exact,0,0.0,1.0,0,0.0,0.0,2.42,1.0,1,6,0.0047,977.99,977.99,EXACT_MATCH,batch_clean
pay_EC8CB7388C6749,order_C949E5E7B7764A,order_C949E5E7B7764A,exact,0,0.0,1.0,0,0.0,0.0,2.04,1.0,1,2,0.0063,160607.68,160607.68,EXACT_MATCH,batch_clean
pay_E623FB1AA5054C,order_37BE5ACFC5E046,order_37BE5ACFC5E046,exact,0,0.0,1.0,0,0.0,0.0,2.21,1.0,1,16,0.0016,2054.64,2054.64,EXACT_MATCH,batch_clean
pay_61ED12B9B36E48,order_B98911F607B34B,order_B98911F607B34B,exact,0,0.0,1.0,0,0.0,0.0,9.0,1.0,1,12,0.001,2204.37,2204.37,DATE_DRIFT,batch_clean
pay_41DD2CB961154B,order_1539012A0D9744,order_1539012A0D9744,exact,0,0.0,1.0,0,0.0,0.0,2.17,1.0,1,8,0.0015,20473.49,20473.49,EXACT_MATCH,batch_clean
pay_FDD187FA438D4C,order_79E89D6CDD9948,order_79E89D6CDD9948,exact,0,0.0,1.0,0,0.0,0.0,2.12,1.0,1,8,0.0006,17463.23,17463.23,EXACT_MATCH,batch_clean
pay_879A5C0FC91F42,order_87706FDD01974D,order_87706FDD01974D,exact,0,0.0,1.0,0,0.0,0.0,2.38,1.0,1,4,0.0029,606.19,606.19,EXACT_MATCH,batch_clean
pay_771AD5A57F2C41,order_21D500ED89424C,order_21D500ED89424C,exact,0,0.0,1.0,0,0.0,0.0,2.17,1.0,1,1,0.019,16490.76,16490.76,EXACT_MATCH,batch_clean
pay_B7B0224D433E4D,order_F67542025F664D,order_F67542025F664D,exact,0,0.0,1.0,0,0.0,0.0,2.33,1.0,1,12,0.0039,2292.91,2292.91,EXACT_MATCH,batch_clean
pay_F08E42DF4E644E,order_B293A1D0AB8946,order_B293A1D0AB8946,exact,0,0.0,1.0,0,0.0,0.0,2.38,1.0,1,1,0.0093,13351.8,13351.8,EXACT_MATCH,batch_clean
pay_8AE1235B6FD541,order_41E271CD116F42,order_41E271CD116F42,exact,0,0.0,1.0,0,0.0,0.0,2.08,1.0,1,4,0.0056,671.88,671.88,EXACT_MATCH,batch_clean
pay_505ED9F09EC84E,order_FF57AC43827840,order_FF57AC43827840,exact,0,0.0,1.0,0,0.0,0.0,2.04,1.0,1,0,0.0447,82985.84,82985.84,EXACT_MATCH,batch_clean
pay_A4EE8E28BCA542,order_826C8F0DC89542,order_826C8F0DC89542,exact,0,0.0,1.0,0,0.0,0.0,2.21,1.0,1,3,0.0162,792.59,792.59,EXACT_MATCH,batch_clean
pay_A36209C5E8FF44,order_4CDE1FCD4C384E,order_4CDE1FCD4C384E,exact,0,0.0,1.0,0,0.0,0.0,2.08,1.0,1,2,0.0047,176.76,176.76,EXACT_MATCH,batch_clean
pay_0AEFD17F4B1A45,order_2D11481DD6AB4E,order_2D11481DD6AB4E,exact,0,0.0,1.0,0,0.0,0.0,2.08,1.0,1,8,0.0002,20609.91,20609.91,EXACT_MATCH,batch_clean
pay_5386D3A26A6D45,order_4FCB42DE59314F,order_4FCB42DE59314F,exact,0,0.0,1.0,0,0.0,0.0,2.17,1.0,1,2,0.007,586.65,586.65,EXACT_MATCH,batch_clean
pay_840ACDE38F634B,order_A506B2DE3E4A4D,order_A506B2DE3E4A4D,exact,0,0.0,1.0,0,0.0,0.0,2.25,1.0,1,9,0.0034,2020.37,2020.37,EXACT_MATCH,batch_clean
pay_EBC90A7BEACF46,order_98BCFA7480FF43,order_98BCFA7480FF43,exact,0,0.0,1.0,0,0.0,0.0,2.29,1.0,1,6,0.0004,2437.82,2437.82,EXACT_MATCH,batch_clean
pay_0AF59B49151248,order_0C4134B3B71947,order_0C4134B3B71947,exact,0,0.0,1.0,0,0.0,0.0,2.42,1.0,1,3,0.0037,344.91,344.91,EXACT_MATCH,batch_clean
pay_324B308CC4C24C,order_2DEFF080CD344D,order_2DEFF080CD344D,exact,0,0.0,1.0,0,0.0,0.0,2.46,1.0,1,8,0.0039,18105.45,18105.45,EXACT_MATCH,batch_clean
pay_383E6681D9554A,order_B928F13E9E4241,order_B928F13E9E4241,exact,0,0.0,1.0,0,0.0,0.0,2.46,1.0,1,6,0.0027,1272.21,1272.21,EXACT_MATCH,batch_clean
pay_D951843A27C04A,order_E80E7C0EA93444,order_E80E7C0EA93444,exact,0,0.0,1.0,0,0.0,0.0,2.5,1.0,1,5,0.0039,1717.45,1717.45,EXACT_MATCH,batch_clean
pay_7461938B08244D,order_72B4EB7D9D7E4C,order_72B4EB7D9D7E4C,exact,0,0.0,1.0,0,0.0,0.0,2.25,1.0,1,8,0.0007,20775.84,20775.84,EXACT_MATCH,batch_clean
pay_837A097102CE4A,order_792DAE7962FB4C,order_792DAE7962FB4C,exact,0,0.0,1.0,0,0.0,0.0,2.08,1.0,1,2,0.0082,132.65,132.65,EXACT_MATCH,batch_clean
pay_0437CDF0473741,order_AA25738989AB46,order_AA25738989AB46,exact,0,0.0,1.0,0,102.75,0.1892,2.42,1.0,1,5,0.0056,645.82,543.07,AMOUNT_MISMATCH,batch_clean
pay_C54E3F95D27C4C,order_0B4053BB6EF34F,order_0B4053BB6EF34F,exact,0,0.0,1.0,0,0.0,0.0,2.46,1.0,1,1,0.003,7220.73,7220.73,EXACT_MATCH,batch_clean
pay_D3FE7193584642,order_C5EAEC2CED6B4B,order_C5EAEC2CED6B4B,exact,0,0.0,1.0,0,0.0,0.0,2.5,1.0,1,7,0.0038,961.23,961.23,EXACT_MATCH,batch_clean
pay_625A611DA07C46,order_B768DB440C5E4D,order_B768DB440C5E4D,exact,0,0.0,1.0,0,0.0,0.0,2.12,1.0,1,8,0.0036,1362.48,1362.48,EXACT_MATCH,batch_clean
pay_330C45A827A94A,order_6C5F3C8024884F,order_6C5F3C8024884F,exact,0,0.0,1.0,0,0.0,0.0,2.17,1.0,1,6,0.0005,2679.17,2679.17,EXACT_MATCH,batch_clean
pay_71C68385EB9F4D,order_0535C59242684F,order_0535C59242684F,exact,0,0.0,1.0,0,0.0,0.0,2.33,1.0,1,1,0.0008,5489.77,5489.77,EXACT_MATCH,batch_clean
pay_3067B1B4817F46,order_B5A321B6E7EF40,order_B5A321B6E7EF40,exact,0,0.0,1.0,0,0.0,0.0,2.5,1.0,1,1,0.0054,5281.69,5281.69,EXACT_MATCH,batch_clean
pay_C61A1CE55BD44E,order_F2CD912C916141,order_F2CD912C916141,exact,0,0.0,1.0,0,0.0,0.0,2.25,1.0,1,7,0.0075,1382.26,1382.26,EXACT_MATCH,batch_clean
pay_0DF22E40BA394E,order_963DD864F33A44,order_963DD864F33A44,exact,0,0.0,1.0,0,0.0,0.0,2.08,1.0,1,0,0.0378,126585.23,126585.23,EXACT_MATCH,batch_clean
pay_BBFFED8B32B940,order_4509A45AA2244A,order_4509A45AA2244A,exact,0,0.0,1.0,0,0.0,0.0,2.25,1.0,1,0,0.035,220143.04,220143.04,EXACT_MATCH,batch_clean
pay_63467BFA911644,order_2848CE2150B84C,order_2848CE2150B84C,exact,0,0.0,1.0,0,0.0,0.0,2.38,1.0,1,0,0.0212,5857.96,5857.96,EXACT_MATCH,batch_clean
pay_917E8CF719A641,order_09A8D516AB684D,order_09A8D516AB684D,exact,0,0.0,1.0,0,0.0,0.0,2.29,1.0,1,0,0.0254,9742.89,9742.89,EXACT_MATCH,batch_clean
pay_B845447C41B14A,order_5459CC2F1E3A4F,order_5459CC2F1E3A4F,exact,0,0.0,1.0,0,0.0,0.0,2.0,1.0,1,1,0.0187,41423.16,41423.16,EXACT_MATCH,batch_clean
pay_7907DCC2AAFC4E,order_9DE0CC662A9742,order_9DE0CC662A9742,exact,0,0.0,1.0,0,0.0,0.0,2.0,1.0,1,15,0.0012,2241.51,2241.51,EXACT_MATCH,batch_clean
pay_21A3887C1A8042,order_95AA51A8423540,order_95AA51A8423540,exact,0,0.0,1.0,0,0.0,0.0,2.38,1.0,1,4,0.0001,21496.93,21496.93,EXACT_MATCH,batch_clean
pay_27B73275C0AF41,order_67DCEE07C07241,order_67DCEE07C07241,exact,0,0.0,1.0,0,0.0,0.0,2.0,1.0,1,9,0.0017,2347.66,2347.66,EXACT_MATCH,batch_clean
pay_74E52C01462445,order_11E4661194AC4B,order_11E4661194AC4B,exact,0,0.0,1.0,0,0.0,0.0,2.42,1.0,1,0,0.0225,212704.69,212704.69,EXACT_MATCH,batch_clean
pay_642AC2BD211142,order_B745E4DB3B6D44,order_B745E4DB3B6D44,exact,0,0.0,1.0,0,0.0,0.0,2.21,1.0,1,4,0.0007,21622.58,21622.58,EXACT_MATCH,batch_clean
pay_B1F5933573C340,order_880634B3E6194D,order_880634B3E6194D,exact,0,0.0,1.0,0,0.0,0.0,9.0,1.0,1,5,0.005,21068.41,21068.41,DATE_DRIFT,batch_clean
pay_8761667FF17D49,order_88B1B942186B4B,order_88B1B942186B4B,exact,0,0.0,1.0,0,0.0,0.0,2.38,1.0,1,1,0.0091,113745.31,113745.31,EXACT_MATCH,batch_clean
pay_BC0EDC67A8DE4B,order_2AD0C27E866948,order_2AD0C27E866948,exact,0,0.0,1.0,0,0.0,0.0,2.5,1.0,1,1,0.0027,3196.46,3196.46,EXACT_MATCH,batch_clean
pay_8791223377EF4B,order_D1DE32F0C20941,order_D1DE32F0C20941,exact,0,0.0,1.0,0,0.0,0.0,2.5,1.0,1,11,0.0083,2168.87,2168.87,EXACT_MATCH,batch_clean
pay_391AC945E40042,order_28A45FE21E8D4B,order_28A45FE21E8D4B,exact,0,0.0,1.0,0,0.0,0.0,2.04,1.0,1,4,0.0078,1109.87,1109.87,EXACT_MATCH,batch_clean
pay_2FFD3F95B9D347,order_62242CAD900442,order_62242CAD900442,exact,0,0.0,1.0,0,0.0,0.0,2.33,1.0,1,2,0.0053,11744.86,11744.86,EXACT_MATCH,batch_clean
pay_7BAA7ECBFF4840,order_19B96A4533BF4E,order_19B96A4533BF4E,exact,0,0.0,1.0,0,0.0,0.0,2.25,1.0,1,3,0.0137,1773.53,1773.53,EXACT_MATCH,batch_clean
pay_628B7AB14E754D,order_732D63B33F0A46,order_732D63B33F0A46,exact,0,0.0,1.0,0,0.0,0.0,2.29,1.0,1,8,0.0014,1982.75,1982.75,EXACT_MATCH,batch_clean
pay_991D1C4A864E45,order_03F63D62C70343,order_03F63D62C70343,exact,0,0.0,1.0,0,0.0,0.0,2.42,1.0,1,2,0.0093,414.05,414.05,EXACT_MATCH,batch_clean
pay_BC492E498DBA49,order_E039B35545F144,order_E039B35545F144,exact,0,0.0,1.0,0,0.0,0.0,2.25,1.0,1,18,0.0013,2096.61,2096.61,EXACT_MATCH,batch_clean
pay_A64C284DBCDC4D,order_AF507F3C1CD844,order_AF507F3C1CD844,exact,0,0.0,1.0,0,0.0,0.0,2.17,1.0,1,9,0.0009,2029.04,2029.04,EXACT_MATCH,batch_clean
pay_E453788FE52A4E,order_5E9F7DF3F8624F,order_5E9F7DF3F8624F,exact,0,0.0,1.0,0,0.0,0.0,2.08,1.0,1,1,0.0023,126.54,126.54,EXACT_MATCH,batch_clean
pay_D906842BE7924D,order_4DB30B115B1241,order_4DB30B115B1241,exact,0,0.0,1.0,0,0.0,0.0,2.17,1.0,1,3,0.0009,807.26,807.26,EXACT_MATCH,batch_clean
pay_CC59C60F3B7F42,order_DFDE7ED5F0A243,order_DFDE7ED5F0A243,exact,0,0.0,1.0,0,0.0,0.0,2.33,1.0,1,13,0.0016,2727.73,2727.73,EXACT_MATCH,batch_clean
pay_4D2067B5BF3C4A,order_62864EC966E949,order_62864EC966E949,exact,0,0.0,1.0,0,0.0,0.0,11.0,1.0,1,2,0.0011,140619.96,140619.96,DATE_DRIFT,batch_clean
pay_B11F27F920D745,order_48E1E73BFBAD41,order_48E1E73BFBAD41,exact,0,0.0,1.0,0,0.0,0.0,2.0,1.0,1,6,0.0022,1190.38,1190.38,EXACT_MATCH,batch_clean
pay_C1002351FA7645,order_B1B82F9E2C874D,order_B1B82F9E2C874D,exact,0,0.0,1.0,0,0.0,0.0,2.46,1.0,1,5,0.0015,1420.19,1420.19,EXACT_MATCH,batch_clean
pay_C574B01A4A5743,order_7EB2BE41E5AB45,order_7EB2BE41E5AB45,exact,0,0.0,1.0,0,0.0,0.0,2.29,1.0,1,2,0.0019,483.27,483.27,EXACT_MATCH,batch_clean
pay_D544371220774C,order_2C1D6D07BED643,order_2C1D6D07BED643,exact,0,0.0,1.0,0,0.0,0.0,2.08,1.0,1,20,0.0003,2879.36,2879.36,EXACT_MATCH,batch_clean
pay_FA502384E9584A,order_B0909494125448,order_B0909494125448,exact,0,0.0,1.0,0,0.0,0.0,2.0,1.0,1,3,0.0009,806.55,806.55,EXACT_MATCH,batch_clean
pay_2F5BBEB6426947,order_5DBE0D40AD4D43,order_5DBE0D40AD4D43,exact,0,0.0,1.0,0,0.0,0.0,2.25,1.0,1,6,0.0008,949.84,949.84,EXACT_MATCH,batch_clean
pay_F3ABC26AF9314E,order_A002E60852A84D,order_A002E60852A84D,exact,0,0.0,1.0,0,0.0,0.0,2.5,1.0,1,4,0.008,742.47,742.47,EXACT_MATCH,batch_clean
pay_6240C86BC5CE46,order_9731039D336743,order_9731039D336743,exact,0,0.0,1.0,0,0.0,0.0,2.46,1.0,1,5,0.0021,984.6,984.6,EXACT_MATCH,batch_clean
pay_43FCDF01987148,order_03F8855D2EFB4F,order_03F8855D2EFB4F,exact,0,0.0,1.0,0,0.0,0.0,2.0,1.0,1,1,0.003,7242.6,7242.6,EXACT_MATCH,batch_clean
pay_25FA9A7F07604B,order_8A5F76BE91104E,order_8A5F76BE91104E,exact,0,0.0,1.0,0,0.0,0.0,2.33,1.0,1,4,0.0048,675.63,675.63,EXACT_MATCH,batch_clean
pay_4D2ABC1BD1AC46,order_C142541E068B42,order_C142541E068B42,exact,0,0.0,1.0,0,0.0,0.0,2.25,1.0,1,3,0.0005,1696.78,1696.78,EXACT_MATCH,batch_clean
pay_A92406D6EB5645,order_E084C470699049,order_E084C470699049,exact,0,0.0,1.0,0,0.0,0.0,2.12,1.0,1,6,0.003,1193.91,1193.91,EXACT_MATCH,batch_clean
pay_7288FC23B14544,order_9A9787E089DE4D,order_9A9787E089DE4D,exact,0,0.0,1.0,0,0.0,0.0,2.12,1.0,1,13,0.0043,2833.44,2833.44,EXACT_MATCH,batch_clean
pay_D621D75D941D46,order_C31E73FBFC264F,order_C31E73FBFC264F,exact,0,0.0,1.0,0,0.0,0.0,2.04,1.0,1,5,0.0007,1459.34,1459.34,EXACT_MATCH,batch_clean
pay_99AD98912C6940,order_4986F9FFC9BE47,order_4986F9FFC9BE47,exact,0,0.0,1.0,0,0.0,0.0,2.0,1.0,1,1,0.0054,119742.32,119742.32,EXACT_MATCH,batch_clean
pay_DE01578A606448,order_4FE7E63700AE49,order_4FE7E63700AE49,exact,0,0.0,1.0,0,0.0,0.0,12.0,1.0,1,5,0.0007,1458.34,1458.34,DATE_DRIFT,batch_clean
pay_9669B6D3717B4B,order_2824B29329594B,order_2824B29329594B,exact,0,0.0,1.0,0,0.0,0.0,2.0,1.0,1,1,0.0148,355.74,355.74,EXACT_MATCH,batch_clean
pay_2B9D36BCAF5C4E,order_C577D59ECE3C47,order_C577D59ECE3C47,exact,0,0.0,1.0,0,0.0,0.0,2.12,1.0,1,8,0.0002,20613.04,20613.04,EXACT_MATCH,batch_clean
pay_7600F4F0ECDA4D,order_B40735E39DE644,order_B40735E39DE644,exact,0,0.0,1.0,0,0.0,0.0,2.17,1.0,1,10,0.0001,2190.72,2190.72,EXACT_MATCH,batch_clean
pay_5C9E2127D36D49,order_63B3CEE947FB47,order_63B3CEE947FB47,exact,0,0.0,1.0,0,0.0,0.0,2.29,1.0,1,13,0.0011,2845.64,2845.64,EXACT_MATCH,batch_clean
pay_7BCF55400DD648,order_74FB43CA296847,order_74FB43CA296847,exact,0,0.0,1.0,0,0.0,0.0,2.46,1.0,1,5,0.0065,1498.35,1498.35,EXACT_MATCH,batch_clean
pay_DC77BAE16B2148,order_813E9132EA1B4C,order_813E9132EA1B4C,exact,0,0.0,1.0,0,0.0,0.0,2.25,1.0,1,4,0.0003,749.51,749.51,EXACT_MATCH,batch_clean
pay_96E7F0BFE26E49,order_6A777A1837C74F,order_6A777A1837C74F,exact,0,0.0,1.0,0,0.0,0.0,2.42,1.0,1,2,0.0051,180.74,180.74,EXACT_MATCH,batch_clean
pay_2582B9B722A744,order_17CA81B20FB346,order_17CA81B20FB346,exact,0,0.0,1.0,0,0.0,0.0,2.08,1.0,1,16,0.0009,2075.18,2075.18,EXACT_MATCH,batch_clean
pay_8E11EF0BD3FA4E,order_ECB0160DE5D849,order_ECB0160DE5D849,exact,0,0.0,1.0,0,0.0,0.0,2.29,1.0,1,7,0.0022,20324.45,20324.45,EXACT_MATCH,batch_clean
pay_905D959BFF7D46,order_FA56A2ECAE7443,order_FA56A2ECAE7443,exact,0,0.0,1.0,0,0.0,0.0,2.46,1.0,1,6,0.0051,20171.29,20171.29,EXACT_MATCH,batch_clean
pay_D93CB855FE6448,order_16791E16C84D4A,order_16791E16C84D4A,exact,0,0.0,1.0,0,0.0,0.0,2.21,1.0,1,3,0.0076,1858.31,1858.31,EXACT_MATCH,batch_clean
pay_A4AAB434855749,order_A59343912C2242,order_A59343912C2242,exact,0,0.0,1.0,0,0.0,0.0,2.17,1.0,1,9,0.0004,1966.23,1966.23,EXACT_MATCH,batch_clean
pay_7BE3D8ECA5394C,order_FEE35C82E0F846,order_FEE35C82E0F846,exact,0,0.0,1.0,0,0.0,0.0,2.5,1.0,1,0,0.0392,131553.4,131553.4,EXACT_MATCH,batch_clean
pay_01B62DD1C0C740,order_F2AD53CB48A94C,order_F2AD53CB48A94C,exact,0,0.0,1.0,0,0.0,0.0,2.33,1.0,1,1,0.0048,15254.49,15254.49,EXACT_MATCH,batch_clean
pay_40ACA4FD4FC744,order_7B3DD4138DBD4E,order_7B3DD4138DBD4E,exact,0,0.0,1.0,0,0.0,0.0,2.04,1.0,1,9,0.0005,1537.94,1537.94,EXACT_MATCH,batch_clean
pay_B3539AA805CC42,order_7B3E292A776D48,order_7B3E292A776D48,exact,0,0.0,1.0,0,0.0,0.0,2.04,1.0,1,13,0.0015,2265.53,2265.53,EXACT_MATCH,batch_clean
pay_3C9F2753B1D345,order_68AA4F910C5246,order_68AA4F910C5246,exact,0,0.0,1.0,0,0.0,0.0,2.33,1.0,1,9,0.0016,2032.36,2032.36,EXACT_MATCH,batch_clean
pay_D01784EB7C9D4E,order_29564C574F5047,order_29564C574F5047,exact,0,0.0,1.0,0,0.0,0.0,2.21,1.0,1,4,0.0023,1059.32,1059.32,EXACT_MATCH,batch_clean
pay_796DA946E9234E,order_16B80A68F56347,order_16B80A68F56347,exact,0,0.0,1.0,0,0.0,0.0,2.42,1.0,1,5,0.0023,1056.85,1056.85,EXACT_MATCH,batch_clean
pay_8F67053F76C344,order_D69FFA7B3D4543,order_D69FFA7B3D4543,exact,0,0.0,1.0,0,0.0,0.0,2.5,1.0,1,6,0.0035,1918.63,1918.63,EXACT_MATCH,batch_clean
pay_D5AD98458A4C45,order_55016A4C49184B,order_55016A4C49184B,exact,0,0.0,1.0,0,77.95,0.0611,2.12,1.0,1,11,0.0006,1353.96,1276.01,AMOUNT_MISMATCH,batch_clean
pay_C6BA378A93EA49,order_51050C5BEE9E43,order_51050C5BEE9E43,exact,0,0.0,1.0,0,0.0,0.0,2.33,1.0,1,7,0.0013,1027.63,1027.63,EXACT_MATCH,batch_clean
pay_004B7AE4B29347,order_E1B6563EB84044,order_E1B6563EB84044,exact,0,0.0,1.0,0,0.0,0.0,2.12,1.0,1,0,0.0307,188488.39,188488.39,EXACT_MATCH,batch_clean
pay_B075C139F44D46,order_DA6AF38CD8B64B,order_DA6AF38CD8B64B,exact,0,0.0,1.0,0,0.0,0.0,2.21,1.0,1,1,0.0196,15973.24,15973.24,EXACT_MATCH,batch_clean
pay_7C161131778A47,order_D590AEE0F66549,order_D590AEE0F66549,exact,0,0.0,1.0,0,0.0,0.0,2.42,1.0,1,7,0.0013,1028.93,1028.93,EXACT_MATCH,batch_clean
pay_DF64B8D8DDF949,order_E7CBBE4D348648,order_E7CBBE4D348648,exact,0,0.0,1.0,0,0.0,0.0,2.0,1.0,1,7,0.0017,17795.45,17795.45,EXACT_MATCH,batch_clean
pay_CD6276DB5E9649,order_FD7CB93C0C2543,order_FD7CB93C0C2543,exact,0,0.0,1.0,0,0.0,0.0,2.46,1.0,1,15,0.0002,2848.9,2848.9,EXACT_MATCH,batch_clean
pay_B08A5923B10641,order_A41522D6AB6F4C,order_A41522D6AB6F4C,exact,0,0.0,1.0,0,0.0,0.0,2.38,1.0,1,8,0.0013,1328.11,1328.11,EXACT_MATCH,batch_clean
pay_9283D36837054B,order_69FD7020D2C549,order_69FD7020D2C549,exact,0,0.0,1.0,0,0.0,0.0,2.29,1.0,1,0,0.0247,9501.93,9501.93,EXACT_MATCH,batch_clean
pay_E5166978CE664E,order_D4288AA693C745,order_D4288AA693C745,exact,0,0.0,1.0,0,0.0,0.0,2.5,1.0,1,1,0.0197,196306.89,196306.89,EXACT_MATCH,batch_clean
pay_373DA6FCF2B347,order_EF4F0F6ACA774A,order_EF4F0F6ACA774A,exact,0,0.0,1.0,0,0.0,0.0,2.08,1.0,1,6,0.0071,1435.01,1435.01,EXACT_MATCH,batch_clean
pay_5096DA7BF6DC4D,order_4A06FA9A1CE04E,order_4A06FA9A1CE04E,exact,0,0.0,1.0,0,0.0,0.0,2.38,1.0,1,5,0.002,825.99,825.99,EXACT_MATCH,batch_clean
pay_4856B4EB2FBE4F,order_7B06482C800743,order_7B06482C800743,exact,0,0.0,1.0,0,0.0,0.0,2.25,1.0,1,0,0.0398,93555.51,93555.51,EXACT_MATCH,batch_clean
pay_9583D44AD2F047,order_0F79834757BA4B,order_0F79834757BA4B,exact,0,0.0,1.0,0,0.0,0.0,2.33,1.0,1,1,0.0162,892.14,892.14,EXACT_MATCH,batch_clean
pay_7BD4FCC8CD2C4C,order_D7336FF820C747,order_D7336FF820C747,exact,0,0.0,1.0,0,0.0,0.0,6.0,1.0,1,18,0.0009,2948.83,2948.83,DATE_DRIFT,batch_clean
pay_6CAAA375EA1A49,order_5F3447F0259642,order_5F3447F0259642,exact,0,0.0,1.0,0,0.0,0.0,2.5,1.0,1,12,0.0016,2732.18,2732.18,EXACT_MATCH,batch_clean
pay_B76A877A73844A,order_625112D695F040,order_625112D695F040,exact,0,0.0,1.0,0,0.0,0.0,2.5,1.0,1,8,0.0,1508.18,1508.18,EXACT_MATCH,batch_clean
pay_37A0B2186A1F45,order_725EE5EC0BFF42,order_725EE5EC0BFF42,exact,0,0.0,1.0,0,0.0,0.0,2.42,1.0,1,0,0.0216,5984.61,5984.61,EXACT_MATCH,batch_clean
pay_8DC57B0E74AB48,order_1607219C198541,order_1607219C198541,exact,0,0.0,1.0,0,0.0,0.0,2.17,1.0,1,4,0.0081,666.43,666.43,EXACT_MATCH,batch_clean
pay_64B13CD2E7BB4F,order_5709EF78501847,order_5709EF78501847,exact,0,0.0,1.0,0,0.0,0.0,2.17,1.0,1,10,0.0044,2137.28,2137.28,EXACT_MATCH,batch_clean
pay_C8F3B42354EE4E,order_9D3A6E06A6EB4B,order_9D3A6E06A6EB4B,exact,0,0.0,1.0,0,0.0,0.0,2.38,1.0,1,4,0.0005,1603.51,1603.51,EXACT_MATCH,batch_clean
pay_7869EDF9ED3B43,order_52175719F7804F,order_52175719F7804F,exact,0,0.0,1.0,0,0.0,0.0,2.21,1.0,1,17,0.0002,2058.3,2058.3,EXACT_MATCH,batch_clean
pay_5B5DF136038C49,order_104D65F08AAE40,order_104D65F08AAE40,exact,0,0.0,1.0,0,0.0,0.0,2.29,1.0,1,4,0.0015,678.87,678.87,EXACT_MATCH,batch_clean
pay_D989773F68844D,order_73BE16483C7F4F,order_73BE16483C7F4F,exact,0,0.0,1.0,0,0.0,0.0,2.25,1.0,1,3,0.0027,560.67,560.67,EXACT_MATCH,batch_clean
pay_3E703B20949C46,order_520BC6471FE845,order_520BC6471FE845,exact,0,0.0,1.0,0,0.0,0.0,2.21,1.0,1,20,0.0003,2925.12,2925.12,EXACT_MATCH,batch_clean
pay_F2C17DBE7CB842,order_2AEBAEF2E1FF40,order_2AEBAEF2E1FF40,exact,0,0.0,1.0,0,0.0,0.0,2.04,1.0,1,2,0.0085,10702.51,10702.51,EXACT_MATCH,batch_clean
pay_0C65A891A2EF4B,order_DE735421A9C14A,order_DE735421A9C14A,exact,0,0.0,1.0,0,0.0,0.0,2.25,1.0,1,7,0.0018,964.88,964.88,EXACT_MATCH,batch_clean
pay_17847889AB904D,order_984B7D20047B46,order_984B7D20047B46,exact,0,0.0,1.0,0,0.0,0.0,2.17,1.0,1,0,0.025,77336.33,77336.33,EXACT_MATCH,batch_clean
pay_C53190C7FDB143,order_D0D322DBE9F946,order_D0D322DBE9F946,exact,0,0.0,1.0,0,0.0,0.0,2.08,1.0,1,6,0.0021,2609.01,2609.01,EXACT_MATCH,batch_clean
pay_23BCFE88E4BE4E,order_BCCA0703D26C40,order_BCCA0703D26C40,exact,0,0.0,1.0,0,0.0,0.0,2.33,1.0,1,13,0.0005,2127.89,2127.89,EXACT_MATCH,batch_clean
pay_490A3D3AC1A543,order_D53422DED6C24A,order_D53422DED6C24A,exact,0,0.0,1.0,0,0.0,0.0,2.0,1.0,1,4,0.0082,1173.39,1173.39,EXACT_MATCH,batch_clean
pay_7F0F6A0822464C,order_3310A8700A874F,order_3310A8700A874F,exact,0,0.0,1.0,0,106.85,0.0648,2.04,1.0,1,3,0.0034,1755.54,1648.69,AMOUNT_MISMATCH,batch_clean
pay_2151A0543B4D48,order_11EAF39E408240,order_11EAF39E408240,exact,1,0.0,1.0,0,0.0,0.0,2.29,1.0,1,19,0.0023,2088.68,2088.68,DUPLICATE,batch_clean
pay_CEE9E8D6BF2142,order_FE7ECE1D3CFF4E,order_FE7ECE1D3CFF4E,exact,0,0.0,1.0,0,0.0,0.0,2.33,1.0,1,0,0.0201,13058.31,13058.31,EXACT_MATCH,batch_clean
pay_CABA02204A4E46,order_288ECAF791C549,order_288ECAF791C549,exact,0,0.0,1.0,0,0.0,0.0,2.25,1.0,1,18,0.0001,2093.8,2093.8,EXACT_MATCH,batch_clean
pay_566E4779D8F343,order_8DCFFE5DFBFE47,order_8DCFFE5DFBFE47,exact,0,0.0,1.0,0,0.0,0.0,2.33,1.0,1,20,0.0003,2924.35,2924.35,EXACT_MATCH,batch_clean
pay_ED4A63284A134D,order_6B8D3CFF9B2545,order_6B8D3CFF9B2545,exact,0,0.0,1.0,0,0.0,0.0,2.25,1.0,1,4,0.0005,1602.74,1602.74,EXACT_MATCH,batch_clean
pay_E603A740042C41,order_9D870A09DEE84A,order_9D870A09DEE84A,exact,0,0.0,1.0,0,0.0,0.0,2.38,1.0,1,7,0.0031,1580.27,1580.27,EXACT_MATCH,batch_clean
pay_D90317E33A0F45,order_02BBFD5BCDE245,order_02BBFD5BCDE245,exact,0,0.0,1.0,0,0.0,0.0,2.29,1.0,1,11,0.0004,2980.94,2980.94,EXACT_MATCH,batch_clean
pay_749CCEAAEBCF45,order_22ECF9B4A1C741,order_22ECF9B4A1C741,exact,0,0.0,1.0,0,0.0,0.0,2.0,1.0,1,1,0.001,155156.72,155156.72,EXACT_MATCH,batch_clean
pay_99C7E428844347,order_5B3BBF8357F64F,order_5B3BBF8357F64F,exact,0,0.0,1.0,0,0.0,0.0,2.12,1.0,1,14,0.0024,2221.81,2221.81,EXACT_MATCH,batch_clean
pay_F5ABF5238A1148,order_32FE33E0E94241,order_32FE33E0E94241,exact,0,0.0,1.0,0,0.0,0.0,2.5,1.0,1,6,0.0038,17386.23,17386.23,EXACT_MATCH,batch_clean
pay_6E7FE83C10A849,order_23BCBAE7976440,order_23BCBAE7976440,exact,0,0.0,1.0,0,0.0,0.0,2.33,1.0,1,7,0.0002,1976.11,1976.11,EXACT_MATCH,batch_clean
pay_A7AD2265F70F49,order_6A93D6E08EDA43,order_6A93D6E08EDA43,exact,0,0.0,1.0,0,0.0,0.0,2.33,1.0,1,5,0.0031,17967.52,17967.52,EXACT_MATCH,batch_clean
pay_96C8895EDD2A4A,order_D970430AC3544B,order_D970430AC3544B,exact,0,0.0,1.0,0,0.0,0.0,2.38,1.0,1,2,0.0016,10161.55,10161.55,EXACT_MATCH,batch_clean
pay_E0A10D2ACC894C,order_CEC861662BE341,order_CEC861662BE341,exact,0,0.0,1.0,0,0.0,0.0,2.17,1.0,1,6,0.0068,17593.36,17593.36,EXACT_MATCH,batch_clean
pay_F552DE28BE2B46,order_1B61C30AFEED49,order_1B61C30AFEED49,exact,0,0.0,1.0,0,0.0,0.0,2.25,1.0,1,7,0.0003,1371.65,1371.65,EXACT_MATCH,batch_clean
pay_D4F9A1F2ED754B,order_FAE410D601F44E,order_FAE410D601F44E,exact,0,0.0,1.0,0,0.0,0.0,2.08,1.0,1,1,0.0123,536.41,536.41,EXACT_MATCH,batch_clean
pay_1E2AD50C75DC48,order_6BCA094013C147,order_6BCA094013C147,exact,0,0.0,1.0,0,0.0,0.0,2.42,1.0,1,5,0.0004,2484.01,2484.01,EXACT_MATCH,batch_clean
pay_41B4500D49184D,order_2B4B670BF32D44,order_2B4B670BF32D44,exact,0,0.0,1.0,0,0.0,0.0,2.25,1.0,1,16,0.0035,2107.3,2107.3,EXACT_MATCH,batch_clean
pay_C32EE723255E4F,order_6BB1F58DEB014D,order_6BB1F58DEB014D,exact,0,0.0,1.0,0,0.0,0.0,2.21,1.0,1,3,0.0105,24434.89,24434.89,EXACT_MATCH,batch_clean
pay_BE2C42AB959144,order_7A46FB2D955E4E,order_7A46FB2D955E4E,exact,0,0.0,1.0,0,0.0,0.0,2.25,1.0,1,2,0.0043,12279.96,12279.96,EXACT_MATCH,batch_clean
pay_A7273F6869CB43,order_37E25089539D43,order_37E25089539D43,exact,0,0.0,1.0,0,0.0,0.0,2.08,1.0,1,3,0.0048,177.6,177.6,EXACT_MATCH,batch_clean
pay_87DF97E84B8E45,order_8A211DCC3A4E41,order_8A211DCC3A4E41,exact,0,0.0,1.0,0,0.0,0.0,2.46,1.0,1,5,0.0014,2433.75,2433.75,EXACT_MATCH,batch_clean
pay_5C8717A4B61045,order_FD1AA3A091B54A,order_FD1AA3A091B54A,exact,0,0.0,1.0,0,0.0,0.0,2.12,1.0,1,3,0.0057,13950.3,13950.3,EXACT_MATCH,batch_clean
pay_898B2C2EADCA4F,order_83D3B048ADA947,order_83D3B048ADA947,exact,0,0.0,1.0,0,0.0,0.0,2.38,1.0,1,4,0.0009,911.21,911.21,EXACT_MATCH,batch_clean
pay_AA47B3F4B64A48,order_5DBF724CE19E4F,order_5DBF724CE19E4F,exact,1,0.0,1.0,0,0.0,0.0,2.42,1.0,1,3,0.0006,1660.99,1660.99,DUPLICATE,batch_clean
pay_A9AE72DD63054F,order_DA5F0351DE4E48,order_DA5F0351DE4E48,exact,0,0.0,1.0,0,0.0,0.0,2.08,1.0,1,8,0.0015,1330.05,1330.05,EXACT_MATCH,batch_clean
pay_8E158B9DA55243,order_A8E663FCE48E42,order_A8E663FCE48E42,exact,0,0.0,1.0,0,0.0,0.0,2.38,1.0,1,11,0.0009,2780.64,2780.64,EXACT_MATCH,batch_clean
pay_3A4F089D97434C,order_D3B8A45FE70D4E,order_D3B8A45FE70D4E,exact,0,0.0,1.0,0,0.0,0.0,2.38,1.0,1,1,0.0012,221.56,221.56,EXACT_MATCH,batch_clean
pay_5C90D74E8F3A4C,order_11C70188121A45,order_11C70188121A45,exact,0,0.0,1.0,0,0.0,0.0,2.04,1.0,1,3,0.0172,24011.96,24011.96,EXACT_MATCH,batch_clean
pay_40AED235CD0447,order_B0FBA57863164E,order_B0FBA57863164E,exact,0,0.0,1.0,0,0.0,0.0,2.38,1.0,1,24,0.0003,2896.99,2896.99,EXACT_MATCH,batch_clean
pay_D892806E6EE940,order_B8C8C466BB304B,order_B8C8C466BB304B,exact,0,0.0,1.0,0,0.0,0.0,2.42,1.0,1,3,0.0012,1125.1,1125.1,EXACT_MATCH,batch_clean
pay_94A74FA6F74147,order_E368A22F71CA49,order_E368A22F71CA49,exact,0,0.0,1.0,0,0.0,0.0,2.25,1.0,1,0,0.027,335.59,335.59,EXACT_MATCH,batch_clean
pay_FB633479980F45,order_582E04C833364D,order_582E04C833364D,exact,0,0.0,1.0,0,0.0,0.0,2.25,1.0,1,1,0.0008,5494.36,5494.36,EXACT_MATCH,batch_clean
pay_B34A2AA7C1204B,order_2A6F85E6D78D40,order_2A6F85E6D78D40,exact,0,0.0,1.0,0,0.0,0.0,2.29,1.0,1,5,0.0005,1417.28,1417.28,EXACT_MATCH,batch_clean
pay_B928FC80DBF042,order_37108CB74B1E4C,order_37108CB74B1E4C,exact,0,0.0,1.0,0,0.0,0.0,2.04,1.0,1,5,0.0051,20068.7,20068.7,EXACT_MATCH,batch_clean
pay_001D7AB9ADE94D,order_DEF82146F7CD40,order_DEF82146F7CD40,exact,0,0.0,1.0,0,0.0,0.0,2.38,1.0,1,1,0.0184,40661.72,40661.72,EXACT_MATCH,batch_clean
pay_18A97234312947,order_D9B077F257984A,order_D9B077F257984A,exact,0,0.0,1.0,0,0.0,0.0,2.33,1.0,1,13,0.0024,2260.06,2260.06,EXACT_MATCH,batch_clean
pay_FE3EFE2FB4E64E,order_0A968C6DFF264D,order_0A968C6DFF264D,exact,0,0.0,1.0,0,0.0,0.0,2.38,1.0,1,2,0.0019,482.35,482.35,EXACT_MATCH,batch_clean
pay_8C0B73D3292E4E,order_768C832768B642,order_768C832768B642,exact,0,0.0,1.0,0,0.0,0.0,2.21,1.0,1,3,0.0072,717.15,717.15,EXACT_MATCH,batch_clean
pay_6D7AA836B1CA47,order_B33A9AF596C94A,order_B33A9AF596C94A,exact,0,0.0,1.0,0,0.0,0.0,2.25,1.0,1,2,0.0033,456.16,456.16,EXACT_MATCH,batch_clean
pay_EDD41A024CE046,order_F6DC3B037C434D,order_F6DC3B037C434D,exact,0,0.0,1.0,0,0.0,0.0,2.08,1.0,1,4,0.0027,23606.73,23606.73,EXACT_MATCH,batch_clean
pay_6AFC426702D84A,order_197D6B79AE7C40,order_197D6B79AE7C40,exact,0,0.0,1.0,0,0.0,0.0,2.5,1.0,1,6,0.001,1017.54,1017.54,EXACT_MATCH,batch_clean
pay_99E573A63E474C,order_F0F11364C8B349,order_F0F11364C8B349,exact,0,0.0,1.0,0,0.0,0.0,2.25,1.0,1,6,0.004,18177.09,18177.09,EXACT_MATCH,batch_clean
pay_650EDE1997AD48,order_DA04481ECF4241,order_DA04481ECF4241,exact,0,0.0,1.0,0,0.0,0.0,2.04,1.0,1,4,0.0076,1844.23,1844.23,EXACT_MATCH,batch_clean
pay_76C7887ECDB442,order_F32CA999854B41,order_F32CA999854B41,exact,0,0.0,1.0,0,0.0,0.0,2.12,1.0,1,6,0.0038,17320.17,17320.17,EXACT_MATCH,batch_clean
pay_7248BC5A4D1945,order_4C38F1C8549D4E,order_4C38F1C8549D4E,exact,0,0.0,1.0,0,0.0,0.0,2.42,1.0,1,21,0.0019,2912.79,2912.79,EXACT_MATCH,batch_clean
pay_8C25C7BDB45243,order_67FB9767BC2D41,order_67FB9767BC2D41,exact,0,0.0,1.0,0,0.0,0.0,2.33,1.0,1,9,0.0018,1332.5,1332.5,EXACT_MATCH,batch_clean
pay_2C6A1D8EBF1B40,order_0ADC7F422D884B,order_0ADC7F422D884B,exact,0,0.0,1.0,0,0.0,0.0,2.33,1.0,1,3,0.0006,1661.97,1661.97,EXACT_MATCH,batch_clean
pay_E32179EAEBD545,order_FBFCF0B8BF454C,order_FBFCF0B8BF454C,exact,0,0.0,1.0,0,0.0,0.0,2.42,1.0,1,0,0.0259,227.57,227.57,EXACT_MATCH,batch_clean
pay_416D13904E7A4E,order_02574A2A1BA74C,order_02574A2A1BA74C,exact,0,0.0,1.0,0,0.0,0.0,2.0,1.0,1,10,0.0051,2713.92,2713.92,EXACT_MATCH,batch_clean
pay_24303ECDDCA145,order_7B3D338282E84B,order_7B3D338282E84B,exact,0,0.0,1.0,0,0.0,0.0,2.46,1.0,1,14,0.0005,2279.34,2279.34,EXACT_MATCH,batch_clean
pay_8174FF95054C46,order_699569C95E9441,order_699569C95E9441,exact,0,0.0,1.0,0,0.0,0.0,2.25,1.0,1,0,0.0282,185.83,185.83,EXACT_MATCH,batch_clean
pay_9C52AD15E4B946,order_91E160FDB18A4D,order_91E160FDB18A4D,exact,0,0.0,1.0,0,0.0,0.0,2.25,1.0,1,7,0.0013,1369.84,1369.84,EXACT_MATCH,batch_clean
pay_AB998ADF09594F,order_0F39732541844B,order_0F39732541844B,exact,0,0.0,1.0,0,0.0,0.0,2.29,1.0,1,7,0.0005,1979.07,1979.07,EXACT_MATCH,batch_clean
pay_7505B5019F7B41,order_0E4979DE0C8249,order_0E4979DE0C8249,exact,0,0.0,1.0,0,0.0,0.0,2.17,1.0,1,1,0.0114,4786.9,4786.9,EXACT_MATCH,batch_clean
pay_73DFF4E7D17144,order_9337660B6B7145,order_9337660B6B7145,exact,0,0.0,1.0,0,0.0,0.0,2.5,1.0,1,7,0.0003,1372.02,1372.02,EXACT_MATCH,batch_clean
pay_B1D409DB38DB42,order_733D05DDF71449,order_733D05DDF71449,exact,0,0.0,1.0,0,0.0,0.0,2.42,1.0,1,0,0.1895,32956.8,32956.8,EXACT_MATCH,batch_clean
pay_6B071A64EAE24F,order_C383F668B4DC48,order_C383F668B4DC48,exact,0,0.0,1.0,0,0.0,0.0,2.04,1.0,1,5,0.0004,2483.14,2483.14,EXACT_MATCH,batch_clean
pay_0E85033914684F,order_E6ACF1E423FD45,order_E6ACF1E423FD45,exact,0,0.0,1.0,0,0.0,0.0,2.46,1.0,1,3,0.0012,1123.77,1123.77,EXACT_MATCH,batch_clean
pay_C789E766CC4746,order_CC1FD40F048645,order_CC1FD40F048645,exact,0,0.0,1.0,0,0.0,0.0,2.04,1.0,1,3,0.0058,566.96,566.96,EXACT_MATCH,batch_clean
pay_42277588077043,order_B3B31B956B1E41,order_B3B31B956B1E41,exact,0,0.0,1.0,0,0.0,0.0,2.0,1.0,1,2,0.0089,696.64,696.64,EXACT_MATCH,batch_clean
pay_4F74EA7396DA45,order_0EE68B4C02E94A,order_0EE68B4C02E94A,exact,0,0.0,1.0,0,0.0,0.0,2.21,1.0,1,2,0.0121,549.62,549.62,EXACT_MATCH,batch_clean
pay_E40706BC873E4E,order_28019F64DD4948,order_28019F64DD4948,exact,0,0.0,1.0,0,0.0,0.0,2.33,1.0,1,3,0.0125,1003.82,1003.82,EXACT_MATCH,batch_clean
pay_77B65D66B5AE49,order_49AA4BC3ACCC47,order_49AA4BC3ACCC47,exact,0,0.0,1.0,0,0.0,0.0,2.29,1.0,1,2,0.0167,88475.77,88475.77,EXACT_MATCH,batch_clean
pay_FD92A22DADF544,order_D9A1365F97DA48,order_D9A1365F97DA48,exact,0,0.0,1.0,0,0.0,0.0,2.21,1.0,1,8,0.0005,1980.07,1980.07,EXACT_MATCH,batch_clean
pay_9233C45565924E,order_1E4EBCF92FC544,order_1E4EBCF92FC544,exact,0,0.0,1.0,0,0.0,0.0,2.46,1.0,1,11,0.0038,2324.51,2324.51,EXACT_MATCH,batch_clean
pay_936493DA5EAE40,order_9ED71AD326144C,order_9ED71AD326144C,exact,0,0.0,1.0,0,0.0,0.0,2.0,1.0,1,5,0.0039,1198.87,1198.87,EXACT_MATCH,batch_clean
pay_AEFC1E9FFD8F4C,order_2496296707FC43,order_2496296707FC43,exact,0,0.0,1.0,0,0.0,0.0,2.33,1.0,1,11,0.0002,2151.1,2151.1,EXACT_MATCH,batch_clean
pay_81C42ACFD36B4A,order_601C6F1F55B44D,order_601C6F1F55B44D,exact,0,0.0,1.0,0,0.0,0.0,2.29,1.0,1,5,0.0033,1824.41,1824.41,EXACT_MATCH,batch_clean
pay_D41FEF4FF64043,order_BF95FE7807CE4B,order_BF95FE7807CE4B,exact,0,0.0,1.0,0,0.0,0.0,2.42,1.0,1,0,0.0346,238278.49,238278.49,EXACT_MATCH,batch_clean
pay_B9FA7ECF44CC4D,order_8D2E83C34E714B,order_8D2E83C34E714B,exact,0,0.0,1.0,0,0.0,0.0,2.0,1.0,1,0,0.0359,69609.9,69609.9,EXACT_MATCH,batch_clean
pay_B6EF0328CE0344,order_878977712B104C,order_878977712B104C,exact,0,0.0,1.0,0,0.0,0.0,2.12,1.0,1,1,0.001,4570.46,4570.46,EXACT_MATCH,batch_clean
pay_C0BDD2C06E0240,order_0AAD1351A2C644,order_0AAD1351A2C644,exact,0,0.0,1.0,0,0.0,0.0,2.46,1.0,1,2,0.0011,140466.73,140466.73,EXACT_MATCH,batch_clean
pay_DB6B73CC95F24C,order_E7C1EE052E2E4D,order_E7C1EE052E2E4D,exact,0,0.0,1.0,0,0.0,0.0,2.38,1.0,1,8,0.0,1508.19,1508.19,EXACT_MATCH,batch_clean
pay_B0C3A267BD9346,order_74A6AB01F2C341,order_74A6AB01F2C341,exact,0,0.0,1.0,0,0.0,0.0,2.17,1.0,1,6,0.0003,19059.43,19059.43,EXACT_MATCH,batch_clean
pay_1344777FCB924E,order_3850902220C546,order_3850902220C546,exact,0,0.0,1.0,0,0.0,0.0,2.08,1.0,1,18,0.0009,2951.49,2951.49,EXACT_MATCH,batch_clean
pay_0BC7F099873743,order_1EE33DEC4CA04D,order_1EE33DEC4CA04D,exact,0,0.0,1.0,0,0.0,0.0,2.5,1.0,1,0,0.091,160.68,160.68,EXACT_MATCH,batch_clean
pay_F9B26540215F4F,order_568B7CE6488E40,order_568B7CE6488E40,exact,0,0.0,1.0,0,0.0,0.0,2.17,1.0,1,8,0.0005,1317.38,1317.38,EXACT_MATCH,batch_clean
pay_9307AC7E39804A,order_D88E0928AF4244,order_D88E0928AF4244,exact,0,0.0,1.0,0,0.0,0.0,2.29,1.0,1,4,0.0009,912.04,912.04,EXACT_MATCH,batch_clean
pay_F0D8CBB994F543,order_2B2FD2866DDF44,order_2B2FD2866DDF44,exact,0,0.0,1.0,0,0.0,0.0,2.46,1.0,1,4,0.0007,21636.93,21636.93,EXACT_MATCH,batch_clean
pay_BF0D59BB8F2C41,order_7F202DB108E646,order_7F202DB108E646,exact,0,0.0,1.0,0,0.0,0.0,11.0,1.0,1,5,0.001,1016.51,1016.51,DATE_DRIFT,batch_clean
pay_C368477DAB5642,order_EEBE346A3A5546,order_EEBE346A3A5546,exact,0,0.0,1.0,0,0.0,0.0,2.5,1.0,1,4,0.0071,1799.51,1799.51,EXACT_MATCH,batch_clean
pay_A7811363E99A44,order_F2837BC5304848,order_F2837BC5304848,exact,0,0.0,1.0,0,0.0,0.0,2.38,1.0,1,9,0.0014,2986.49,2986.49,EXACT_MATCH,batch_clean
pay_861AA9E5BA004B,order_C1015362CC5D42,order_C1015362CC5D42,exact,0,0.0,1.0,0,0.0,0.0,2.29,1.0,1,6,0.0005,2677.85,2677.85,EXACT_MATCH,batch_clean
pay_40805A7299B04B,order_B2A3288F445F4B,order_B2A3288F445F4B,exact,0,0.0,1.0,0,0.0,0.0,2.33,1.0,1,2,0.0043,12332.61,12332.61,EXACT_MATCH,batch_clean
pay_7B229C10A1F74B,order_493F63761A7E43,order_493F63761A7E43,exact,0,0.0,1.0,0,0.0,0.0,2.33,1.0,1,1,0.0195,3755.57,3755.57,EXACT_MATCH,batch_clean
pay_4FBCFDA9265448,order_B8BEA3B3E87541,order_B8BEA3B3E87541,exact,0,0.0,1.0,0,0.0,0.0,2.42,1.0,1,3,0.0105,19858.24,19858.24,EXACT_MATCH,batch_clean
pay_9D6A1C1DE62B46,order_8403226E2B664F,order_8403226E2B664F,exact,0,0.0,1.0,0,18.46,0.0096,2.08,1.0,1,11,0.0093,1946.49,1928.03,AMOUNT_MISMATCH,batch_clean
pay_E8CCA1B8833A4F,order_7FCD1448DC2146,order_7FCD1448DC2146,exact,0,0.0,1.0,0,0.0,0.0,2.12,1.0,1,6,0.0017,19155.03,19155.03,EXACT_MATCH,batch_clean
pay_B3020204D54D40,order_BC4EF94EAF954B,order_BC4EF94EAF954B,exact,0,0.0,1.0,0,0.0,0.0,2.5,1.0,1,0,0.0711,108.41,108.41,EXACT_MATCH,batch_clean
pay_5386E946CEAF43,order_321606EC988B47,order_321606EC988B47,exact,0,0.0,1.0,0,0.0,0.0,2.21,1.0,1,2,0.0115,10045.13,10045.13,EXACT_MATCH,batch_clean
pay_757F134A3FD148,order_13A276DCA56C44,order_13A276DCA56C44,exact,0,0.0,1.0,0,0.0,0.0,2.25,1.0,1,8,0.0052,1566.29,1566.29,EXACT_MATCH,batch_clean
pay_E2EC1D91310446,order_5492F3A359AC47,order_5492F3A359AC47,exact,0,0.0,1.0,0,0.0,0.0,2.25,1.0,1,3,0.0013,1658.82,1658.82,EXACT_MATCH,batch_clean
pay_714BD51DF51648,order_FB28741FD0D84E,order_FB28741FD0D84E,exact,0,0.0,1.0,0,0.0,0.0,2.29,1.0,1,0,0.0293,6854.2,6854.2,EXACT_MATCH,batch_clean
pay_9B1E4904D30A48,order_AD6552D43B1341,order_AD6552D43B1341,exact,0,0.0,1.0,0,0.0,0.0,2.46,1.0,1,5,0.0036,2624.52,2624.52,EXACT_MATCH,batch_clean
pay_D2304BBE454F4B,order_5F9A2C96253544,order_5F9A2C96253544,exact,0,0.0,1.0,0,0.0,0.0,2.08,1.0,1,6,0.004,1282.95,1282.95,EXACT_MATCH,batch_clean
pay_35329737F25D45,order_17B23B1946A94B,order_17B23B1946A94B,exact,0,0.0,1.0,0,0.0,0.0,2.46,1.0,1,11,0.0016,2315.74,2315.74,EXACT_MATCH,batch_clean
pay_D53A35DDA78B40,order_3E06F6ED01ED4B,order_3E06F6ED01ED4B,exact,0,0.0,1.0,0,0.0,0.0,2.25,1.0,1,10,0.0001,2190.54,2190.54,EXACT_MATCH,batch_clean
pay_48F823F11B9E44,order_823995A3727C40,order_823995A3727C40,exact,0,0.0,1.0,0,0.0,0.0,2.17,1.0,1,0,0.0463,8272.87,8272.87,EXACT_MATCH,batch_clean
pay_2374EB308CDE42,order_13FB03C1876047,order_13FB03C1876047,exact,0,0.0,1.0,0,0.0,0.0,2.0,1.0,1,17,0.0001,2083.37,2083.37,EXACT_MATCH,batch_clean
pay_B9D78EBECF9C44,order_B64AA89E2F5246,order_B64AA89E2F5246,exact,0,0.0,1.0,0,0.0,0.0,2.42,1.0,1,20,0.0003,2878.54,2878.54,EXACT_MATCH,batch_clean
pay_35BB87ECAD764B,order_2A4D6B22EE4F41,order_2A4D6B22EE4F41,exact,0,0.0,1.0,0,0.0,0.0,2.17,1.0,1,1,0.014,14551.61,14551.61,EXACT_MATCH,batch_clean
pay_5F1688DDA94D44,order_44F76CB594034C,order_44F76CB594034C,exact,0,0.0,1.0,0,0.0,0.0,2.0,1.0,1,1,0.0071,386.13,386.13,EXACT_MATCH,batch_clean
pay_020C8D48CAF94F,order_309496E7D2314A,order_309496E7D2314A,exact,0,0.0,1.0,0,0.0,0.0,2.46,1.0,1,0,0.0239,200.1,200.1,EXACT_MATCH,batch_clean
pay_37FDDA72E5CE49,order_DB32DE4F137E43,order_DB32DE4F137E43,exact,0,0.0,1.0,0,0.0,0.0,2.17,1.0,1,6,0.0042,17175.41,17175.41,EXACT_MATCH,batch_clean
pay_2E9D5DADDE114E,order_53C8ABE181FB46,order_53C8ABE181FB46,exact,0,0.0,1.0,0,0.0,0.0,2.25,1.0,1,2,0.009,1099.86,1099.86,EXACT_MATCH,batch_clean
pay_F7884F0BE42540,order_8C98C6B317154B,order_8C98C6B317154B,exact,0,0.0,1.0,0,0.0,0.0,2.5,1.0,1,10,0.0016,2187.1,2187.1,EXACT_MATCH,batch_clean
pay_13830D4629CF4D,order_655566648F324B,order_655566648F324B,exact,0,0.0,1.0,0,0.0,0.0,2.17,1.0,1,4,0.0059,1739.39,1739.39,EXACT_MATCH,batch_clean
pay_3826DEE5EC9F4B,order_446388A703DA42,order_446388A703DA42,exact,0,0.0,1.0,0,0.0,0.0,2.17,1.0,1,7,0.002,1268.77,1268.77,EXACT_MATCH,batch_clean
pay_07894702664549,order_3FF8212550FB45,order_3FF8212550FB45,exact,0,0.0,1.0,0,0.0,0.0,2.17,1.0,1,1,0.0054,5253.4,5253.4,EXACT_MATCH,batch_clean
pay_A4416A2614AC4C,order_0617800E8CB948,order_0617800E8CB948,exact,0,0.0,1.0,0,0.0,0.0,2.25,1.0,1,13,0.0005,2126.91,2126.91,EXACT_MATCH,batch_clean
pay_A6D07282B77C4C,order_C7505EA9F2EA40,order_C7505EA9F2EA40,exact,0,0.0,1.0,0,0.0,0.0,2.38,1.0,1,6,0.0022,1187.74,1187.74,EXACT_MATCH,batch_clean
pay_4EFBC76BB73042,order_7F070A0BF1B346,order_7F070A0BF1B346,exact,0,0.0,1.0,0,0.0,0.0,2.17,1.0,1,17,0.0001,2083.5,2083.5,EXACT_MATCH,batch_clean
pay_4C3B7E41B2784D,order_263C22C8964042,order_263C22C8964042,exact,0,0.0,1.0,0,0.0,0.0,2.04,1.0,1,0,0.0255,119.69,119.69,EXACT_MATCH,batch_clean
pay_856065FA731340,order_1DC93B20E7D844,order_1DC93B20E7D844,exact,0,0.0,1.0,0,0.0,0.0,2.17,1.0,1,8,0.0013,1556.18,1556.18,EXACT_MATCH,batch_clean
pay_9D1AC72E51A44E,order_8467B5F5E2814B,order_8467B5F5E2814B,exact,0,0.0,1.0,0,0.0,0.0,2.33,1.0,1,8,0.0007,20761.56,20761.56,EXACT_MATCH,batch_clean
pay_645C9B0DCA2E42,order_C7EB3FB2EF5349,order_C7EB3FB2EF5349,exact,0,0.0,1.0,0,0.0,0.0,2.04,1.0,1,5,0.0012,917.69,917.69,EXACT_MATCH,batch_clean
pay_9D31DA4744024B,order_2858D63E2AC340,order_2858D63E2AC340,exact,0,0.0,1.0,0,0.0,0.0,2.5,1.0,1,3,0.0005,23531.5,23531.5,EXACT_MATCH,batch_clean
pay_FDDCEBE8B88948,order_7A38AEBD2D534D,order_7A38AEBD2D534D,exact,0,0.0,1.0,0,0.0,0.0,2.17,1.0,1,2,0.0063,159602.21,159602.21,EXACT_MATCH,batch_clean
pay_5DA277D713784B,order_07FB0DF043C24B,order_07FB0DF043C24B,exact,0,0.0,1.0,0,0.0,0.0,11.0,1.0,1,9,0.0004,2351.64,2351.64,DATE_DRIFT,batch_clean
pay_39BBB38950F141,order_4B2301BB620E4F,order_4B2301BB620E4F,exact,0,0.0,1.0,0,0.0,0.0,2.08,1.0,1,7,0.0017,2568.79,2568.79,EXACT_MATCH,batch_clean
pay_CF0D780A26344A,order_13E1F91ECD394B,order_13E1F91ECD394B,exact,0,0.0,1.0,0,0.0,0.0,2.21,1.0,1,6,0.0023,2373.38,2373.38,EXACT_MATCH,batch_clean
pay_F22B30248C7F44,order_C4F11EC240BC46,order_C4F11EC240BC46,exact,0,0.0,1.0,0,0.0,0.0,2.25,1.0,1,5,0.0049,702.89,702.89,EXACT_MATCH,batch_clean
pay_4BA513E34D2C4D,order_0CFEF896FF0E41,order_0CFEF896FF0E41,exact,0,0.0,1.0,0,0.0,0.0,13.0,1.0,1,17,0.0002,2057.94,2057.94,DATE_DRIFT,batch_clean
pay_A44A0C717E944F,order_19B48BA8503D4C,order_19B48BA8503D4C,exact,0,0.0,1.0,0,0.0,0.0,2.46,1.0,1,1,0.0192,15666.7,15666.7,EXACT_MATCH,batch_clean
pay_9BE3E2EF1A2245,order_3CFA3DC834AB4D,order_3CFA3DC834AB4D,exact,0,0.0,1.0,0,0.0,0.0,2.21,1.0,1,18,0.0007,2944.87,2944.87,EXACT_MATCH,batch_clean
pay_5D020FA2CF0D4C,orde_r65310809A02943,order_65310809A02943,fuzzy,0,0.6,0.35,0,0.0,0.0,2.12,0.95,1,9,0.002,1357.48,1357.48,ID_AMBIGUOUS,batch_clean
pay_794B9882295548,order_F287A236CB7E24,order_F287A236CB7E42,fuzzy,0,0.65,0.3,0,0.0,0.0,2.0,0.95,1,16,0.0027,2069.6,2069.6,ID_AMBIGUOUS,batch_clean
pay_03F79A6C574944,order_C238694D28CD04,order_C238694D28CD40,fuzzy,0,0.7,0.25,0,0.0,0.0,2.42,0.95,1,10,0.002,1354.77,1354.77,ID_AMBIGUOUS,batch_clean
pay_0E5F1E45BB4C40,order_E758D47589D647,order_7E58D47589D647,fuzzy,0,0.6,0.35,0,0.0,0.0,2.04,0.95,1,0,0.047,249481.36,249481.36,ID_AMBIGUOUS,batch_clean
pay_A60F6440AD2144,order_B34BFD3A65949C,order_B34BFD3A65994C,fuzzy,0,0.6,0.35,0,0.0,0.0,2.33,0.95,1,9,0.0035,2339.39,2339.39,ID_AMBIGUOUS,batch_clean
pay_C5E355626F3F44,odrer_4695D8E1EDA04B,order_4695D8E1EDA04B,fuzzy,0,0.55,0.4,0,0.0,0.0,2.0,0.95,1,2,0.0014,140815.71,140815.71,ID_AMBIGUOUS,batch_clean
pay_DCA72E37105543,oredr_DDFA70432E5F4C,order_DDFA70432E5F4C,fuzzy,0,0.55,0.4,0,0.0,0.0,2.33,0.95,1,0,0.0245,205.0,205.0,ID_AMBIGUOUS,batch_clean
pay_F4045688B5724B,order_996E8F15BF14AB,order_996E8F15BF1A4B,fuzzy,0,0.6,0.35,0,0.0,0.0,2.04,0.95,1,0,0.0296,325.66,325.66,ID_AMBIGUOUS,batch_clean
pay_8DF71C734CF241,order_152DBD0347E492,order_152DBD0347E942,fuzzy,0,0.6,0.35,0,0.0,0.0,2.21,0.95,1,5,0.0005,1418.0,1418.0,ID_AMBIGUOUS,batch_clean
pay_8F6C0424F85147,order_16DC987853D149,order_16DC987853D149,exact,0,0.0,1.0,0,0.0,0.0,2.0,1.0,1,0,0.0768,142010.13,142010.13,EXACT_MATCH,batch_realistic
pay_1B5C3181017C48,order_86CE3F2C7B7A45,order_86CE3F2C7B7A45,exact,0,0.0,1.0,0,0.0,0.0,2.08,1.0,1,5,0.0015,23686.41,23686.41,EXACT_MATCH,batch_realistic
pay_8D0EF50740F642,order_A125501350894C,order_A125501350894C,exact,0,0.0,1.0,0,0.0,0.0,8.0,1.0,1,1,0.016,855.82,855.82,DATE_DRIFT,batch_realistic
pay_3CA23D1F3FB744,order_90DC6C4CF3E44F,order_90DC6C4CF3E44F,exact,0,0.0,1.0,0,0.0,0.0,2.42,1.0,1,3,0.0003,509.14,509.14,EXACT_MATCH,batch_realistic
pay_40BBB5C6B0CF4E,order_B717722D827B42,order_B717722D827B42,exact,0,0.0,1.0,0,0.0,0.0,2.5,1.0,1,5,0.0011,1206.55,1206.55,EXACT_MATCH,batch_realistic
pay_6861457D37D44C,order_ED390EFA5DC04D,order_ED390EFA5DC04D,exact,0,0.0,1.0,0,0.0,0.0,2.29,1.0,1,1,0.0026,336.5,336.5,EXACT_MATCH,batch_realistic
pay_B15171D2D5B947,order_B7BBB4BBA25646,order_B7BBB4BBA25646,exact,0,0.0,1.0,0,0.0,0.0,2.5,1.0,1,0,0.0288,5628.7,5628.7,EXACT_MATCH,batch_realistic
pay_078DABD901F34F,order_3D88A06CAC0744,order_3D88A06CAC0744,exact,0,0.0,1.0,0,0.0,0.0,2.38,1.0,1,2,0.0154,760.5,760.5,EXACT_MATCH,batch_realistic
pay_D084DC3A1A4B4F,order_CAED442F5A194C,order_CAED442F5A194C,exact,0,0.0,1.0,0,0.0,0.0,2.46,1.0,1,2,0.0023,229093.91,229093.91,EXACT_MATCH,batch_realistic
pay_79AF884549E346,order_A5F162D198FE49,order_A5F162D198FE49,exact,0,0.0,1.0,0,-145.98,0.1037,2.04,1.0,1,5,0.0042,1262.02,1408.0,AMOUNT_MISMATCH,batch_realistic
pay_B109C4194BD540,order_636A79DF7FCD47,order_636A79DF7FCD47,exact,0,0.0,1.0,0,0.0,0.0,2.08,1.0,1,0,0.0295,47129.39,47129.39,EXACT_MATCH,batch_realistic
pay_B8D945213EFF4D,order_D968B5C3FB5949,order_D968B5C3FB5949,exact,0,0.0,1.0,0,0.0,0.0,2.17,1.0,1,1,0.0072,649.57,649.57,EXACT_MATCH,batch_realistic
pay_C91BC0F0A60F47,order_6C614B5242C442,order_6C614B5242C442,exact,0,0.0,1.0,0,0.0,0.0,2.38,1.0,1,1,0.0003,322.43,322.43,EXACT_MATCH,batch_realistic
pay_ACA2DA4217B544,order_177AFBCE501045,order_177AFBCE501045,exact,0,0.0,1.0,0,0.0,0.0,2.25,1.0,1,1,0.0014,7297.33,7297.33,EXACT_MATCH,batch_realistic
pay_A75D54B90A1143,order_B524923EF72C4A,order_B524923EF72C4A,exact,0,0.0,1.0,0,46.19,0.0404,2.08,1.0,1,8,0.0062,1188.18,1141.99,AMOUNT_MISMATCH,batch_realistic
pay_B85328951C6349,order_6B9C749D7C9E47,order_6B9C749D7C9E47,exact,0,0.0,1.0,0,0.0,0.0,2.04,1.0,1,13,0.0014,2704.25,2704.25,EXACT_MATCH,batch_realistic
pay_83B2CFC2E94A4B,order_725FBBA0F0FE4C,order_725FBBA0F0FE4C,exact,0,0.0,1.0,0,0.0,0.0,2.21,1.0,1,15,0.0002,2840.07,2840.07,EXACT_MATCH,batch_realistic
pay_6493206143BF44,order_240B4AFD17814C,order_240B4AFD17814C,exact,1,0.0,1.0,0,0.0,0.0,2.04,1.0,1,10,0.0038,2433.33,2433.33,DUPLICATE,batch_realistic
pay_30E1BE6177204A,order_005200342C4149,order_005200342C4149,exact,0,0.0,1.0,0,0.0,0.0,2.42,1.0,1,1,0.0072,443.11,443.11,EXACT_MATCH,batch_realistic
pay_E5D0AD4A1E4F4B,order_41ABA221FE264F,order_41ABA221FE264F,exact,0,0.0,1.0,0,0.0,0.0,10.0,1.0,1,7,0.0068,19463.55,19463.55,DATE_DRIFT,batch_realistic
pay_0CFD2B376BC649,order_ADBA0F85DA7D43,order_ADBA0F85DA7D43,exact,0,0.0,1.0,0,0.0,0.0,2.04,1.0,1,1,0.0032,5453.84,5453.84,EXACT_MATCH,batch_realistic
pay_CB8ECC197C6346,order_51CD40EEF78742,order_51CD40EEF78742,exact,0,0.0,1.0,0,0.0,0.0,2.17,1.0,1,7,0.0004,1887.09,1887.09,EXACT_MATCH,batch_realistic
pay_C52560DC0CFA40,order_CE80EF3FA4754D,order_CE80EF3FA4754D,exact,0,0.0,1.0,0,0.0,0.0,2.29,1.0,1,1,0.0123,214483.73,214483.73,EXACT_MATCH,batch_realistic
pay_6378F0349D6E45,order_03E09693D2F044,order_03E09693D2F044,exact,0,0.0,1.0,0,0.0,0.0,2.21,1.0,1,12,0.0024,2879.04,2879.04,EXACT_MATCH,batch_realistic
pay_1D03D868D3F14F,order_B318D76549A04D,order_B318D76549A04D,exact,0,0.0,1.0,0,0.0,0.0,2.33,1.0,1,16,0.0044,2770.91,2770.91,EXACT_MATCH,batch_realistic
pay_B04F35F830334F,order_81E58BC65B4E41,order_81E58BC65B4E41,exact,0,0.0,1.0,0,0.0,0.0,8.0,1.0,1,10,0.0015,2647.47,2647.47,DATE_DRIFT,batch_realistic
pay_A505409C7BCC4C,order_E768F4EE402540,order_E768F4EE402540,exact,0,0.0,1.0,0,0.0,0.0,12.0,1.0,1,14,0.0002,2871.79,2871.79,DATE_DRIFT,batch_realistic
pay_AF377189729248,order_752725DD81C847,order_752725DD81C847,exact,0,0.0,1.0,0,0.0,0.0,2.0,1.0,1,2,0.0085,495.15,495.15,EXACT_MATCH,batch_realistic
pay_4F86F89641A442,order_886A1B20172448,order_886A1B20172448,exact,0,0.0,1.0,0,0.0,0.0,2.33,1.0,1,6,0.0015,18895.6,18895.6,EXACT_MATCH,batch_realistic
pay_CEA393D3E12040,order_863AE9D09A8943,order_863AE9D09A8943,exact,0,0.0,1.0,0,0.0,0.0,2.12,1.0,1,4,0.0094,1342.76,1342.76,EXACT_MATCH,batch_realistic
pay_E28C7B9EB67842,order_172B7C575DB64D,order_172B7C575DB64D,exact,0,0.0,1.0,0,0.0,0.0,2.42,1.0,1,9,0.0018,1166.05,1166.05,EXACT_MATCH,batch_realistic
pay_2284202131A746,order_2DC559ECFCE24E,order_2DC559ECFCE24E,exact,0,0.0,1.0,0,0.0,0.0,2.25,1.0,1,14,0.0012,2124.33,2124.33,EXACT_MATCH,batch_realistic
pay_37E199E8119042,order_1C99C01198B84E,order_1C99C01198B84E,exact,0,0.0,1.0,0,0.0,0.0,2.08,1.0,1,7,0.0019,1382.12,1382.12,EXACT_MATCH,batch_realistic
pay_56DCF8115DB649,order_AA1BDE7760D947,order_AA1BDE7760D947,exact,0,0.0,1.0,0,0.0,0.0,2.04,1.0,1,1,0.003,70347.39,70347.39,EXACT_MATCH,batch_realistic
pay_A65C583FF26D43,order_36FE79D764A54E,order_36FE79D764A54E,exact,0,0.0,1.0,0,0.0,0.0,2.12,1.0,1,3,0.0112,1087.83,1087.83,EXACT_MATCH,batch_realistic
pay_55A79091BBE044,order_8965CA31335945,order_8965CA31335945,exact,0,0.0,1.0,0,0.0,0.0,2.21,1.0,1,2,0.0037,277.23,277.23,EXACT_MATCH,batch_realistic
pay_E3D881914CC548,order_C89C8F0001CA4D,order_C89C8F0001CA4D,exact,0,0.0,1.0,0,0.0,0.0,2.33,1.0,1,0,0.0879,56770.34,56770.34,EXACT_MATCH,batch_realistic
pay_CB9D1B55E79041,order_38518578A3FD4F,order_38518578A3FD4F,exact,0,0.0,1.0,0,0.0,0.0,2.12,1.0,1,10,0.0004,2044.7,2044.7,EXACT_MATCH,batch_realistic
pay_28B8EE83284340,order_A1D90DE2775A43,order_A1D90DE2775A43,exact,0,0.0,1.0,0,0.0,0.0,2.25,1.0,1,1,0.0175,238.43,238.43,EXACT_MATCH,batch_realistic
pay_AC6EBD0810EF4B,order_F27E1DCDDE864E,order_F27E1DCDDE864E,exact,0,0.0,1.0,0,0.0,0.0,2.21,1.0,1,0,0.0203,5343.17,5343.17,EXACT_MATCH,batch_realistic
pay_42C251901DD54D,order_ABB7067722274E,order_ABB7067722274E,exact,0,0.0,1.0,0,0.0,0.0,2.12,1.0,1,0,0.0204,186352.12,186352.12,EXACT_MATCH,batch_realistic
pay_EF33CDFBD72D4B,order_BE306976458448,order_BE306976458448,exact,0,0.0,1.0,0,0.0,0.0,2.17,1.0,1,1,0.0047,3760.65,3760.65,EXACT_MATCH,batch_realistic
pay_7EF3E4865D3948,order_C4EBA1CB3F254B,order_C4EBA1CB3F254B,exact,0,0.0,1.0,0,0.0,0.0,2.42,1.0,1,0,0.0291,589.17,589.17,EXACT_MATCH,batch_realistic
pay_87BC1DB43C4940,order_CBB8565B25534A,order_CBB8565B25534A,exact,0,0.0,1.0,0,0.0,0.0,2.0,1.0,1,12,0.0014,2708.17,2708.17,EXACT_MATCH,batch_realistic
pay_217E2A5FCA0645,order_46229FCA207D47,order_46229FCA207D47,exact,0,0.0,1.0,0,0.0,0.0,2.25,1.0,1,2,0.0068,7005.64,7005.64,EXACT_MATCH,batch_realistic
pay_4318387E16E248,order_5119E2FE646844,order_5119E2FE646844,exact,0,0.0,1.0,0,0.0,0.0,10.0,1.0,1,1,0.0014,956.59,956.59,DATE_DRIFT,batch_realistic
pay_A2DF620368B543,order_6BEAFBBC49B642,order_6BEAFBBC49B642,exact,0,0.0,1.0,0,0.0,0.0,2.33,1.0,1,8,0.0013,2384.05,2384.05,EXACT_MATCH,batch_realistic
pay_C85CD104177143,order_CF6ABC5F052848,order_CF6ABC5F052848,exact,0,0.0,1.0,0,0.0,0.0,2.0,1.0,1,13,0.0008,2227.67,2227.67,EXACT_MATCH,batch_realistic
pay_6BB08F82181546,order_5AEA59F5F77647,order_5AEA59F5F77647,exact,0,0.0,1.0,0,0.0,0.0,2.0,1.0,1,14,0.0039,2240.36,2240.36,EXACT_MATCH,batch_realistic
pay_144E8FF0C10440,order_5818ACDF27B440,order_5818ACDF27B440,exact,0,0.0,1.0,0,0.0,0.0,2.0,1.0,1,4,0.0012,24591.15,24591.15,EXACT_MATCH,batch_realistic
pay_4492ADAD993E4F,order_1F838DCDA8A544,order_1F838DCDA8A544,exact,0,0.0,1.0,0,0.0,0.0,2.04,1.0,1,2,0.0117,8285.55,8285.55,EXACT_MATCH,batch_realistic
pay_B666DB5745B545,order_05C84D7E606149,order_05C84D7E606149,exact,0,0.0,1.0,0,0.0,0.0,2.0,1.0,1,16,0.0035,2184.61,2184.61,EXACT_MATCH,batch_realistic
pay_0C5460A2DEEB4A,order_E29A15307D2546,order_E29A15307D2546,exact,0,0.0,1.0,0,0.0,0.0,8.0,1.0,1,15,0.0018,2584.23,2584.23,DATE_DRIFT,batch_realistic
pay_AE7CFA4CF7CE47,order_767D832BB0F14A,order_767D832BB0F14A,exact,0,0.0,1.0,0,-124.35,0.0008,2.08,1.0,1,0,0.024,157516.34,157640.69,AMOUNT_MISMATCH,batch_realistic
pay_133BDA58543A4F,order_1E0E084E4FCD44,order_1E0E084E4FCD44,exact,0,0.0,1.0,0,0.0,0.0,2.42,1.0,1,3,0.0034,748.01,748.01,EXACT_MATCH,batch_realistic
pay_C58A2F74378947,order_A0FD8297AEB044,order_A0FD8297AEB044,exact,0,0.0,1.0,0,0.0,0.0,2.29,1.0,1,15,0.0019,2748.34,2748.34,EXACT_MATCH,batch_realistic
pay_5087CC31BC3B42,order_2A1C38FD522347,order_2A1C38FD522347,exact,0,0.0,1.0,0,0.0,0.0,2.21,1.0,1,2,0.0034,14848.71,14848.71,EXACT_MATCH,batch_realistic
pay_87D08E27BE724A,order_A755AA361E074C,order_A755AA361E074C,exact,0,0.0,1.0,0,0.0,0.0,2.17,1.0,1,1,0.0018,4888.88,4888.88,EXACT_MATCH,batch_realistic
pay_C3300CB8BC1747,order_A968B929D2F14A,order_A968B929D2F14A,exact,0,0.0,1.0,0,0.0,0.0,2.5,1.0,1,11,0.0029,2019.81,2019.81,EXACT_MATCH,batch_realistic
pay_2E5870967C7948,order_1250099BB7A148,order_1250099BB7A148,exact,0,0.0,1.0,0,0.0,0.0,2.5,1.0,1,8,0.0016,1743.25,1743.25,EXACT_MATCH,batch_realistic
pay_2E4A1E60DCBC4A,order_B151F58E2ACA4F,order_B151F58E2ACA4F,exact,0,0.0,1.0,0,0.0,0.0,2.5,1.0,1,15,0.0003,2567.06,2567.06,EXACT_MATCH,batch_realistic
pay_49FE9A27EE5D42,order_1E30DBE0813842,order_1E30DBE0813842,exact,0,0.0,1.0,0,0.0,0.0,2.46,1.0,1,8,0.0011,2389.79,2389.79,EXACT_MATCH,batch_realistic
pay_B444622F68EC48,order_36D30385B5F346,order_36D30385B5F346,exact,0,0.0,1.0,0,0.0,0.0,2.29,1.0,1,0,0.0421,164274.29,164274.29,EXACT_MATCH,batch_realistic
pay_7E23F6BBAE8942,order_35B10B68176548,order_35B10B68176548,exact,0,0.0,1.0,0,107.99,0.0961,2.25,1.0,1,6,0.0004,1231.23,1123.24,AMOUNT_MISMATCH,batch_realistic
pay_FC822AA7EC834C,order_31D18044F25F47,order_31D18044F25F47,exact,0,0.0,1.0,0,0.0,0.0,2.5,1.0,1,5,0.0044,1486.49,1486.49,EXACT_MATCH,batch_realistic
pay_B9128DAEE3034E,order_58968A6E87C042,order_58968A6E87C042,exact,0,0.0,1.0,0,0.0,0.0,2.21,1.0,1,6,0.009,19639.25,19639.25,EXACT_MATCH,batch_realistic
pay_D5BDA85C366D4D,order_5ADDFB3A8E464D,order_5ADDFB3A8E464D,exact,0,0.0,1.0,0,0.0,0.0,2.0,1.0,1,9,0.0021,1844.57,1844.57,EXACT_MATCH,batch_realistic
pay_C8372D88FD3644,order_88AE2814B04F43,order_88AE2814B04F43,exact,0,0.0,1.0,0,0.0,0.0,2.29,1.0,1,17,0.0034,2757.67,2757.67,EXACT_MATCH,batch_realistic
pay_D81E5F57351041,order_560E840F7DDA49,order_560E840F7DDA49,exact,0,0.0,1.0,0,0.0,0.0,2.21,1.0,1,4,0.0017,921.49,921.49,EXACT_MATCH,batch_realistic
pay_207E16F3F3A54A,order_4E9A6339588C45,order_4E9A6339588C45,exact,0,0.0,1.0,0,0.0,0.0,2.42,1.0,1,0,0.0498,219.54,219.54,EXACT_MATCH,batch_realistic
pay_8625AD5B3F6248,order_B28DC1FD27C744,order_B28DC1FD27C744,exact,0,0.0,1.0,0,0.0,0.0,2.5,1.0,1,10,0.0015,1156.73,1156.73,EXACT_MATCH,batch_realistic
pay_77E2F56FE72E46,order_9EBFD364E1664F,order_9EBFD364E1664F,exact,0,0.0,1.0,0,0.0,0.0,2.33,1.0,1,12,0.0,2944.22,2944.22,EXACT_MATCH,batch_realistic
pay_39CB256A7F474F,order_00B194BA85CE47,order_00B194BA85CE47,exact,0,0.0,1.0,0,0.0,0.0,2.08,1.0,1,4,0.0034,803.2,803.2,EXACT_MATCH,batch_realistic
pay_621DAB565A1740,order_E363CCF5056747,order_E363CCF5056747,exact,0,0.0,1.0,0,0.0,0.0,2.46,1.0,1,4,0.0028,21455.62,21455.62,EXACT_MATCH,batch_realistic
pay_7957DA5FF90348,order_EEEF9B6C473247,order_EEEF9B6C473247,exact,0,0.0,1.0,0,0.0,0.0,2.38,1.0,1,3,0.0039,10308.84,10308.84,EXACT_MATCH,batch_realistic
pay_2A598FAE11554F,order_5B1F8729971A49,order_5B1F8729971A49,exact,0,0.0,1.0,0,0.0,0.0,2.25,1.0,1,11,0.0022,2637.98,2637.98,EXACT_MATCH,batch_realistic
pay_FBE0DE6CBA0244,order_E48EB3423CB840,order_E48EB3423CB840,exact,0,0.0,1.0,0,0.0,0.0,9.0,1.0,1,8,0.0055,1293.7,1293.7,DATE_DRIFT,batch_realistic
pay_6BD42DCEA19F4A,order_D63483D3477143,order_D63483D3477143,exact,0,0.0,1.0,0,0.0,0.0,2.17,1.0,1,12,0.0029,2109.56,2109.56,EXACT_MATCH,batch_realistic
pay_EF7D95FF557948,order_8343039B5A5848,order_8343039B5A5848,exact,0,0.0,1.0,0,0.0,0.0,2.21,1.0,1,0,0.0288,133.67,133.67,EXACT_MATCH,batch_realistic
pay_47FA0DAEB5C84B,order_7606DADE2E424E,order_7606DADE2E424E,exact,0,0.0,1.0,0,0.0,0.0,2.17,1.0,1,4,0.0015,21557.04,21557.04,EXACT_MATCH,batch_realistic
pay_0D4FC6BA12CC4A,order_49FB80B97CFC4B,order_49FB80B97CFC4B,exact,0,0.0,1.0,0,-96.11,0.005,2.42,1.0,1,9,0.0021,19152.45,19248.56,AMOUNT_MISMATCH,batch_realistic
pay_9409FB1646F24A,order_614A160201B241,order_614A160201B241,exact,0,0.0,1.0,0,0.0,0.0,2.29,1.0,1,15,0.0017,2151.44,2151.44,EXACT_MATCH,batch_realistic
pay_E1DBE22F840542,order_D27EA985E2A648,order_D27EA985E2A648,exact,0,0.0,1.0,0,0.0,0.0,2.5,1.0,1,6,0.0021,2338.34,2338.34,EXACT_MATCH,batch_realistic
pay_89EC947600334C,order_7C70BCAB87E145,order_7C70BCAB87E145,exact,0,0.0,1.0,0,0.0,0.0,2.46,1.0,1,9,0.0029,2280.52,2280.52,EXACT_MATCH,batch_realistic
pay_172E4E81469947,order_C67DA58B3E2446,order_C67DA58B3E2446,exact,0,0.0,1.0,0,0.0,0.0,2.12,1.0,1,10,0.0004,2045.46,2045.46,EXACT_MATCH,batch_realistic
pay_6052FF23379440,order_4B425DDE412D4B,order_4B425DDE412D4B,exact,0,0.0,1.0,0,0.0,0.0,2.42,1.0,1,11,0.0015,1158.5,1158.5,EXACT_MATCH,batch_realistic
pay_7225F551097C47,order_7B8AB36F6D444A,order_7B8AB36F6D444A,exact,0,0.0,1.0,0,-118.25,0.0709,2.0,1.0,1,5,0.0051,1550.5,1668.75,AMOUNT_MISMATCH,batch_realistic
pay_D95A3A7C77BA46,order_22AC1131318141,order_22AC1131318141,exact,0,0.0,1.0,0,0.0,0.0,2.42,1.0,1,4,0.0043,1445.91,1445.91,EXACT_MATCH,batch_realistic
pay_B4DF8E4FE50C45,order_453B4CFD626D4A,order_453B4CFD626D4A,exact,0,0.0,1.0,0,0.0,0.0,2.17,1.0,1,11,0.0027,1998.22,1998.22,EXACT_MATCH,batch_realistic
pay_3E2F0ECA67D043,order_D5BE72BC8C064E,order_D5BE72BC8C064E,exact,0,0.0,1.0,0,0.0,0.0,2.0,1.0,1,8,0.0021,1848.36,1848.36,EXACT_MATCH,batch_realistic
pay_98C730253C1845,order_676684E567674F,order_676684E567674F,exact,0,0.0,1.0,0,-15.16,0.0077,2.33,1.0,1,9,0.0035,1952.4,1967.56,AMOUNT_MISMATCH,batch_realistic
pay_2367D3B9EED94C,order_E257A020ED3A4B,order_E257A020ED3A4B,exact,0,0.0,1.0,0,0.0,0.0,2.25,1.0,1,10,0.0004,2988.66,2988.66,EXACT_MATCH,batch_realistic
pay_57A7966660A84F,order_1337B0055B204F,order_1337B0055B204F,exact,0,0.0,1.0,0,0.0,0.0,2.08,1.0,1,15,0.0026,2207.3,2207.3,EXACT_MATCH,batch_realistic
pay_DA83D2E104F449,order_6151293357D944,order_6151293357D944,exact,0,0.0,1.0,0,0.0,0.0,2.33,1.0,1,6,0.0076,14377.7,14377.7,EXACT_MATCH,batch_realistic
pay_9BD62902F63C4E,order_3427A383BF174C,order_3427A383BF174C,exact,0,0.0,1.0,0,-134.59,0.0588,2.21,1.0,1,16,0.0003,2154.58,2289.17,AMOUNT_MISMATCH,batch_realistic
pay_80409C9FC32F4B,order_EDC333C696F14A,order_EDC333C696F14A,exact,0,0.0,1.0,0,0.0,0.0,2.46,1.0,1,4,0.0025,23483.48,23483.48,EXACT_MATCH,batch_realistic
pay_15A4B57FCDC343,order_6EF36D4BB8EC42,order_6EF36D4BB8EC42,exact,0,0.0,1.0,0,0.0,0.0,2.04,1.0,1,0,0.0483,3265.45,3265.45,EXACT_MATCH,batch_realistic
pay_C8B0206017164F,order_868352577C8341,order_868352577C8341,exact,0,0.0,1.0,0,0.0,0.0,2.12,1.0,1,5,0.007,1180.9,1180.9,EXACT_MATCH,batch_realistic
pay_D357C018D2E44F,order_AFC9A7C4DF0146,order_AFC9A7C4DF0146,exact,0,0.0,1.0,0,0.0,0.0,2.17,1.0,1,6,0.0017,1643.94,1643.94,EXACT_MATCH,batch_realistic
pay_7ABA91ED8F6C4E,order_A0A8034367BE47,order_A0A8034367BE47,exact,0,0.0,1.0,0,0.0,0.0,2.0,1.0,1,2,0.0044,779.1,779.1,EXACT_MATCH,batch_realistic
pay_CF41172F8C2F41,order_F2CCBC8CEC6D4B,order_F2CCBC8CEC6D4B,exact,0,0.0,1.0,0,0.0,0.0,2.17,1.0,1,1,0.0072,654.25,654.25,EXACT_MATCH,batch_realistic
pay_69901FEA791544,order_6A9DCAD8AA044F,order_6A9DCAD8AA044F,exact,0,0.0,1.0,0,0.0,0.0,2.12,1.0,1,8,0.0019,1139.83,1139.83,EXACT_MATCH,batch_realistic
pay_86F3709F98DD42,order_6C34145406EF4B,order_6C34145406EF4B,exact,0,0.0,1.0,0,0.0,0.0,2.38,1.0,1,9,0.0003,2448.67,2448.67,EXACT_MATCH,batch_realistic
pay_5F56BFB9DD1744,order_21028C56B07C42,order_21028C56B07C42,exact,0,0.0,1.0,0,0.0,0.0,2.5,1.0,1,2,0.0004,209.12,209.12,EXACT_MATCH,batch_realistic
pay_AC83453BFF0F4A,order_55CA53C9A20A4A,order_55CA53C9A20A4A,exact,0,0.0,1.0,0,0.0,0.0,2.33,1.0,1,14,0.0007,2214.77,2214.77,EXACT_MATCH,batch_realistic
pay_AF8A3F89E5E049,order_CD02823C5C724F,order_CD02823C5C724F,exact,0,0.0,1.0,0,0.0,0.0,2.08,1.0,1,10,0.0006,1154.73,1154.73,EXACT_MATCH,batch_realistic
pay_05EAF82C2F3641,order_DE5AD33F998B43,order_DE5AD33F998B43,exact,0,0.0,1.0,0,0.0,0.0,2.42,1.0,1,4,0.0052,1686.18,1686.18,EXACT_MATCH,batch_realistic
pay_F34A7487B3B545,order_80274C654B644E,order_80274C654B644E,exact,0,0.0,1.0,0,0.0,0.0,2.04,1.0,1,2,0.0043,22886.85,22886.85,EXACT_MATCH,batch_realistic
pay_A3BFC1CB829C45,order_D596D48CE6104B,order_D596D48CE6104B,exact,0,0.0,1.0,0,0.0,0.0,2.33,1.0,1,11,0.001,2424.22,2424.22,EXACT_MATCH,batch_realistic
pay_4C9F797702114F,order_6DB753E59BAB42,order_6DB753E59BAB42,exact,0,0.0,1.0,0,-59.1,0.0067,2.33,1.0,1,2,0.0142,8758.34,8817.44,AMOUNT_MISMATCH,batch_realistic
pay_0FF5792A7C8D40,order_25B10586DE1244,order_25B10586DE1244,exact,0,0.0,1.0,0,0.0,0.0,2.29,1.0,1,3,0.0086,772.39,772.39,EXACT_MATCH,batch_realistic
pay_7A96408E874E45,order_9D2DD981B72B47,order_9D2DD981B72B47,exact,0,0.0,1.0,0,0.0,0.0,2.42,1.0,1,15,0.0017,2155.13,2155.13,EXACT_MATCH,batch_realistic
pay_0D0BB71D39C445,order_B035BC21846340,order_B035BC21846340,exact,0,0.0,1.0,0,0.0,0.0,2.42,1.0,1,15,0.0052,2605.33,2605.33,EXACT_MATCH,batch_realistic
pay_F719A9C0A8EF49,order_FE38B80D35D440,order_FE38B80D35D440,exact,0,0.0,1.0,0,0.0,0.0,2.12,1.0,1,4,0.0003,1355.89,1355.89,EXACT_MATCH,batch_realistic
pay_A2F8EE0487DB48,order_9644FC00B3C945,order_9644FC00B3C945,exact,0,0.0,1.0,0,0.0,0.0,2.21,1.0,1,1,0.02,986.25,986.25,EXACT_MATCH,batch_realistic
pay_DA5089E755E84A,order_B16AA86D0C2A4B,order_B16AA86D0C2A4B,exact,0,0.0,1.0,0,0.0,0.0,11.0,1.0,1,2,0.0168,232940.2,232940.2,DATE_DRIFT,batch_realistic
pay_1BA32E41B50048,order_E32F712B729B4F,order_E32F712B729B4F,exact,0,0.0,1.0,0,0.0,0.0,2.33,1.0,1,1,0.0003,322.33,322.33,EXACT_MATCH,batch_realistic
pay_4B681E4FB4074D,order_DB6B49D3079145,order_DB6B49D3079145,exact,0,0.0,1.0,0,0.0,0.0,2.38,1.0,1,8,0.0011,2387.18,2387.18,EXACT_MATCH,batch_realistic
pay_E057A98939F042,order_E49F66346C2842,order_E49F66346C2842,exact,0,0.0,1.0,0,0.0,0.0,2.12,1.0,1,6,0.0036,1620.51,1620.51,EXACT_MATCH,batch_realistic
pay_85A3D42C86F644,order_B28889E87F0D48,order_B28889E87F0D48,exact,0,0.0,1.0,0,0.0,0.0,2.33,1.0,1,6,0.0025,1126.05,1126.05,EXACT_MATCH,batch_realistic
pay_E400724DDFCE4E,order_0503B2F19CAB4B,order_0503B2F19CAB4B,exact,0,0.0,1.0,0,0.0,0.0,2.17,1.0,1,1,0.0141,876.13,876.13,EXACT_MATCH,batch_realistic
pay_2878183307CE47,order_C40FA70A48FD4B,order_C40FA70A48FD4B,exact,0,0.0,1.0,0,0.0,0.0,2.21,1.0,1,2,0.0025,8404.86,8404.86,EXACT_MATCH,batch_realistic
pay_3BF5CA90632B48,order_B345F1CF86C241,order_B345F1CF86C241,exact,0,0.0,1.0,0,0.0,0.0,2.12,1.0,1,3,0.0028,1075.77,1075.77,EXACT_MATCH,batch_realistic
pay_2A7E69C0BC4E4D,order_0496F1283A1147,order_0496F1283A1147,exact,0,0.0,1.0,0,0.0,0.0,2.42,1.0,1,1,0.008,4502.28,4502.28,EXACT_MATCH,batch_realistic
pay_8AFCB7D83E5347,order_C473B078A93E45,order_C473B078A93E45,exact,0,0.0,1.0,0,0.0,0.0,2.38,1.0,1,5,0.0104,1230.76,1230.76,EXACT_MATCH,batch_realistic
pay_563D696C3C2249,order_0CA24D6E37D348,order_0CA24D6E37D348,exact,0,0.0,1.0,0,0.0,0.0,2.46,1.0,1,0,0.0247,285.13,285.13,EXACT_MATCH,batch_realistic
pay_EB5C44DB0D8248,order_58ED1FC9742143,order_58ED1FC9742143,exact,0,0.0,1.0,0,0.0,0.0,2.33,1.0,1,1,0.0023,189.73,189.73,EXACT_MATCH,batch_realistic
pay_6BCDE659FE624E,order_21A386A6DA0E47,order_21A386A6DA0E47,exact,0,0.0,1.0,0,0.0,0.0,2.25,1.0,1,3,0.0074,11806.18,11806.18,EXACT_MATCH,batch_realistic
pay_FE8B5E79D2BC46,order_B971BB26A3C84F,order_B971BB26A3C84F,exact,0,0.0,1.0,0,0.0,0.0,2.33,1.0,1,4,0.0003,1355.55,1355.55,EXACT_MATCH,batch_realistic
pay_A011C6AE158840,order_4DE97940749C4F,order_4DE97940749C4F,exact,0,0.0,1.0,0,0.0,0.0,2.38,1.0,1,1,0.007,13688.76,13688.76,EXACT_MATCH,batch_realistic
pay_6064283D07C044,order_984034AE331D4A,order_984034AE331D4A,exact,0,0.0,1.0,0,0.0,0.0,2.04,1.0,1,9,0.0078,2484.2,2484.2,EXACT_MATCH,batch_realistic
pay_6C7C14BBF16047,order_BB3105EF96EC48,order_BB3105EF96EC48,exact,0,0.0,1.0,0,0.0,0.0,2.0,1.0,1,4,0.0086,499.4,499.4,EXACT_MATCH,batch_realistic
pay_4FAD850459634D,order_51D83DE611604F,order_51D83DE611604F,exact,0,0.0,1.0,0,-86.65,0.0388,2.17,1.0,1,17,0.0007,2144.34,2230.99,AMOUNT_MISMATCH,batch_realistic
pay_280E671DDC5045,order_DD5FA6BD9A5A43,order_DD5FA6BD9A5A43,exact,0,0.0,1.0,0,0.0,0.0,2.46,1.0,1,10,0.0005,2715.42,2715.42,EXACT_MATCH,batch_realistic
pay_9C6CB7ADC8B749,order_FC204707E6AE45,order_FC204707E6AE45,exact,0,0.0,1.0,0,0.0,0.0,2.46,1.0,1,5,0.0043,1862.18,1862.18,EXACT_MATCH,batch_realistic
pay_815A7B88751747,order_AC493C08A67046,order_AC493C08A67046,exact,0,0.0,1.0,0,0.0,0.0,2.17,1.0,1,15,0.0002,2131.21,2131.21,EXACT_MATCH,batch_realistic
pay_EEC6BE7AAFCB4C,order_107B96737C484A,order_107B96737C484A,exact,0,0.0,1.0,0,0.0,0.0,2.46,1.0,1,1,0.0079,306.61,306.61,EXACT_MATCH,batch_realistic
pay_DA6C0C6879EB43,order_121B2CCA8CBF4B,order_121B2CCA8CBF4B,exact,0,0.0,1.0,0,-144.07,0.3908,2.08,1.0,1,0,0.0229,224.57,368.64,AMOUNT_MISMATCH,batch_realistic
pay_5CB94B00622F4E,order_BD7FC71BE5ED44,order_BD7FC71BE5ED44,exact,0,0.0,1.0,0,0.0,0.0,2.5,1.0,1,8,0.004,2079.5,2079.5,EXACT_MATCH,batch_realistic
pay_BD9F544079EF47,order_886A0E6CDEE44E,order_886A0E6CDEE44E,exact,0,0.0,1.0,0,0.0,0.0,2.17,1.0,1,10,0.0011,2983.07,2983.07,EXACT_MATCH,batch_realistic
pay_A4BD59C5E79B45,order_C89ECB1D342F45,order_C89ECB1D342F45,exact,0,0.0,1.0,0,0.0,0.0,2.21,1.0,1,9,0.0003,2449.48,2449.48,EXACT_MATCH,batch_realistic
pay_784F49FFF5C740,order_C3E510A475DB47,order_C3E510A475DB47,exact,0,0.0,1.0,0,0.0,0.0,2.38,1.0,1,0,0.0257,4659.82,4659.82,EXACT_MATCH,batch_realistic
pay_276879E8014349,order_F44090AB453D4F,order_F44090AB453D4F,exact,1,0.0,1.0,0,0.0,0.0,2.38,1.0,1,16,0.0018,2142.79,2142.79,DUPLICATE,batch_realistic
pay_8662FDAA719A4E,order_FD0C2E260D6D44,order_FD0C2E260D6D44,exact,0,0.0,1.0,0,0.0,0.0,2.04,1.0,1,0,0.0223,104.07,104.07,EXACT_MATCH,batch_realistic
pay_CB83B2B1A1DE45,order_84A3907CBE2C49,order_84A3907CBE2C49,exact,0,0.0,1.0,0,-138.2,0.0673,2.38,1.0,1,9,0.0024,1914.62,2052.82,AMOUNT_MISMATCH,batch_realistic
pay_81A664A1F2DD42,order_8358CE0D73C04F,order_8358CE0D73C04F,exact,0,0.0,1.0,0,142.56,0.0119,2.42,1.0,1,0,0.0216,12150.69,12008.13,AMOUNT_MISMATCH,batch_realistic
pay_3294AAB677254D,order_6F51F0910BEB46,order_6F51F0910BEB46,exact,0,0.0,1.0,0,0.0,0.0,2.42,1.0,1,3,0.0063,10157.07,10157.07,EXACT_MATCH,batch_realistic
pay_80753DD618F64D,order_B67ADF4C121F46,order_B67ADF4C121F46,exact,0,0.0,1.0,0,0.0,0.0,2.38,1.0,1,1,0.0165,20901.7,20901.7,EXACT_MATCH,batch_realistic
pay_8B83A4827A234D,order_8130F3B26B7045,order_8130F3B26B7045,exact,0,0.0,1.0,0,0.0,0.0,2.17,1.0,1,12,0.0001,2947.54,2947.54,EXACT_MATCH,batch_realistic
pay_6F7FFE98699440,order_9D7176F8BCAB4E,order_9D7176F8BCAB4E,exact,0,0.0,1.0,0,0.0,0.0,2.5,1.0,1,15,0.0001,2783.82,2783.82,EXACT_MATCH,batch_realistic
pay_A0D8CC41360D4D,order_8B6D39B97D0949,order_8B6D39B97D0949,exact,0,0.0,1.0,0,0.0,0.0,2.0,1.0,1,0,0.023,253.45,253.45,EXACT_MATCH,batch_realistic
pay_4F96C8534FD649,order_0E8F3693106741,order_0E8F3693106741,exact,0,0.0,1.0,0,0.0,0.0,2.42,1.0,1,1,0.0014,957.92,957.92,EXACT_MATCH,batch_realistic
pay_5C8B8919ADE947,order_DA46749B7BE34F,order_DA46749B7BE34F,exact,0,0.0,1.0,0,0.0,0.0,2.46,1.0,1,0,0.0324,248385.87,248385.87,EXACT_MATCH,batch_realistic
pay_3EA71674A2FB47,order_630D2A0EFADD4E,order_630D2A0EFADD4E,exact,0,0.0,1.0,0,0.0,0.0,2.08,1.0,1,5,0.0012,1535.03,1535.03,EXACT_MATCH,batch_realistic
pay_DC1451A7059948,order_C90019AF7D3B49,order_C90019AF7D3B49,exact,0,0.0,1.0,0,0.0,0.0,2.21,1.0,1,15,0.0002,2131.61,2131.61,EXACT_MATCH,batch_realistic
pay_533424B341F04E,order_49ED938B10444A,order_49ED938B10444A,exact,0,0.0,1.0,0,0.0,0.0,2.38,1.0,1,9,0.0014,1970.37,1970.37,EXACT_MATCH,batch_realistic
pay_BF127C6F52A44F,order_50161AC44C314F,order_50161AC44C314F,exact,0,0.0,1.0,0,0.0,0.0,2.08,1.0,1,10,0.001,2009.98,2009.98,EXACT_MATCH,batch_realistic
pay_1FE67A181C9B4B,order_1DA6D87C25BC4D,order_1DA6D87C25BC4D,exact,0,0.0,1.0,0,0.0,0.0,2.38,1.0,1,8,0.0022,1172.67,1172.67,EXACT_MATCH,batch_realistic
pay_A5F79F9684964E,order_1470333C5ACE47,order_1470333C5ACE47,exact,0,0.0,1.0,0,0.0,0.0,2.33,1.0,1,11,0.0007,2718.75,2718.75,EXACT_MATCH,batch_realistic
pay_3E424AC815A543,order_EC9FFC004CE642,order_EC9FFC004CE642,exact,0,0.0,1.0,0,0.0,0.0,2.0,1.0,1,4,0.0021,1614.74,1614.74,EXACT_MATCH,batch_realistic
pay_DA10A6038EB74B,order_13F91194FCDE4F,order_13F91194FCDE4F,exact,0,0.0,1.0,0,0.0,0.0,2.21,1.0,1,14,0.0006,2842.39,2842.39,EXACT_MATCH,batch_realistic
pay_4A5954777D9D44,order_F96AFC8495C24D,order_F96AFC8495C24D,exact,1,0.0,1.0,0,0.0,0.0,2.5,1.0,1,17,0.0011,2818.56,2818.56,DUPLICATE,batch_realistic
pay_117CCDB2C1A44F,order_253FF038C92D4A,order_253FF038C92D4A,exact,0,0.0,1.0,0,0.0,0.0,2.29,1.0,1,12,0.0036,2265.7,2265.7,EXACT_MATCH,batch_realistic
pay_A63DC2320DE040,order_FF4FDA0A237E44,order_FF4FDA0A237E44,exact,0,0.0,1.0,0,0.0,0.0,2.46,1.0,1,4,0.0043,1439.66,1439.66,EXACT_MATCH,batch_realistic
pay_C6F5691DB56C40,order_884B2D792D484A,order_884B2D792D484A,exact,0,0.0,1.0,0,0.0,0.0,2.08,1.0,1,14,0.0018,2588.81,2588.81,EXACT_MATCH,batch_realistic
pay_3400A84F23A74C,order_3F781DFF381F47,order_3F781DFF381F47,exact,0,0.0,1.0,0,0.0,0.0,12.0,1.0,1,0,0.0319,5044.97,5044.97,DATE_DRIFT,batch_realistic
pay_7FE3F5DB2B214B,order_E899389336FE4E,order_E899389336FE4E,exact,0,0.0,1.0,0,0.0,0.0,2.08,1.0,1,15,0.0006,2557.73,2557.73,EXACT_MATCH,batch_realistic
pay_34BFD361EC5E49,order_917318D2FDA545,order_917318D2FDA545,exact,0,0.0,1.0,0,0.0,0.0,14.0,1.0,1,7,0.004,24103.29,24103.29,DATE_DRIFT,batch_realistic
pay_625C4693A55149,order_EC952B594EC34F,order_EC952B594EC34F,exact,0,0.0,1.0,0,0.0,0.0,2.33,1.0,1,9,0.0017,1168.14,1168.14,EXACT_MATCH,batch_realistic
pay_775ED71EFC3A43,order_6D5282D157D547,order_6D5282D157D547,exact,0,0.0,1.0,0,0.0,0.0,6.0,1.0,1,4,0.0067,1105.5,1105.5,DATE_DRIFT,batch_realistic
pay_0C054D6622A646,order_7386A6C7849C48,order_7386A6C7849C48,exact,0,0.0,1.0,0,0.0,0.0,2.0,1.0,1,11,0.0014,2012.71,2012.71,EXACT_MATCH,batch_realistic
pay_0862F5764CCB41,order_4B7EDF3194294D,order_4B7EDF3194294D,exact,0,0.0,1.0,0,0.0,0.0,2.29,1.0,1,16,0.0016,2201.56,2201.56,EXACT_MATCH,batch_realistic
pay_BDB42E1E71FC45,order_C62A398AA08145,order_C62A398AA08145,exact,0,0.0,1.0,0,0.0,0.0,2.29,1.0,1,2,0.0065,410.47,410.47,EXACT_MATCH,batch_realistic
pay_62F300D5554443,order_6225DC3C945544,order_6225DC3C945544,exact,0,0.0,1.0,0,-52.19,0.1025,2.17,1.0,1,0,0.0316,457.11,509.3,AMOUNT_MISMATCH,batch_realistic
pay_CE600A688DEC45,order_70D5D254A93C4C,order_70D5D254A93C4C,exact,0,0.0,1.0,0,0.0,0.0,2.04,1.0,1,13,0.0009,2534.23,2534.23,EXACT_MATCH,batch_realistic
pay_3047E8D0465442,order_C21EED4A5A1A40,order_C21EED4A5A1A40,exact,0,0.0,1.0,0,0.0,0.0,8.0,1.0,1,5,0.0043,1870.27,1870.27,DATE_DRIFT,batch_realistic
pay_BFD8DF924C3542,order_A7A5BB50541B4F,order_A7A5BB50541B4F,exact,0,0.0,1.0,0,0.0,0.0,2.12,1.0,1,4,0.0004,21524.84,21524.84,EXACT_MATCH,batch_realistic
pay_4559F2BB581E42,order_D29A444F96B64A,order_D29A444F96B64A,exact,0,0.0,1.0,0,-22.36,0.0001,2.38,1.0,1,2,0.0114,192478.38,192500.74,AMOUNT_MISMATCH,batch_realistic
pay_4E48C665438744,order_3AD260DDF1E041,order_3AD260DDF1E041,exact,0,0.0,1.0,0,78.87,0.0032,2.29,1.0,1,5,0.0026,24439.13,24360.26,AMOUNT_MISMATCH,batch_realistic
pay_274704F58EB54F,order_05C6C5802BDE44,order_05C6C5802BDE44,exact,0,0.0,1.0,0,0.0,0.0,2.42,1.0,1,0,0.0354,7992.6,7992.6,EXACT_MATCH,batch_realistic
pay_A9830F46B17C45,order_5EB8AF806E2C46,order_5EB8AF806E2C46,exact,0,0.0,1.0,0,0.0,0.0,2.29,1.0,1,14,0.004,2853.89,2853.89,EXACT_MATCH,batch_realistic
pay_7D0F71AD917748,order_62BA60D44D5B48,order_62BA60D44D5B48,exact,0,0.0,1.0,0,0.0,0.0,9.0,1.0,1,10,0.0042,1945.57,1945.57,DATE_DRIFT,batch_realistic
pay_D27E834345414B,order_95ABD80770C54E,order_95ABD80770C54E,exact,0,0.0,1.0,0,0.0,0.0,2.33,1.0,1,0,0.0228,709.68,709.68,EXACT_MATCH,batch_realistic
pay_032A50A779E040,order_713DE3F42EB445,order_713DE3F42EB445,exact,0,0.0,1.0,0,0.0,0.0,2.33,1.0,1,1,0.0077,128.93,128.93,EXACT_MATCH,batch_realistic
pay_5D761283E66643,order_9DEEEBE3098C4A,order_9DEEEBE3098C4A,exact,0,0.0,1.0,0,0.0,0.0,2.46,1.0,1,11,0.0022,1808.78,1808.78,EXACT_MATCH,batch_realistic
pay_C4D0CD5C21894D,order_C6873BEFCB584C,order_C6873BEFCB584C,exact,0,0.0,1.0,0,0.0,0.0,2.46,1.0,1,16,0.0019,2159.26,2159.26,EXACT_MATCH,batch_realistic
pay_48F3D682505A44,order_B2C1412325414B,order_B2C1412325414B,exact,0,0.0,1.0,0,0.0,0.0,2.33,1.0,1,0,0.0494,4279.76,4279.76,EXACT_MATCH,batch_realistic
pay_425E61B2B9B54B,order_A3A63C853AA742,order_A3A63C853AA742,exact,0,0.0,1.0,0,0.0,0.0,2.21,1.0,1,11,0.0011,2419.0,2419.0,EXACT_MATCH,batch_realistic
pay_93141CC7B26B44,order_75053EAE69D24A,order_75053EAE69D24A,exact,0,0.0,1.0,0,0.0,0.0,2.46,1.0,1,1,0.0164,534.93,534.93,EXACT_MATCH,batch_realistic
pay_5035A3CC26DF46,order_D876230C1C104B,order_D876230C1C104B,exact,0,0.0,1.0,0,0.0,0.0,2.0,1.0,1,9,0.0013,2315.61,2315.61,EXACT_MATCH,batch_realistic
pay_16FEBD9019F14F,order_3CA4A7B19B2D49,order_3CA4A7B19B2D49,exact,0,0.0,1.0,0,0.0,0.0,2.42,1.0,1,10,0.0019,1804.86,1804.86,EXACT_MATCH,batch_realistic
pay_9EF85641337849,order_33A1749C90CA4F,order_33A1749C90CA4F,exact,0,0.0,1.0,0,0.0,0.0,2.29,1.0,1,14,0.0002,2872.29,2872.29,EXACT_MATCH,batch_realistic
pay_811D52C47A9D40,order_D3D11E641EC34D,order_D3D11E641EC34D,exact,0,0.0,1.0,0,0.0,0.0,2.5,1.0,1,1,0.0101,16822.04,16822.04,EXACT_MATCH,batch_realistic
pay_D0DAE1C3E1AB41,order_9494E79E08044E,order_9494E79E08044E,exact,0,0.0,1.0,0,0.0,0.0,2.42,1.0,1,16,0.0001,2866.47,2866.47,EXACT_MATCH,batch_realistic
pay_C344F043673046,order_3D9EAB9F0AED47,order_3D9EAB9F0AED47,exact,0,0.0,1.0,0,0.0,0.0,2.38,1.0,1,0,0.0459,114689.48,114689.48,EXACT_MATCH,batch_realistic
pay_E518B0232A6848,order_C4E2D99809AC4E,order_C4E2D99809AC4E,exact,0,0.0,1.0,0,0.0,0.0,2.42,1.0,1,10,0.0019,1801.38,1801.38,EXACT_MATCH,batch_realistic
pay_CD7236DCADC448,order_FEA220D507D44B,order_FEA220D507D44B,exact,0,0.0,1.0,0,0.0,0.0,2.33,1.0,1,15,0.004,2799.74,2799.74,EXACT_MATCH,batch_realistic
pay_649280B5639A45,order_A9707691838F4B,order_A9707691838F4B,exact,0,0.0,1.0,0,0.0,0.0,2.42,1.0,1,2,0.0044,526.28,526.28,EXACT_MATCH,batch_realistic
pay_5E2EBDF095644F,order_03D8A228E7A447,order_03D8A228E7A447,exact,0,0.0,1.0,0,0.0,0.0,2.25,1.0,1,11,0.0029,2103.41,2103.41,EXACT_MATCH,batch_realistic
pay_D61ABD7DAB2D42,order_292C48AA3DF34F,order_292C48AA3DF34F,exact,0,0.0,1.0,0,0.0,0.0,2.08,1.0,1,13,0.0008,2225.8,2225.8,EXACT_MATCH,batch_realistic
pay_B61D41C41FE643,order_AB46BCF1DE6144,order_AB46BCF1DE6144,exact,0,0.0,1.0,0,0.0,0.0,2.42,1.0,1,1,0.0081,4538.53,4538.53,EXACT_MATCH,batch_realistic
pay_5A0E326B2E2D46,order_540286538CC048,order_540286538CC048,exact,0,0.0,1.0,0,0.0,0.0,2.25,1.0,1,13,0.0022,2119.73,2119.73,EXACT_MATCH,batch_realistic
pay_15DFE1FE9E4843,order_2D38AABBC25943,order_2D38AABBC25943,exact,0,0.0,1.0,0,0.0,0.0,2.38,1.0,1,16,0.0001,2866.19,2866.19,EXACT_MATCH,batch_realistic
pay_2BD47EBDFDB54E,order_E107A14A9FF843,order_E107A14A9FF843,exact,0,0.0,1.0,0,0.0,0.0,2.38,1.0,1,10,0.0047,2093.6,2093.6,EXACT_MATCH,batch_realistic
pay_7F7D06CBEA234F,order_543788EAA8814E,order_543788EAA8814E,exact,0,0.0,1.0,0,0.0,0.0,2.42,1.0,1,9,0.0006,1778.63,1778.63,EXACT_MATCH,batch_realistic
pay_C1706B1513314B,order_E3C1C51F503242,order_E3C1C51F503242,exact,0,0.0,1.0,0,0.0,0.0,2.0,1.0,1,14,0.0005,2915.93,2915.93,EXACT_MATCH,batch_realistic
pay_F15E70CCCD3948,order_1E61C3DD6C0C47,order_1E61C3DD6C0C47,exact,0,0.0,1.0,0,0.0,0.0,2.42,1.0,1,3,0.0002,13219.07,13219.07,EXACT_MATCH,batch_realistic
pay_80F433CA42DA44,order_838D03FAF5A547,order_838D03FAF5A547,exact,0,0.0,1.0,0,0.0,0.0,2.17,1.0,1,13,0.0003,2783.05,2783.05,EXACT_MATCH,batch_realistic
pay_D3B5CF82A8D241,order_E33A131DE43640,order_E33A131DE43640,exact,0,0.0,1.0,0,-12.51,0.0206,2.42,1.0,1,1,0.0087,594.31,606.82,AMOUNT_MISMATCH,batch_realistic
pay_26A8CC847DDA4E,order_8C94D7ECEEB044,order_8C94D7ECEEB044,exact,0,0.0,1.0,0,0.0,0.0,2.08,1.0,1,14,0.0003,2913.81,2913.81,EXACT_MATCH,batch_realistic
pay_7AC38D831EB143,order_C0E49C53175546,order_C0E49C53175546,exact,0,0.0,1.0,0,0.0,0.0,2.38,1.0,1,3,0.0059,14076.27,14076.27,EXACT_MATCH,batch_realistic
pay_4D94A652F66348,order_7D4F729F841E4D,order_7D4F729F841E4D,exact,0,0.0,1.0,0,0.0,0.0,2.17,1.0,1,7,0.0057,1726.53,1726.53,EXACT_MATCH,batch_realistic
pay_B3D6A3BD6C1740,order_B12CD3D5E4E947,order_B12CD3D5E4E947,exact,0,0.0,1.0,0,0.0,0.0,2.12,1.0,1,8,0.0007,1300.91,1300.91,EXACT_MATCH,batch_realistic
pay_DCC1863A9ECA48,order_3793D248A5F044,order_3793D248A5F044,exact,0,0.0,1.0,0,0.0,0.0,2.33,1.0,1,2,0.0005,745.13,745.13,EXACT_MATCH,batch_realistic
pay_EC080A99BE814F,order_E82E53A2529545,order_E82E53A2529545,exact,0,0.0,1.0,0,0.0,0.0,2.46,1.0,1,4,0.0012,24620.95,24620.95,EXACT_MATCH,batch_realistic
pay_8258806AD3144F,order_3156AB5FD0A045,order_3156AB5FD0A045,exact,0,0.0,1.0,0,0.0,0.0,2.04,1.0,1,14,0.0007,2213.27,2213.27,EXACT_MATCH,batch_realistic
pay_903B2D4273E643,order_EE9B50D99AD445,order_EE9B50D99AD445,exact,0,0.0,1.0,0,0.0,0.0,2.08,1.0,1,8,0.0012,2452.48,2452.48,EXACT_MATCH,batch_realistic
pay_B93132DD28AF45,order_D00E985B997645,order_D00E985B997645,exact,0,0.0,1.0,0,0.0,0.0,2.46,1.0,1,12,0.0076,2509.42,2509.42,EXACT_MATCH,batch_realistic
pay_9205B563DECF45,order_C0C6C4D27D3C46,order_C0C6C4D27D3C46,exact,0,0.0,1.0,0,0.0,0.0,2.08,1.0,1,7,0.0045,1040.76,1040.76,EXACT_MATCH,batch_realistic
pay_0EBDECD3DE0B4C,order_08CD1941A2CA4E,order_08CD1941A2CA4E,exact,0,0.0,1.0,0,127.25,0.0066,2.38,1.0,1,7,0.0002,19460.04,19332.79,AMOUNT_MISMATCH,batch_realistic
pay_3EF97AF23F4E4B,order_B14B0450957643,order_B14B0450957643,exact,0,0.0,1.0,0,0.0,0.0,2.0,1.0,1,14,0.0003,2914.54,2914.54,EXACT_MATCH,batch_realistic
pay_A423AEA5B27942,order_FEF1B19420B941,order_FEF1B19420B941,exact,0,0.0,1.0,0,0.0,0.0,2.46,1.0,1,2,0.0015,17659.92,17659.92,EXACT_MATCH,batch_realistic
pay_74925E49AC9641,order_097C9DA061D04A,order_097C9DA061D04A,exact,0,0.0,1.0,0,0.0,0.0,2.29,1.0,1,2,0.0089,404.2,404.2,EXACT_MATCH,batch_realistic
pay_9D3E7D63F7C742,order_FA0837E9930E49,order_FA0837E9930E49,exact,0,0.0,1.0,0,0.0,0.0,2.5,1.0,1,4,0.0087,503.74,503.74,EXACT_MATCH,batch_realistic
pay_64ED04D4506740,order_F4CC642DBC7E44,order_F4CC642DBC7E44,exact,0,0.0,1.0,0,0.0,0.0,2.17,1.0,1,1,0.0175,617.45,617.45,EXACT_MATCH,batch_realistic
pay_31F502C02D7A4C,order_6CF95DDFB54148,order_6CF95DDFB54148,exact,0,0.0,1.0,0,108.93,0.0599,2.08,1.0,1,8,0.0012,1926.56,1817.63,AMOUNT_MISMATCH,batch_realistic
pay_D668082A305C48,order_9462DC19BBE44A,order_9462DC19BBE44A,exact,0,0.0,1.0,0,0.0,0.0,2.33,1.0,1,1,0.0078,304.22,304.22,EXACT_MATCH,batch_realistic
pay_F47AFC2D7D7744,order_C4BC3C2B52214E,order_C4BC3C2B52214E,exact,0,0.0,1.0,0,0.0,0.0,2.12,1.0,1,12,0.0002,2946.64,2946.64,EXACT_MATCH,batch_realistic
pay_EFA614C782B34C,order_A8BA7995E13E48,order_A8BA7995E13E48,exact,1,0.0,1.0,0,0.0,0.0,2.42,1.0,1,11,0.0005,2716.81,2716.81,DUPLICATE,batch_realistic
pay_0A7C3212D6DE4B,order_64A91AA851B44D,order_64A91AA851B44D,exact,0,0.0,1.0,0,0.0,0.0,2.46,1.0,1,15,0.0018,2138.84,2138.84,EXACT_MATCH,batch_realistic
pay_8C8919DD04414D,order_C7C36FF77D714A,order_C7C36FF77D714A,exact,0,0.0,1.0,0,0.0,0.0,2.08,1.0,1,0,0.0808,52185.45,52185.45,EXACT_MATCH,batch_realistic
pay_F052B41F56AC47,order_90D1B65AA3F94D,order_90D1B65AA3F94D,exact,0,0.0,1.0,0,-135.2,0.1949,2.29,1.0,1,1,0.0143,558.41,693.61,AMOUNT_MISMATCH,batch_realistic
pay_F44B90AA627841,order_85BA0DE99F1747,order_85BA0DE99F1747,exact,0,0.0,1.0,0,0.0,0.0,2.29,1.0,1,9,0.0001,1818.45,1818.45,EXACT_MATCH,batch_realistic
pay_3B2A8C99896D4B,order_B065CF19C7AC4A,order_B065CF19C7AC4A,exact,0,0.0,1.0,0,0.0,0.0,2.0,1.0,1,5,0.0033,1211.95,1211.95,EXACT_MATCH,batch_realistic
pay_4E0D6BB7E78B40,order_F23F337871554B,order_F23F337871554B,exact,0,0.0,1.0,0,0.0,0.0,2.0,1.0,1,4,0.006,14160.37,14160.37,EXACT_MATCH,batch_realistic
pay_2A361C46AD364C,order_6FB7E756CBF340,order_6FB7E756CBF340,exact,0,0.0,1.0,0,0.0,0.0,2.42,1.0,1,1,0.0014,7286.99,7286.99,EXACT_MATCH,batch_realistic
pay_441D39D383B34C,order_2465F357A7264F,order_2465F357A7264F,exact,0,0.0,1.0,0,-23.92,0.0158,2.46,1.0,1,5,0.0003,1485.97,1509.89,AMOUNT_MISMATCH,batch_realistic
pay_5CE7F47EAD0746,order_4F3F8792EF3F47,order_4F3F8792EF3F47,exact,0,0.0,1.0,0,0.0,0.0,2.29,1.0,1,5,0.0012,1536.81,1536.81,EXACT_MATCH,batch_realistic
pay_A36DC2C69DEE4E,order_B6A36143362840,order_B6A36143362840,exact,0,0.0,1.0,0,0.0,0.0,2.38,1.0,1,1,0.0059,357.52,357.52,EXACT_MATCH,batch_realistic
pay_2002511A7FE84A,order_FA0B94436CAF4F,order_FA0B94436CAF4F,exact,0,0.0,1.0,0,0.0,0.0,9.0,1.0,1,0,0.0202,198653.03,198653.03,DATE_DRIFT,batch_realistic
pay_970AE20C923941,order_C70BF3538D7942,order_C70BF3538D7942,exact,0,0.0,1.0,0,0.0,0.0,2.17,1.0,1,4,0.0048,915.46,915.46,EXACT_MATCH,batch_realistic
pay_380C8DA0DA7F4E,order_57C70B92F6004F,order_57C70B92F6004F,exact,0,0.0,1.0,0,0.0,0.0,2.0,1.0,1,1,0.0071,439.96,439.96,EXACT_MATCH,batch_realistic
pay_1D9BD33FFE1F40,order_F8921245C67E41,order_F8921245C67E41,exact,0,0.0,1.0,0,0.0,0.0,2.38,1.0,1,0,0.0579,121334.55,121334.55,EXACT_MATCH,batch_realistic
pay_F9F0AA28E27E4A,order_841D1E2071C44D,order_841D1E2071C44D,exact,0,0.0,1.0,0,0.0,0.0,2.17,1.0,1,2,0.0038,278.27,278.27,EXACT_MATCH,batch_realistic
pay_B5B9B1366D294B,order_076C44E435174C,order_076C44E435174C,exact,0,0.0,1.0,0,-40.52,0.0002,2.0,1.0,1,2,0.0006,190191.57,190232.09,AMOUNT_MISMATCH,batch_realistic
pay_8646FC0BB7FD47,order_8E8D78E8DF3745,order_8E8D78E8DF3745,exact,0,0.0,1.0,0,0.0,0.0,2.17,1.0,1,8,0.0016,1761.66,1761.66,EXACT_MATCH,batch_realistic
pay_D40D353604C84C,order_4BB4471DE01245,order_4BB4471DE01245,exact,0,0.0,1.0,0,0.0,0.0,2.5,1.0,1,1,0.0197,206730.89,206730.89,EXACT_MATCH,batch_realistic
pay_C49ADB60B58C42,order_44A56318D49040,order_44A56318D49040,exact,0,0.0,1.0,0,0.0,0.0,2.38,1.0,1,7,0.0065,1315.93,1315.93,EXACT_MATCH,batch_realistic
pay_D44DBDB8368548,order_9249C322050F4C,order_9249C322050F4C,exact,0,0.0,1.0,0,95.33,0.1218,2.5,1.0,1,2,0.002,877.87,782.54,AMOUNT_MISMATCH,batch_realistic
pay_7C3268361F2941,order_CC0460701D8F42,order_CC0460701D8F42,exact,0,0.0,1.0,0,0.0,0.0,2.17,1.0,1,5,0.0032,1360.27,1360.27,EXACT_MATCH,batch_realistic
pay_3F50EAE1C2914C,order_798B800301F747,order_798B800301F747,exact,0,0.0,1.0,0,0.0,0.0,14.0,1.0,1,9,0.0013,2312.68,2312.68,DATE_DRIFT,batch_realistic
pay_889B61EA19754A,order_9B0458C45FB74B,order_9B0458C45FB74B,exact,0,0.0,1.0,0,0.0,0.0,2.46,1.0,1,8,0.0017,1170.14,1170.14,EXACT_MATCH,batch_realistic
pay_90E70CC68E4640,order_2104C06FF5A547,order_2104C06FF5A547,exact,0,0.0,1.0,0,-50.17,0.0058,2.12,1.0,1,3,0.0109,8541.82,8591.99,AMOUNT_MISMATCH,batch_realistic
pay_291B9F1A61D441,order_C3FADC3C3AE74E,order_C3FADC3C3AE74E,exact,0,0.0,1.0,0,0.0,0.0,2.25,1.0,1,13,0.0001,2528.86,2528.86,EXACT_MATCH,batch_realistic
pay_5956731CEE3041,order_B95E7FA4B34D4A,order_B95E7FA4B34D4A,exact,0,0.0,1.0,0,0.0,0.0,2.5,1.0,1,0,0.0506,92265.15,92265.15,EXACT_MATCH,batch_realistic
pay_B32BDD8D17C74E,order_7C466EB7141948,order_7C466EB7141948,exact,0,0.0,1.0,0,0.0,0.0,2.21,1.0,1,6,0.004,24199.88,24199.88,EXACT_MATCH,batch_realistic
pay_F1C6588A9B484E,order_A26A74587C6042,order_A26A74587C6042,exact,0,0.0,1.0,0,0.0,0.0,2.04,1.0,1,5,0.0009,1216.99,1216.99,EXACT_MATCH,batch_realistic
pay_4DF72C21239443,order_9E0CF2C5712342,order_9E0CF2C5712342,exact,0,0.0,1.0,0,0.0,0.0,2.17,1.0,1,2,0.0023,228575.74,228575.74,EXACT_MATCH,batch_realistic
pay_34FA3BAD603444,order_6659FA28380E40,order_6659FA28380E40,exact,0,0.0,1.0,0,52.0,0.0138,2.29,1.0,1,1,0.0186,3830.5,3778.5,AMOUNT_MISMATCH,batch_realistic
pay_9CDD11462B4B48,order_C9DDCAFC1B5246,order_C9DDCAFC1B5246,exact,0,0.0,1.0,0,0.0,0.0,2.21,1.0,1,12,0.0016,2656.4,2656.4,EXACT_MATCH,batch_realistic
pay_9C7F66B84D0345,order_C735BF6224574F,order_C735BF6224574F,exact,0,0.0,1.0,0,0.0,0.0,9.0,1.0,1,6,0.0017,14269.76,14269.76,DATE_DRIFT,batch_realistic
pay_EBABEB457AFD45,order_AA50111761C04F,order_AA50111761C04F,exact,0,0.0,1.0,0,0.0,0.0,2.08,1.0,1,2,0.0109,20003.59,20003.59,EXACT_MATCH,batch_realistic
pay_E588CB947CFC49,order_69564DA7276A4B,order_69564DA7276A4B,exact,0,0.0,1.0,0,0.0,0.0,2.04,1.0,1,3,0.0043,20563.22,20563.22,EXACT_MATCH,batch_realistic
pay_9B1A953C8E104B,order_3F8DD23C7B614F,order_3F8DD23C7B614F,exact,0,0.0,1.0,0,0.0,0.0,2.42,1.0,1,10,0.001,2727.14,2727.14,EXACT_MATCH,batch_realistic
pay_E3C2DA988B0746,order_0C6BCDF503714A,order_0C6BCDF503714A,exact,0,0.0,1.0,0,0.0,0.0,2.46,1.0,1,11,0.0017,2660.79,2660.79,EXACT_MATCH,batch_realistic
pay_24390951801540,order_AECDD32BF46141,order_AECDD32BF46141,exact,0,0.0,1.0,0,0.0,0.0,2.46,1.0,1,15,0.0006,2556.3,2556.3,EXACT_MATCH,batch_realistic
pay_92E6F14B9C5F44,order_6BA3C9810CA24C,order_6BA3C9810CA24C,exact,0,0.0,1.0,0,0.0,0.0,2.04,1.0,1,2,0.0049,22203.22,22203.22,EXACT_MATCH,batch_realistic
pay_65D4645729F248,order_719538F2237E48,order_719538F2237E48,exact,0,0.0,1.0,0,0.0,0.0,2.04,1.0,1,4,0.0025,23542.15,23542.15,EXACT_MATCH,batch_realistic
pay_A348B68B3DD148,order_7AE9AD574F064D,order_7AE9AD574F064D,exact,0,0.0,1.0,0,0.0,0.0,2.17,1.0,1,5,0.0011,1207.93,1207.93,EXACT_MATCH,batch_realistic
pay_C6BA2E9EA96B47,order_DF0C1332317B42,order_DF0C1332317B42,exact,0,0.0,1.0,0,0.0,0.0,2.5,1.0,1,9,0.002,19112.82,19112.82,EXACT_MATCH,batch_realistic
pay_1FEB17BF748344,order_11081A3173C848,order_11081A3173C848,exact,1,0.0,1.0,0,0.0,0.0,2.42,1.0,1,1,0.0026,337.39,337.39,DUPLICATE,batch_realistic
pay_52C39254A58242,order_8631B051BD9140,order_8631B051BD9140,exact,0,0.0,1.0,0,0.0,0.0,2.29,1.0,1,4,0.0035,1558.4,1558.4,EXACT_MATCH,batch_realistic
pay_3F382ABF3CEF4A,order_DB73880D5A0E42,order_DB73880D5A0E42,exact,0,0.0,1.0,0,0.0,0.0,2.42,1.0,1,1,0.0051,8635.56,8635.56,EXACT_MATCH,batch_realistic
pay_4A6BC236EB9741,order_47A40EA2235E4E,order_47A40EA2235E4E,exact,0,0.0,1.0,0,0.0,0.0,2.38,1.0,1,14,0.0012,2126.82,2126.82,EXACT_MATCH,batch_realistic
pay_D9E7E36AD5D040,order_CF434B777B1C46,order_CF434B777B1C46,exact,0,0.0,1.0,0,0.0,0.0,2.46,1.0,1,5,0.0038,1699.55,1699.55,EXACT_MATCH,batch_realistic
pay_88A9C02DC41D4C,order_79D50E1EF12144,order_79D50E1EF12144,exact,0,0.0,1.0,0,0.0,0.0,2.0,1.0,1,9,0.0008,1819.97,1819.97,EXACT_MATCH,batch_realistic
pay_C99341A845CF4A,order_749DC854DB0147,order_749DC854DB0147,exact,0,0.0,1.0,0,0.0,0.0,2.0,1.0,1,4,0.0021,1611.4,1611.4,EXACT_MATCH,batch_realistic
pay_93356A543FC64D,order_E542FF37980244,order_E542FF37980244,exact,0,0.0,1.0,0,0.0,0.0,2.04,1.0,1,9,0.0004,19269.53,19269.53,EXACT_MATCH,batch_realistic
pay_7CB3B1344CCB47,order_31EF879AD4374A,order_31EF879AD4374A,exact,0,0.0,1.0,0,0.0,0.0,2.04,1.0,1,0,0.0533,97181.81,97181.81,EXACT_MATCH,batch_realistic
pay_5563EBB9A5554C,order_6D09B8DC07B64D,order_6D09B8DC07B64D,exact,0,0.0,1.0,0,0.0,0.0,2.29,1.0,1,4,0.0007,1006.34,1006.34,EXACT_MATCH,batch_realistic
pay_B416849E656846,order_CF47BAAEADA842,order_CF47BAAEADA842,exact,0,0.0,1.0,0,0.0,0.0,2.38,1.0,1,0,0.0304,11119.9,11119.9,EXACT_MATCH,batch_realistic
pay_8B37171C94614E,order_C6918E468CC241,order_C6918E468CC241,exact,0,0.0,1.0,0,0.0,0.0,2.5,1.0,1,5,0.0019,1384.76,1384.76,EXACT_MATCH,batch_realistic
pay_602AF04EAFE847,order_4FE9D1CD88AD42,order_4FE9D1CD88AD42,exact,0,0.0,1.0,0,0.0,0.0,2.25,1.0,1,4,0.0015,1389.84,1389.84,EXACT_MATCH,batch_realistic
pay_DBA33A2B783240,order_D51A384F427E44,order_D51A384F427E44,exact,0,0.0,1.0,0,103.92,0.0422,2.12,1.0,1,17,0.0007,2568.96,2465.04,AMOUNT_MISMATCH,batch_realistic
pay_F703ED8D6D0040,order_B0E84A05B22844,order_B0E84A05B22844,exact,0,0.0,1.0,0,0.0,0.0,2.46,1.0,1,6,0.0015,23721.53,23721.53,EXACT_MATCH,batch_realistic
pay_90E55766513F4C,order_46E6960CED474C,order_46E6960CED474C,exact,0,0.0,1.0,0,0.0,0.0,2.38,1.0,1,1,0.0143,888.64,888.64,EXACT_MATCH,batch_realistic
pay_CAF5253D19E344,order_022D4376101C41,order_022D4376101C41,exact,0,0.0,1.0,0,0.0,0.0,2.38,1.0,1,7,0.0067,23941.99,23941.99,EXACT_MATCH,batch_realistic
pay_BFFD3B2A8A2D4A,order_F75F8B1CFF9342,order_F75F8B1CFF9342,exact,0,0.0,1.0,0,57.23,0.0565,2.0,1.0,1,4,0.0023,1070.28,1013.05,AMOUNT_MISMATCH,batch_realistic
pay_584F1EE6A3B046,order_452E88EA614F42,order_452E88EA614F42,exact,0,0.0,1.0,0,0.0,0.0,13.0,1.0,1,1,0.0026,387.49,387.49,DATE_DRIFT,batch_realistic
pay_8C1B5A80B71449,order_4A171AE3BFB84A,order_4A171AE3BFB84A,exact,0,0.0,1.0,0,0.0,0.0,2.17,1.0,1,1,0.0181,264.93,264.93,EXACT_MATCH,batch_realistic
pay_2B76C4955D3649,order_FB214D2BC62246,order_FB214D2BC62246,exact,0,0.0,1.0,0,0.0,0.0,2.0,1.0,1,8,0.0005,1920.88,1920.88,EXACT_MATCH,batch_realistic
pay_C866196BF63A4B,order_60DB6E4816B04B,order_60DB6E4816B04B,exact,0,0.0,1.0,0,0.0,0.0,2.5,1.0,1,4,0.0035,1563.83,1563.83,EXACT_MATCH,batch_realistic
pay_CBE9B3B12E0A4C,order_CE3A9606724845,order_CE3A9606724845,exact,0,0.0,1.0,0,0.0,0.0,2.25,1.0,1,8,0.0039,2071.29,2071.29,EXACT_MATCH,batch_realistic
pay_43A00026E1D24B,order_077C1F499A4C43,order_077C1F499A4C43,exact,0,0.0,1.0,0,0.0,0.0,2.12,1.0,1,9,0.0005,1921.81,1921.81,EXACT_MATCH,batch_realistic
pay_E2B3BFB61B0440,order_1A5C469A92E948,order_1A5C469A92E948,exact,0,0.0,1.0,0,-27.11,0.0015,2.38,1.0,1,2,0.003,17606.83,17633.94,AMOUNT_MISMATCH,batch_realistic
pay_4BAD0712BA5447,order_3960F7C361E047,order_3960F7C361E047,exact,0,0.0,1.0,0,0.0,0.0,2.46,1.0,1,15,0.0001,2784.23,2784.23,EXACT_MATCH,batch_realistic
pay_6723835AB8D445,order_AD329B2BD48745,order_AD329B2BD48745,exact,0,0.0,1.0,0,0.0,0.0,14.0,1.0,1,12,0.0005,2620.15,2620.15,DATE_DRIFT,batch_realistic
pay_D19F6E0021F84A,order_46BD7437040D43,order_46BD7437040D43,exact,0,0.0,1.0,0,0.0,0.0,2.46,1.0,1,9,0.0013,1924.27,1924.27,EXACT_MATCH,batch_realistic
pay_57FC92D5ACA540,order_8A3AF176D65949,order_8A3AF176D65949,exact,0,0.0,1.0,0,-131.35,0.0006,2.0,1.0,1,0,0.021,223779.47,223910.82,AMOUNT_MISMATCH,batch_realistic
pay_6AC0F7ADCB2A42,order_1D76BE9EF53E4E,order_1D76BE9EF53E4E,exact,0,0.0,1.0,0,0.0,0.0,2.33,1.0,1,1,0.0034,14899.45,14899.45,EXACT_MATCH,batch_realistic
pay_973E09F5796A4E,order_BF52E4F69D674E,order_BF52E4F69D674E,exact,0,0.0,1.0,0,0.0,0.0,2.33,1.0,1,0,0.0665,129406.67,129406.67,EXACT_MATCH,batch_realistic
pay_08C6E7FDF82840,order_135D1BE2C91D46,order_135D1BE2C91D46,exact,0,0.0,1.0,0,0.0,0.0,2.0,1.0,1,1,0.01,16653.57,16653.57,EXACT_MATCH,batch_realistic
pay_A382A4C998D840,order_C3BBBBD6FD954E,order_C3BBBBD6FD954E,exact,0,0.0,1.0,0,0.0,0.0,2.33,1.0,1,0,0.0341,6263.35,6263.35,EXACT_MATCH,batch_realistic
pay_471295BAF5FA41,order_0B0D217F1E3846,order_0B0D217F1E3846,exact,0,0.0,1.0,0,0.0,0.0,2.5,1.0,1,1,0.0178,375.2,375.2,EXACT_MATCH,batch_realistic
pay_9B3A00D0A5AD46,order_F78B8964D2ED46,order_F78B8964D2ED46,exact,0,0.0,1.0,0,0.0,0.0,2.17,1.0,1,2,0.0035,10791.41,10791.41,EXACT_MATCH,batch_realistic
pay_BDF4493CD6CF47,order_69D316E8EBE141,order_69D316E8EBE141,exact,0,0.0,1.0,0,0.0,0.0,12.0,1.0,1,5,0.0036,24502.38,24502.38,DATE_DRIFT,batch_realistic
pay_DB92C5DE31E542,order_87E2C92DEE654E,order_87E2C92DEE654E,exact,0,0.0,1.0,0,0.0,0.0,2.21,1.0,1,7,0.0017,1641.15,1641.15,EXACT_MATCH,batch_realistic
pay_EC01F888911E46,order_04531CCDF6494F,order_04531CCDF6494F,exact,0,0.0,1.0,0,0.0,0.0,2.21,1.0,1,9,0.002,19074.54,19074.54,EXACT_MATCH,batch_realistic
pay_7DB5F7C65F5044,order_CAE893E2E0044F,order_CAE893E2E0044F,exact,0,0.0,1.0,0,0.0,0.0,2.33,1.0,1,3,0.0132,1250.59,1250.59,EXACT_MATCH,batch_realistic
pay_DF84DC6C2B9143,order_CA5CD1B21A944D,order_CA5CD1B21A944D,exact,0,0.0,1.0,0,-28.96,0.1385,2.0,1.0,1,0,0.0487,180.07,209.03,AMOUNT_MISMATCH,batch_realistic
pay_28B11B39646349,order_EFF312A1FCAF4B,order_EFF312A1FCAF4B,exact,0,0.0,1.0,0,0.0,0.0,2.25,1.0,1,0,0.0365,566.52,566.52,EXACT_MATCH,batch_realistic
pay_8A58159F13D342,order_F73B11FFDAE74A,order_F73B11FFDAE74A,exact,0,0.0,1.0,0,0.0,0.0,11.0,1.0,1,5,0.0035,1493.11,1493.11,DATE_DRIFT,batch_realistic
pay_0BBD0234BEB64D,order_81157726E6B247,order_81157726E6B247,exact,0,0.0,1.0,0,0.0,0.0,2.12,1.0,1,3,0.0028,1072.8,1072.8,EXACT_MATCH,batch_realistic
pay_E9B3E159702948,order_71F4CDE96BF149,order_71F4CDE96BF149,exact,0,0.0,1.0,0,0.0,0.0,2.29,1.0,1,1,0.0059,359.64,359.64,EXACT_MATCH,batch_realistic
pay_2845B56E65544D,order_079362557A9F4B,order_079362557A9F4B,exact,0,0.0,1.0,0,0.0,0.0,2.08,1.0,1,2,0.0036,276.22,276.22,EXACT_MATCH,batch_realistic
pay_9E9FB10593FA46,order_691915C60D104B,order_691915C60D104B,exact,0,0.0,1.0,0,0.0,0.0,2.17,1.0,1,13,0.0001,2528.68,2528.68,EXACT_MATCH,batch_realistic
pay_BC48E35035114F,order_3477F8F5BE8144,order_3477F8F5BE8144,exact,0,0.0,1.0,0,0.0,0.0,2.5,1.0,1,6,0.003,1514.45,1514.45,EXACT_MATCH,batch_realistic
pay_47CC94C8A0BA4D,order_1C9CA92F954046,order_1C9CA92F954046,exact,0,0.0,1.0,0,0.0,0.0,2.12,1.0,1,2,0.0082,6948.28,6948.28,EXACT_MATCH,batch_realistic
pay_95A47C3C331C43,order_606CB3CB3C2747,order_606CB3CB3C2747,exact,0,0.0,1.0,0,0.0,0.0,2.29,1.0,1,4,0.0013,811.55,811.55,EXACT_MATCH,batch_realistic
pay_08B533A5B7E543,order_8D2341EE542A41,order_8D2341EE542A41,exact,0,0.0,1.0,0,0.0,0.0,2.5,1.0,1,0,0.0231,297.18,297.18,EXACT_MATCH,batch_realistic
pay_94A915F411374E,order_A617E9DB9A5545,order_A617E9DB9A5545,exact,0,0.0,1.0,0,0.0,0.0,2.25,1.0,1,2,0.0017,10753.45,10753.45,EXACT_MATCH,batch_realistic
pay_653121DB90234C,order_927A3B0124044A,order_927A3B0124044A,exact,0,0.0,1.0,0,0.0,0.0,2.12,1.0,1,0,0.0508,3431.2,3431.2,EXACT_MATCH,batch_realistic
pay_AF417C3A506647,order_A2A5368F335848,order_A2A5368F335848,exact,0,0.0,1.0,0,0.0,0.0,2.25,1.0,1,16,0.0021,2172.28,2172.28,EXACT_MATCH,batch_realistic
pay_F03D4B7809E149,order_DB15D6A2FE4E4C,order_DB15D6A2FE4E4C,exact,0,0.0,1.0,0,0.0,0.0,2.5,1.0,1,9,0.0034,1937.42,1937.42,EXACT_MATCH,batch_realistic
pay_A99ACA13396C4B,order_431261F491AC49,order_431261F491AC49,exact,0,0.0,1.0,0,0.0,0.0,2.29,1.0,1,0,0.0217,546.55,546.55,EXACT_MATCH,batch_realistic
pay_5720BD3572F54C,order_A9F4BAEFDB4D45,order_A9F4BAEFDB4D45,exact,1,0.0,1.0,0,0.0,0.0,2.33,1.0,1,13,0.0014,2222.76,2222.76,DUPLICATE,batch_realistic
pay_FF5811C42E6245,order_A1D2ECA7655B44,order_A1D2ECA7655B44,exact,0,0.0,1.0,0,0.0,0.0,2.25,1.0,1,4,0.0017,14531.68,14531.68,EXACT_MATCH,batch_realistic
pay_A48D8D3A8EFA47,order_596F722735A24D,order_596F722735A24D,exact,0,0.0,1.0,0,0.0,0.0,2.25,1.0,1,0,0.0288,15726.42,15726.42,EXACT_MATCH,batch_realistic
pay_C4F143BC4EC440,order_ECE0ADA70B0049,order_ECE0ADA70B0049,exact,0,0.0,1.0,0,-140.35,0.0074,2.08,1.0,1,2,0.009,18726.19,18866.54,AMOUNT_MISMATCH,batch_realistic
pay_80FB2B90BCF04D,order_CA9966220D6D40,order_CA9966220D6D40,exact,0,0.0,1.0,0,0.0,0.0,2.29,1.0,1,10,0.0011,2979.92,2979.92,EXACT_MATCH,batch_realistic
pay_E4CE98F14BE145,order_4E3923D3CEF641,order_4E3923D3CEF641,exact,0,0.0,1.0,0,0.0,0.0,2.0,1.0,1,10,0.0043,2034.39,2034.39,EXACT_MATCH,batch_realistic
pay_31DA53AEB04E48,order_CE216606A1BB4B,order_CE216606A1BB4B,exact,0,0.0,1.0,0,0.0,0.0,2.38,1.0,1,0,0.0699,9447.27,9447.27,EXACT_MATCH,batch_realistic
pay_9DBB9BAAECA94D,order_BAAFAA20B4AC49,order_BAAFAA20B4AC49,exact,1,0.0,1.0,0,0.0,0.0,2.38,1.0,1,0,0.0351,3628.79,3628.79,DUPLICATE,batch_realistic
pay_B0577C2401F641,order_CBE662E7E2294A,order_CBE662E7E2294A,exact,0,0.0,1.0,0,0.0,0.0,2.25,1.0,1,9,0.0036,1146.13,1146.13,EXACT_MATCH,batch_realistic
pay_077BC705D9854E,order_6717FDEA429247,order_6717FDEA429247,exact,0,0.0,1.0,0,-128.32,0.518,2.29,1.0,1,0,0.0738,119.42,247.74,AMOUNT_MISMATCH,batch_realistic
pay_844A1FC235844A,order_1AAA66066C4A44,order_1AAA66066C4A44,exact,1,0.0,1.0,0,0.0,0.0,2.29,1.0,1,14,0.0019,2743.11,2743.11,DUPLICATE,batch_realistic
pay_B1B9C664313148,order_696F5FFF84BB4A,order_696F5FFF84BB4A,exact,0,0.0,1.0,0,0.0,0.0,2.5,1.0,1,14,0.0021,2176.94,2176.94,EXACT_MATCH,batch_realistic
pay_BD137EC54FC445,order_9055A944DDD54A,order_9055A944DDD54A,exact,0,0.0,1.0,0,0.0,0.0,2.33,1.0,1,4,0.0035,1498.32,1498.32,EXACT_MATCH,batch_realistic
pay_D7052559E1BD49,order_EA78016673624E,order_EA78016673624E,exact,0,0.0,1.0,0,0.0,0.0,2.5,1.0,1,5,0.0009,1218.13,1218.13,EXACT_MATCH,batch_realistic
pay_6F84438D0E7347,order_60C7DE80D3C54C,order_60C7DE80D3C54C,exact,0,0.0,1.0,0,0.0,0.0,2.17,1.0,1,12,0.0009,2629.68,2629.68,EXACT_MATCH,batch_realistic
pay_484C79459EF148,order_42C3F4BB53A941,order_42C3F4BB53A941,exact,0,0.0,1.0,0,0.0,0.0,2.38,1.0,1,1,0.0078,129.93,129.93,EXACT_MATCH,batch_realistic
pay_7E01A975EBBC45,order_FBCF7DF5DAB14B,order_FBCF7DF5DAB14B,exact,0,0.0,1.0,0,0.0,0.0,2.12,1.0,1,9,0.0001,1818.21,1818.21,EXACT_MATCH,batch_realistic
pay_464A6F39997F45,order_7D42FA1CAD134B,order_7D42FA1CAD134B,exact,0,0.0,1.0,0,0.0,0.0,2.08,1.0,1,1,0.0172,234.33,234.33,EXACT_MATCH,batch_realistic
pay_C6C11E5978F346,order_85B2ED3780F34F,order_85B2ED3780F34F,exact,0,0.0,1.0,0,0.0,0.0,2.25,1.0,1,3,0.0079,908.25,908.25,EXACT_MATCH,batch_realistic
pay_48AFCF31049440,order_75ABEBD00E5242,order_75ABEBD00E5242,exact,0,0.0,1.0,0,0.0,0.0,2.25,1.0,1,5,0.0014,1045.47,1045.47,EXACT_MATCH,batch_realistic
pay_172F93F3EC3642,order_E12BE98F83CF43,order_E12BE98F83CF43,exact,0,0.0,1.0,0,0.0,0.0,2.21,1.0,1,7,0.0003,1023.29,1023.29,EXACT_MATCH,batch_realistic
pay_83114F084F3441,order_BF5AE835D4034E,order_BF5AE835D4034E,exact,0,0.0,1.0,0,0.0,0.0,2.25,1.0,1,1,0.0169,482.63,482.63,EXACT_MATCH,batch_realistic
pay_AEC2B7FEC47C43,order_5FB35E1E529E43,order_5FB35E1E529E43,exact,0,0.0,1.0,0,0.0,0.0,6.0,1.0,1,9,0.0023,1757.68,1757.68,DATE_DRIFT,batch_realistic
pay_F14AD52D8E7C4B,order_B89B1A0BE77D4C,order_B89B1A0BE77D4C,exact,0,0.0,1.0,0,0.0,0.0,2.12,1.0,1,4,0.0021,14561.93,14561.93,EXACT_MATCH,batch_realistic
pay_F31F8FFDCD7348,order_70E444FFDB5F42,order_70E444FFDB5F42,exact,0,0.0,1.0,0,0.0,0.0,2.17,1.0,1,1,0.0166,474.61,474.61,EXACT_MATCH,batch_realistic
pay_84956370101242,order_87E8A8B4A6434B,order_87E8A8B4A6434B,exact,0,0.0,1.0,0,-88.63,0.0768,2.21,1.0,1,5,0.0047,1065.43,1154.06,AMOUNT_MISMATCH,batch_realistic
pay_E61EA31F4A734C,order_519304A0B7544B,order_519304A0B7544B,exact,0,0.0,1.0,0,0.0,0.0,2.29,1.0,1,0,0.0228,106.44,106.44,EXACT_MATCH,batch_realistic
pay_FE10072880754F,order_191E4E7396254C,order_191E4E7396254C,exact,0,0.0,1.0,0,0.0,0.0,2.29,1.0,1,13,0.0007,2530.71,2530.71,EXACT_MATCH,batch_realistic
pay_0E3EF0B549E842,order_34018498F1A344,order_34018498F1A344,exact,0,0.0,1.0,0,0.0,0.0,2.21,1.0,1,8,0.0016,1764.43,1764.43,EXACT_MATCH,batch_realistic
pay_4F2FD23F78CF40,order_D83F8C5FB9D541,order_D83F8C5FB9D541,exact,0,0.0,1.0,0,0.0,0.0,2.25,1.0,1,5,0.0039,1272.28,1272.28,EXACT_MATCH,batch_realistic
pay_ED670F54DA0042,order_0918345816534F,order_0918345816534F,exact,0,0.0,1.0,0,0.0,0.0,2.0,1.0,1,2,0.0043,22788.29,22788.29,EXACT_MATCH,batch_realistic
pay_77F587AA2B4D4E,order_8DA027802A8A4D,order_8DA027802A8A4D,exact,0,0.0,1.0,0,0.0,0.0,2.12,1.0,1,1,0.0018,4880.18,4880.18,EXACT_MATCH,batch_realistic
pay_89EA129604DA4A,order_64422A9C42AB41,order_64422A9C42AB41,exact,0,0.0,1.0,0,0.0,0.0,2.33,1.0,1,9,0.0013,1822.29,1822.29,EXACT_MATCH,batch_realistic
pay_2137754E3EB34B,order_BF3013189F5546,order_BF3013189F5546,exact,0,0.0,1.0,0,0.0,0.0,2.12,1.0,1,8,0.0018,1304.19,1304.19,EXACT_MATCH,batch_realistic
pay_C88F18A9D31247,order_66C69B72955647,order_66C69B72955647,exact,0,0.0,1.0,0,0.0,0.0,6.0,1.0,1,0,0.0234,726.26,726.26,DATE_DRIFT,batch_realistic
pay_09F28A226C8540,order_61EC23B5AB3744,order_61EC23B5AB3744,exact,0,0.0,1.0,0,0.0,0.0,2.33,1.0,1,6,0.0006,1649.39,1649.39,EXACT_MATCH,batch_realistic
pay_422AE840E68749,order_FDD0FAF068C946,order_FDD0FAF068C946,exact,0,0.0,1.0,0,0.0,0.0,2.42,1.0,1,16,0.0001,2810.97,2810.97,EXACT_MATCH,batch_realistic
pay_62743D87C06D44,order_EFCC9765366842,order_EFCC9765366842,exact,0,0.0,1.0,0,0.0,0.0,2.38,1.0,1,4,0.0136,3029.22,3029.22,EXACT_MATCH,batch_realistic
pay_6F908A6085254D,order_513F366E67E44B,order_513F366E67E44B,exact,0,0.0,1.0,0,0.0,0.0,2.08,1.0,1,2,0.0069,7053.77,7053.77,EXACT_MATCH,batch_realistic
pay_85134411D2FB4F,order_243C7DE0E2204F,order_243C7DE0E2204F,exact,0,0.0,1.0,0,0.0,0.0,2.29,1.0,1,1,0.0067,630.2,630.2,EXACT_MATCH,batch_realistic
pay_2868A7D0D80F49,order_B0533C045B0045,order_B0533C045B0045,exact,1,0.0,1.0,0,0.0,0.0,2.42,1.0,1,6,0.0016,14246.25,14246.25,DUPLICATE,batch_realistic
pay_7C05BD93CD0C45,order_CFE390E0F5F144,order_CFE390E0F5F144,exact,0,0.0,1.0,0,0.0,0.0,2.5,1.0,1,8,0.0007,1301.87,1301.87,EXACT_MATCH,batch_realistic
pay_9566CE9263114C,order_EB591449156842,order_EB591449156842,exact,0,0.0,1.0,0,-62.62,0.0274,2.08,1.0,1,14,0.0004,2226.8,2289.42,AMOUNT_MISMATCH,batch_realistic
pay_97D9633B53A744,order_34F234DA92D848,order_34F234DA92D848,exact,0,0.0,1.0,0,0.0,0.0,2.29,1.0,1,0,0.0266,428.26,428.26,EXACT_MATCH,batch_realistic
pay_AC386516E5F141,order_19D2D39E5DBC4D,order_19D2D39E5DBC4D,exact,0,0.0,1.0,0,0.0,0.0,2.42,1.0,1,13,0.0003,2231.76,2231.76,EXACT_MATCH,batch_realistic
pay_CC4EB1E8D9F540,order_84BE2E0EBE304F,order_84BE2E0EBE304F,exact,0,0.0,1.0,0,0.0,0.0,2.25,1.0,1,1,0.0124,217146.78,217146.78,EXACT_MATCH,batch_realistic
pay_6C05D9AE2B6940,order_3C30E68E8E9948,order_3C30E68E8E9948,exact,0,0.0,1.0,0,0.0,0.0,2.08,1.0,1,6,0.0065,1324.53,1324.53,EXACT_MATCH,batch_realistic
pay_36056B4587374D,order_59A83739D06645,order_59A83739D06645,exact,0,0.0,1.0,0,0.0,0.0,2.04,1.0,1,10,0.0037,1960.24,1960.24,EXACT_MATCH,batch_realistic
pay_48E16B9A021C48,order_4A378F928CC048,order_4A378F928CC048,exact,0,0.0,1.0,0,0.0,0.0,2.12,1.0,1,4,0.0017,919.91,919.91,EXACT_MATCH,batch_realistic
pay_CFCEAD58DFF24A,order_E4AD188731AC46,order_E4AD188731AC46,exact,0,0.0,1.0,0,0.0,0.0,2.0,1.0,1,9,0.0008,1780.02,1780.02,EXACT_MATCH,batch_realistic
pay_93023BA5C69440,order_E4F13C9EF4E440,order_E4F13C9EF4E440,exact,0,0.0,1.0,0,0.0,0.0,2.08,1.0,1,10,0.0027,1992.86,1992.86,EXACT_MATCH,batch_realistic
pay_302CE678D74740,order_C5CD510C0A1140,order_C5CD510C0A1140,exact,0,0.0,1.0,0,0.0,0.0,2.08,1.0,1,10,0.0004,2987.5,2987.5,EXACT_MATCH,batch_realistic
pay_62A8F9E82B514F,order_802D9DBCF10C43,order_802D9DBCF10C43,exact,0,0.0,1.0,0,0.0,0.0,2.46,1.0,1,2,0.0189,12966.28,12966.28,EXACT_MATCH,batch_realistic
pay_961BAF0BE30540,order_3CB72E21E75047,order_3CB72E21E75047,exact,0,0.0,1.0,0,0.0,0.0,2.04,1.0,1,5,0.0115,1060.46,1060.46,EXACT_MATCH,batch_realistic
pay_E8DB372626754F,order_00BF9C3C82D74D,order_00BF9C3C82D74D,exact,0,0.0,1.0,0,0.0,0.0,2.0,1.0,1,11,0.0029,2273.9,2273.9,EXACT_MATCH,batch_realistic
pay_64DD83D2B6BB4F,order_933B91CDAD1C49,order_933B91CDAD1C49,exact,0,0.0,1.0,0,0.0,0.0,2.5,1.0,1,10,0.0041,2303.11,2303.11,EXACT_MATCH,batch_realistic
pay_19856E9E46814A,order_1B72D8E708E84A,order_1B72D8E708E84A,exact,0,0.0,1.0,0,0.0,0.0,2.42,1.0,1,3,0.0046,10221.12,10221.12,EXACT_MATCH,batch_realistic
pay_3AFEB03E0C1143,order_957B0EDB1B5B43,order_957B0EDB1B5B43,exact,0,0.0,1.0,0,21.45,0.0016,2.25,1.0,1,2,0.0004,13237.24,13215.79,AMOUNT_MISMATCH,batch_realistic
pay_115F08EE77C24F,order_888E9CF4633C42,order_888E9CF4633C42,exact,0,0.0,1.0,0,0.0,0.0,13.0,1.0,1,0,0.1435,152.85,152.85,DATE_DRIFT,batch_realistic
pay_CE916D7C1BE54D,order_77C94E670BA243,order_77C94E670BA243,exact,0,0.0,1.0,0,0.0,0.0,2.08,1.0,1,14,0.0026,2886.4,2886.4,EXACT_MATCH,batch_realistic
pay_262C35EB1DB14C,order_CFEE7D0EEC5B41,order_CFEE7D0EEC5B41,exact,0,0.0,1.0,0,0.0,0.0,2.42,1.0,1,16,0.0001,2811.33,2811.33,EXACT_MATCH,batch_realistic
pay_C8840DA3F57644,order_D839F146196241,order_D839F146196241,exact,0,0.0,1.0,0,0.0,0.0,2.33,1.0,1,11,0.001,2421.69,2421.69,EXACT_MATCH,batch_realistic
pay_1E1B0AB70AF545,order_8FCF715203504A,order_8FCF715203504A,exact,0,0.0,1.0,0,0.0,0.0,2.04,1.0,1,1,0.007,13593.42,13593.42,EXACT_MATCH,batch_realistic
pay_7E10A7AA314846,order_AB103299914643,order_AB103299914643,exact,0,0.0,1.0,0,0.0,0.0,2.5,1.0,1,1,0.0178,260.21,260.21,EXACT_MATCH,batch_realistic
pay_5E888248046842,order_70AE5E8A22E044,order_70AE5E8A22E044,exact,0,0.0,1.0,0,0.0,0.0,2.12,1.0,1,12,0.0001,2947.2,2947.2,EXACT_MATCH,batch_realistic
pay_E0461E19E28A40,order_F5151D57F20845,order_F5151D57F20845,exact,0,0.0,1.0,0,0.0,0.0,2.33,1.0,1,14,0.0009,2560.03,2560.03,EXACT_MATCH,batch_realistic
pay_0C2AE5E5536B47,order_E8DC3B5A89694C,order_E8DC3B5A89694C,exact,0,0.0,1.0,0,-52.94,0.0526,2.46,1.0,1,2,0.0026,954.11,1007.05,AMOUNT_MISMATCH,batch_realistic
pay_212BDB7F991548,order_2BCEB85C5C754D,order_2BCEB85C5C754D,exact,0,0.0,1.0,0,0.0,0.0,2.08,1.0,1,1,0.003,70139.8,70139.8,EXACT_MATCH,batch_realistic
pay_0F79B87B2D4C42,order_082F7B5894EA44,order_082F7B5894EA44,exact,0,0.0,1.0,0,0.0,0.0,2.33,1.0,1,0,0.033,6056.53,6056.53,EXACT_MATCH,batch_realistic
pay_31A96D020BBD42,order_9E0EAC88872840,order_9E0EAC88872840,exact,0,0.0,1.0,0,0.0,0.0,2.29,1.0,1,4,0.0124,1467.99,1467.99,EXACT_MATCH,batch_realistic
pay_631AD9E338C540,order_F0D106E6381F42,order_F0D106E6381F42,exact,0,0.0,1.0,0,0.0,0.0,2.33,1.0,1,2,0.0074,11894.06,11894.06,EXACT_MATCH,batch_realistic
pay_1571E33FDCCE44,order_81C7DFCDE3BC4A,order_81C7DFCDE3BC4A,exact,0,0.0,1.0,0,0.0,0.0,2.08,1.0,1,4,0.0022,798.67,798.67,EXACT_MATCH,batch_realistic
pay_0F45C8F6EC1A4D,order_EBE3A3EB90234A,order_EBE3A3EB90234A,exact,0,0.0,1.0,0,0.0,0.0,2.46,1.0,1,7,0.0004,1887.88,1887.88,EXACT_MATCH,batch_realistic
pay_D0EC9998E79A4B,order_16B8BFF4F4D543,order_16B8BFF4F4D543,exact,0,0.0,1.0,0,0.0,0.0,2.21,1.0,1,8,0.0056,1910.08,1910.08,EXACT_MATCH,batch_realistic
pay_8D7A2F6ECB384D,order_82C268D6656E4C,order_82C268D6656E4C,exact,0,0.0,1.0,0,0.0,0.0,2.29,1.0,1,8,0.0004,19276.35,19276.35,EXACT_MATCH,batch_realistic
pay_2C764888944142,order_63B4C746A0BA4A,order_63B4C746A0BA4A,exact,0,0.0,1.0,0,0.0,0.0,2.5,1.0,1,7,0.0003,1023.0,1023.0,EXACT_MATCH,batch_realistic
pay_6E506A18BF0147,order_E230A56531584D,order_E230A56531584D,exact,0,0.0,1.0,0,0.0,0.0,2.5,1.0,1,4,0.0022,800.46,800.46,EXACT_MATCH,batch_realistic
pay_7307761081D74C,order_73E744B7D3974F,order_73E744B7D3974F,exact,0,0.0,1.0,0,0.0,0.0,2.29,1.0,1,0,0.1973,36748.78,36748.78,EXACT_MATCH,batch_realistic
pay_DA8BF585A68846,order_DB994BF998E548,order_DB994BF998E548,exact,0,0.0,1.0,0,0.0,0.0,2.08,1.0,1,14,0.0003,2566.28,2566.28,EXACT_MATCH,batch_realistic
pay_B013085DAC0D4F,order_4A9E48977BBB4C,order_4A9E48977BBB4C,exact,0,0.0,1.0,0,0.0,0.0,11.0,1.0,1,16,0.0009,2164.86,2164.86,DATE_DRIFT,batch_realistic
pay_220E802BAD4940,order_C6933C9106B846,order_C6933C9106B846,exact,0,0.0,1.0,0,0.0,0.0,7.0,1.0,1,17,0.0016,2198.03,2198.03,DATE_DRIFT,batch_realistic
pay_73DA1FDBE2EF42,order_E4CF84922B4E46,order_E4CF84922B4E46,exact,0,0.0,1.0,0,0.0,0.0,2.12,1.0,1,3,0.0005,745.48,745.48,EXACT_MATCH,batch_realistic
pay_4E21F42857A84E,order_184BD84280D144,order_184BD84280D144,exact,0,0.0,1.0,0,0.0,0.0,2.29,1.0,1,12,0.0005,2618.96,2618.96,EXACT_MATCH,batch_realistic
pay_83465A6C857843,order_EA1150892D8443,order_EA1150892D8443,exact,0,0.0,1.0,0,0.0,0.0,2.38,1.0,1,14,0.0017,2547.33,2547.33,EXACT_MATCH,batch_realistic
pay_201A986B64D24F,order_16181E56212049,order_16181E56212049,exact,0,0.0,1.0,0,0.0,0.0,2.38,1.0,1,4,0.0084,22498.63,22498.63,EXACT_MATCH,batch_realistic
pay_9B79530B5A6446,order_D27EDFB36BE242,order_D27EDFB36BE242,exact,0,0.0,1.0,0,0.0,0.0,2.38,1.0,1,10,0.0029,2025.73,2025.73,EXACT_MATCH,batch_realistic
pay_D8808EC9640F4A,order_0DB33BE29E324A,order_0DB33BE29E324A,exact,0,0.0,1.0,0,0.0,0.0,2.5,1.0,1,7,0.0006,1029.15,1029.15,EXACT_MATCH,batch_realistic
pay_6CB245DA340B4C,order_E23513EE8CC84D,order_E23513EE8CC84D,exact,0,0.0,1.0,0,0.0,0.0,2.29,1.0,1,8,0.0034,1930.88,1930.88,EXACT_MATCH,batch_realistic
pay_6647791878FE42,order_D2C435A0864F4F,order_D2C435A0864F4F,exact,0,0.0,1.0,0,0.0,0.0,2.21,1.0,1,12,0.0,2944.31,2944.31,EXACT_MATCH,batch_realistic
pay_82F2B6ADE27E4F,order_775C82EF2ED94F,order_775C82EF2ED94F,exact,0,0.0,1.0,0,0.0,0.0,2.08,1.0,1,1,0.0158,842.32,842.32,EXACT_MATCH,batch_realistic
pay_DAA89617F03F49,order_EF36428B6A8247,order_EF36428B6A8247,exact,0,0.0,1.0,0,92.19,0.0348,2.5,1.0,1,15,0.0002,2743.66,2651.47,AMOUNT_MISMATCH,batch_realistic
pay_CAF906C09CFF48,order_C532950893F34B,order_C532950893F34B,exact,0,0.0,1.0,0,0.0,0.0,2.12,1.0,1,2,0.0136,679.59,679.59,EXACT_MATCH,batch_realistic
pay_B0E897F6A3964A,order_EB214EF216F84B,order_EB214EF216F84B,exact,0,0.0,1.0,0,0.0,0.0,2.21,1.0,1,2,0.0035,691.21,691.21,EXACT_MATCH,batch_realistic
pay_0C9A341AA5194B,order_CF6093AB0EDE4F,order_CF6093AB0EDE4F,exact,0,0.0,1.0,0,0.0,0.0,2.0,1.0,1,14,0.0017,2551.69,2551.69,EXACT_MATCH,batch_realistic
pay_7F42CBC536AE43,order_9C76E896BF6E48,order_9C76E896BF6E48,exact,0,0.0,1.0,0,0.0,0.0,2.38,1.0,1,7,0.0037,2329.78,2329.78,EXACT_MATCH,batch_realistic
pay_3D9BC30350B343,order_6999C950E11148,order_6999C950E11148,exact,0,0.0,1.0,0,0.0,0.0,2.5,1.0,1,7,0.0039,1736.48,1736.48,EXACT_MATCH,batch_realistic
pay_9268F484EB584A,order_97B2570EFC5948,order_97B2570EFC5948,exact,0,0.0,1.0,0,0.0,0.0,2.21,1.0,1,1,0.0043,524.0,524.0,EXACT_MATCH,batch_realistic
pay_1D845CE3DDAA41,order_1998D7E9AC3B46,order_1998D7E9AC3B46,exact,0,0.0,1.0,0,0.0,0.0,2.04,1.0,1,12,0.0009,2632.09,2632.09,EXACT_MATCH,batch_realistic
pay_0EFD83A3C0FD42,order_31386FDD808E45,order_31386FDD808E45,exact,0,0.0,1.0,0,0.0,0.0,2.46,1.0,1,0,0.0286,45779.89,45779.89,EXACT_MATCH,batch_realistic
pay_3D1433F1078A4A,order_B05A73D9F4D64F,order_B05A73D9F4D64F,exact,0,0.0,1.0,0,0.0,0.0,2.29,1.0,1,15,0.0008,2786.47,2786.47,EXACT_MATCH,batch_realistic
pay_17A13BFFB8944E,order_8E64BB10FE9441,order_8E64BB10FE9441,exact,0,0.0,1.0,0,0.0,0.0,2.25,1.0,1,0,0.026,15286.24,15286.24,EXACT_MATCH,batch_realistic
pay_DD6FE66D3A5641,order_138A66E5E47E41,order_138A66E5E47E41,exact,0,0.0,1.0,0,0.0,0.0,2.38,1.0,1,0,0.0208,12696.74,12696.74,EXACT_MATCH,batch_realistic
pay_72A18767520748,order_EB74B293E66747,order_EB74B293E66747,exact,0,0.0,1.0,0,-93.03,0.0341,2.08,1.0,1,12,0.0005,2636.71,2729.74,AMOUNT_MISMATCH,batch_realistic
pay_E73438391FD048,order_49C46B6EC9DC47,order_49C46B6EC9DC47,exact,0,0.0,1.0,0,0.0,0.0,7.0,1.0,1,3,0.0068,1113.01,1113.01,DATE_DRIFT,batch_realistic
pay_759896183B864C,order_520AD0867F3E4D,order_520AD0867F3E4D,exact,0,0.0,1.0,0,0.0,0.0,2.38,1.0,1,1,0.0067,634.42,634.42,EXACT_MATCH,batch_realistic
pay_741787B4268449,order_4BF62A448E664B,order_4BF62A448E664B,exact,0,0.0,1.0,0,0.0,0.0,2.5,1.0,1,8,0.0021,2343.21,2343.21,EXACT_MATCH,batch_realistic
pay_6F8BE1ADDE0E4B,order_415D8132BC894A,order_415D8132BC894A,exact,0,0.0,1.0,0,0.0,0.0,9.0,1.0,1,15,0.0002,2840.63,2840.63,DATE_DRIFT,batch_realistic
pay_BEB12117F81F49,order_D4B1B275510C48,order_D4B1B275510C48,exact,0,0.0,1.0,0,0.0,0.0,7.0,1.0,1,7,0.0006,1028.54,1028.54,DATE_DRIFT,batch_realistic
pay_113FA665C0464E,order_6F2C5084C3804F,order_6F2C5084C3804F,exact,0,0.0,1.0,0,0.0,0.0,2.0,1.0,1,6,0.0006,1650.4,1650.4,EXACT_MATCH,batch_realistic
pay_F88969A939F845,order_685BBAF5F5A44E,order_685BBAF5F5A44E,exact,0,0.0,1.0,0,0.0,0.0,2.17,1.0,1,1,0.0026,386.5,386.5,EXACT_MATCH,batch_realistic
pay_FA12057A60BC47,order_A2E26937518D45,order_A2E26937518D45,exact,0,0.0,1.0,0,0.0,0.0,2.17,1.0,1,1,0.0023,189.29,189.29,EXACT_MATCH,batch_realistic
pay_5F9813CEB53F4D,order_B705CE65084D47,order_B705CE65084D47,exact,0,0.0,1.0,0,0.0,0.0,2.42,1.0,1,2,0.0065,407.81,407.81,EXACT_MATCH,batch_realistic
pay_3379F3E2CF5B43,order_800886CD96E442,order_800886CD96E442,exact,0,0.0,1.0,0,0.0,0.0,2.0,1.0,1,8,0.0024,1307.27,1307.27,EXACT_MATCH,batch_realistic
pay_F437F5E313334C,order_865DB2F48B4C4F,order_865DB2F48B4C4F,exact,0,0.0,1.0,0,0.0,0.0,2.33,1.0,1,3,0.0079,928.76,928.76,EXACT_MATCH,batch_realistic
pay_391EF92D93584A,order_2C253224BCE345,order_2C253224BCE345,exact,0,0.0,1.0,0,0.0,0.0,2.38,1.0,1,14,0.0022,2666.52,2666.52,EXACT_MATCH,batch_realistic
pay_3E4932B72FFB45,order_7FD81C49D97741,order_7FD81C49D97741,exact,0,0.0,1.0,0,0.0,0.0,2.12,1.0,1,5,0.0038,1706.07,1706.07,EXACT_MATCH,batch_realistic
pay_F0D4E3A73BCE4B,order_EF5A7E2958B842,order_EF5A7E2958B842,exact,0,0.0,1.0,0,0.0,0.0,2.08,1.0,1,4,0.0015,1391.96,1391.96,EXACT_MATCH,batch_realistic
pay_3D566058B20E49,order_FDFCB811BD5B4E,order_FDFCB811BD5B4E,exact,0,0.0,1.0,0,0.0,0.0,2.17,1.0,1,5,0.0017,14507.38,14507.38,EXACT_MATCH,batch_realistic
pay_86E69BE3256147,order_41C00A8240D847,order_41C00A8240D847,exact,0,0.0,1.0,0,0.0,0.0,2.17,1.0,1,11,0.001,2007.92,2007.92,EXACT_MATCH,batch_realistic
pay_6AC7DF7E9F5B4B,order_F16BEF398A9C4C,order_F16BEF398A9C4C,exact,0,0.0,1.0,0,0.0,0.0,2.17,1.0,1,2,0.0017,10735.42,10735.42,EXACT_MATCH,batch_realistic
pay_083AA48874E34A,order_897F80A8C9334D,order_897F80A8C9334D,exact,0,0.0,1.0,0,0.0,0.0,2.5,1.0,1,4,0.0053,21671.58,21671.58,EXACT_MATCH,batch_realistic
pay_52FD30CCA05B40,order_77AE1BEBE3A546,order_77AE1BEBE3A546,exact,0,0.0,1.0,0,0.0,0.0,2.29,1.0,1,4,0.0013,810.47,810.47,EXACT_MATCH,batch_realistic
pay_C85ABFBFB93647,order_C746FA58C09348,order_C74F6A58C09348,fuzzy,0,0.65,0.3,0,0.0,0.0,2.25,0.95,1,6,0.0052,1677.49,1677.49,ID_AMBIGUOUS,batch_realistic
pay_8B9A49ABBE7F4A,order_3894A7AB902044,order_3894A7AB092044,fuzzy,0,0.65,0.3,0,0.0,0.0,2.5,0.95,1,9,0.0054,2402.66,2402.66,ID_AMBIGUOUS,batch_realistic
pay_27D2375BBDA145,order_E915FA52821141,order_E915FA25821141,fuzzy,0,0.65,0.3,0,0.0,0.0,2.12,0.95,1,8,0.0014,1281.71,1281.71,ID_AMBIGUOUS,batch_realistic
pay_4B7E4AF038C543,order_8CED12F26C8048,order_8CE1D2F26C8048,fuzzy,0,0.65,0.3,0,0.0,0.0,2.29,0.95,1,4,0.0016,1429.79,1429.79,ID_AMBIGUOUS,batch_realistic
pay_C69DB6ED8E1B4F,order_080D9745F9FB46,order_080D974F59FB46,fuzzy,0,0.65,0.3,0,0.0,0.0,2.17,0.95,1,0,0.0313,240601.86,240601.86,ID_AMBIGUOUS,batch_realistic
pay_03FE5F97DE4440,ordre_A5446A2ADEE740,order_A5446A2ADEE740,fuzzy,0,0.55,0.4,0,0.0,0.0,2.33,0.95,1,13,0.0009,2536.47,2536.47,ID_AMBIGUOUS,batch_realistic
pay_D5559A6CC2D94B,order7_3A30578069D47,order_73A30578069D47,fuzzy,0,0.65,0.3,0,0.0,0.0,2.17,0.95,1,2,0.0025,8384.02,8384.02,ID_AMBIGUOUS,batch_realistic
pay_5D468BAA138941,order_41B7ED3DF1AA4B,order_4B17ED3DF1AA4B,fuzzy,0,0.65,0.3,0,0.0,0.0,2.0,0.95,1,5,0.0014,1046.9,1046.9,ID_AMBIGUOUS,batch_realistic
pay_B4DD9F255FB44C,order_D6FC2D182C8549,order_D6FC2D1828C549,fuzzy,0,0.6,0.35,0,0.0,0.0,2.12,0.95,1,4,0.0039,1267.28,1267.28,ID_AMBIGUOUS,batch_realistic
pay_1B5DB678EF544A,order_1AEDC06B4D0446,order_1AEDC06B4D0446,exact,0,0.0,1.0,0,-122.25,0.0425,2.25,1.0,1,18,0.0004,2754.0,2876.25,AMOUNT_MISMATCH,batch_stress
pay_D12C81EE4B5E4D,order_E3BEA87C28E245,order_E3BEA87C28E245,exact,0,0.0,1.0,0,0.0,0.0,2.12,1.0,1,0,0.0465,103477.04,103477.04,EXACT_MATCH,batch_stress
pay_A46B506CD9084C,order_955894A98DBC4C,order_955894A98DBC4C,exact,1,0.0,1.0,0,0.0,0.0,2.04,1.0,1,4,0.0032,408.01,408.01,DUPLICATE,batch_stress
pay_9737ADDC023A4F,order_479A76196A2845,order_479A76196A2845,exact,0,0.0,1.0,0,0.0,0.0,2.0,1.0,1,18,0.0037,2790.23,2790.23,EXACT_MATCH,batch_stress
pay_CCE4FEC4F95D48,order_B15EA581897941,order_B15EA581897941,exact,1,0.0,1.0,0,0.0,0.0,2.5,1.0,1,7,0.0001,1282.6,1282.6,DUPLICATE,batch_stress
pay_B0CDD6E8DA4C45,order_84A7DD67394F43,order_84A7DD67394F43,exact,0,0.0,1.0,0,0.0,0.0,2.46,1.0,1,4,0.0001,946.94,946.94,EXACT_MATCH,batch_stress
pay_E252B194C9E242,order_3E9534B97B744A,order_3E9534B97B744A,exact,0,0.0,1.0,0,0.0,0.0,2.08,1.0,1,16,0.0011,2402.86,2402.86,EXACT_MATCH,batch_stress
pay_505BA853841E49,order_5EECBF474D764A,order_5EECBF474D764A,exact,0,0.0,1.0,0,0.0,0.0,2.08,1.0,1,8,0.0014,18423.25,18423.25,EXACT_MATCH,batch_stress
pay_F0E023874D684C,order_CA2D911903464F,order_CA2D911903464F,exact,0,0.0,1.0,0,0.0,0.0,2.38,1.0,1,0,0.0271,301.7,301.7,EXACT_MATCH,batch_stress
pay_2E2546B8BA524A,order_495C3D99D19548,order_495C3D99D19548,exact,0,0.0,1.0,0,0.0,0.0,2.46,1.0,1,11,0.0018,1096.34,1096.34,EXACT_MATCH,batch_stress
pay_3C37B3B6034348,order_D2AFBE6B81DB42,order_D2AFBE6B81DB42,exact,0,0.0,1.0,0,0.0,0.0,2.29,1.0,1,7,0.0083,1668.34,1668.34,EXACT_MATCH,batch_stress
pay_B068CB215DFE48,order_84CFAC8A05E74B,order_84CFAC8A05E74B,exact,0,0.0,1.0,0,0.0,0.0,2.46,1.0,1,18,0.0033,2684.98,2684.98,EXACT_MATCH,batch_stress
pay_A38B73928FBE4C,order_D957F70798B843,order_D957F70798B843,exact,0,0.0,1.0,0,0.0,0.0,2.04,1.0,1,7,0.0045,1917.23,1917.23,EXACT_MATCH,batch_stress
pay_14F68BD2B83F45,order_03E135477E9745,order_03E135477E9745,exact,0,0.0,1.0,0,0.0,0.0,2.42,1.0,1,13,0.0087,2357.59,2357.59,EXACT_MATCH,batch_stress
pay_0C258D213CBD4C,order_65DE9FE1968E41,order_65DE9FE1968E41,exact,1,0.0,1.0,0,0.0,0.0,2.46,1.0,1,8,0.0004,837.98,837.98,DUPLICATE,batch_stress
pay_A1054C94D7BF4B,order_F24E53AF62474D,order_F24E53AF62474D,exact,0,0.0,1.0,0,0.0,0.0,2.46,1.0,1,8,0.0012,2318.25,2318.25,EXACT_MATCH,batch_stress
pay_A3914CFDAED04E,order_22119798FC1B42,order_22119798FC1B42,exact,0,0.0,1.0,0,0.0,0.0,11.0,1.0,1,3,0.0089,872.41,872.41,DATE_DRIFT,batch_stress
pay_CFEAA0C44A4C42,order_1ED731FAB94D47,order_1ED731FAB94D47,exact,0,0.0,1.0,0,0.0,0.0,2.04,1.0,1,17,0.0008,2418.06,2418.06,EXACT_MATCH,batch_stress
pay_D26CB387A74A4F,order_D7274054EB4A4E,order_D7274054EB4A4E,exact,0,0.0,1.0,0,0.0,0.0,2.17,1.0,1,7,0.0048,1464.52,1464.52,EXACT_MATCH,batch_stress
pay_ACB690B885724F,order_D7A5EEB7504741,order_D7A5EEB7504741,exact,0,0.0,1.0,0,0.0,0.0,2.38,1.0,1,1,0.0026,231800.99,231800.99,EXACT_MATCH,batch_stress
pay_206D3D2C19A848,order_F74519E2462341,order_F74519E2462341,exact,0,0.0,1.0,0,0.0,0.0,2.17,1.0,1,7,0.0015,1698.43,1698.43,EXACT_MATCH,batch_stress
pay_959D2A561FC04B,order_8A9C5668E6C24E,order_8A9C5668E6C24E,exact,0,0.0,1.0,0,0.0,0.0,2.12,1.0,1,5,0.0028,1148.8,1148.8,EXACT_MATCH,batch_stress
pay_FEF4D3FE5ECF49,order_E05F023CE81248,order_E05F023CE81248,exact,0,0.0,1.0,0,-103.84,0.0081,2.42,1.0,1,5,0.0043,12639.42,12743.26,AMOUNT_MISMATCH,batch_stress
pay_74FBE38DADC540,order_5860940DA1594F,order_5860940DA1594F,exact,0,0.0,1.0,0,0.0,0.0,2.25,1.0,1,7,0.0011,1906.63,1906.63,EXACT_MATCH,batch_stress
pay_35BCD2A2159E47,order_418E79A303DE46,order_418E79A303DE46,exact,0,0.0,1.0,0,0.0,0.0,2.42,1.0,1,4,0.0045,2135.07,2135.07,EXACT_MATCH,batch_stress
pay_CBB8320CEC0D4F,order_D048106D7E584E,order_D048106D7E584E,exact,0,0.0,1.0,0,0.0,0.0,2.46,1.0,1,1,0.0049,523.53,523.53,EXACT_MATCH,batch_stress
pay_D3105EF8CC6D44,order_AAF20A4DAB4242,order_AAF20A4DAB4242,exact,0,0.0,1.0,0,0.0,0.0,2.5,1.0,1,2,0.0131,977.03,977.03,EXACT_MATCH,batch_stress
pay_B0C368C59D4749,order_9BACDCB2D8B042,order_9BACDCB2D8B042,exact,0,0.0,1.0,0,0.0,0.0,2.38,1.0,1,9,0.0002,1472.18,1472.18,EXACT_MATCH,batch_stress
pay_F7DDC403AB1A4C,order_B4A0CCB2C10743,order_B4A0CCB2C10743,exact,0,0.0,1.0,0,-1337.17,0.5,3.0,1.0,0,4,0.0009,1337.16,2674.33,AMOUNT_MISMATCH,batch_stress
pay_D9D496AEF2CA42,order_E493DFE7F2A948,order_E493DFE7F2A948,exact,0,0.0,1.0,0,0.0,0.0,2.04,1.0,1,9,0.0008,2494.1,2494.1,EXACT_MATCH,batch_stress
pay_E32595A0B50B4B,order_DEAFB3344A2641,order_DEAFB3344A2641,exact,0,0.0,1.0,0,0.0,0.0,2.0,1.0,1,16,0.001,2409.83,2409.83,EXACT_MATCH,batch_stress
pay_832F0CB932C445,order_B392724AFF914D,order_B392724AFF914D,exact,0,0.0,1.0,0,0.0,0.0,2.38,1.0,1,12,0.0027,2233.19,2233.19,EXACT_MATCH,batch_stress
pay_3D6D6734BEA941,order_453F91AE9B2E4C,order_453F91AE9B2E4C,exact,0,0.0,1.0,0,-65.69,0.0293,2.04,1.0,1,7,0.003,2179.29,2244.98,AMOUNT_MISMATCH,batch_stress
pay_434B48B7F9FC4A,order_D88EA596D75E4F,order_D88EA596D75E4F,exact,0,0.0,1.0,0,0.0,0.0,2.0,1.0,1,19,0.0011,2812.52,2812.52,EXACT_MATCH,batch_stress
pay_3211997E613F42,order_3C378ABA907546,order_3C378ABA907546,exact,0,0.0,1.0,0,0.0,0.0,2.46,1.0,1,4,0.0025,9412.56,9412.56,EXACT_MATCH,batch_stress
pay_A5A5B5AD705941,order_1D3FE4767CE648,order_1D3FE4767CE648,exact,0,0.0,1.0,0,0.0,0.0,2.0,1.0,1,13,0.0002,2391.56,2391.56,ID_AMBIGUOUS,batch_stress
pay_A452C390F8CB4E,order_77789CAC78FB48,order_77789CAC78FB48,exact,0,0.0,1.0,0,0.0,0.0,2.25,1.0,1,12,0.0027,1872.8,1872.8,EXACT_MATCH,batch_stress
pay_36FAC0EECC344B,order_A912E538397D4D,order_A912E538397D4D,exact,1,0.0,1.0,0,0.0,0.0,2.33,1.0,1,2,0.0054,348.09,348.09,DUPLICATE,batch_stress
pay_C71C49DA050D44,order_B270EB97A81447,order_B270EB97A81447,exact,1,0.0,1.0,0,0.0,0.0,2.5,1.0,1,1,0.0133,3368.44,3368.44,DUPLICATE,batch_stress
pay_78545B377DDD41,order_B3E9AC19347D43,order_B3E9AC19347D43,exact,0,0.0,1.0,0,-68.58,0.1303,2.0,1.0,1,3,0.0051,457.55,526.13,AMOUNT_MISMATCH,batch_stress
pay_1B11FBB799C449,order_36C545729E4041,order_36C545729E4041,exact,0,0.0,1.0,0,-7291.71,0.5,3.0,1.0,0,5,0.0012,7291.72,14583.43,AMOUNT_MISMATCH,batch_stress
pay_A3BB6F6603B34A,order_BAEE854AC7D341,order_BAEE854AC7D341,exact,0,0.0,1.0,0,0.0,0.0,11.0,1.0,1,1,0.0074,168.4,168.4,DATE_DRIFT,batch_stress
pay_2F7889BF09A540,order_A23166CB491D4D,order_A23166CB491D4D,exact,0,0.0,1.0,0,-262.54,0.4252,2.0,1.0,0,1,0.0198,354.98,617.52,AMOUNT_MISMATCH,batch_stress
pay_49DC9BECCF9440,order_EFD579760B6145,order_EFD579760B6145,exact,0,0.0,1.0,0,0.0,0.0,2.25,1.0,1,6,0.0088,1555.25,1555.25,EXACT_MATCH,batch_stress
pay_2015AB303F7E49,order_7791EBC5443F44,order_7791EBC5443F44,exact,0,0.0,1.0,0,0.0,0.0,2.0,1.0,1,7,0.0021,1615.43,1615.43,EXACT_MATCH,batch_stress
pay_EC657FFAC6874F,order_2039365175114E,order_2039365175114E,exact,0,0.0,1.0,0,0.0,0.0,2.0,1.0,1,2,0.0001,7929.65,7929.65,ID_AMBIGUOUS,batch_stress
pay_DB87662018CD40,order_FD8F253B98AC41,order_FD8F253B98AC41,exact,1,0.0,1.0,0,0.0,0.0,2.42,1.0,1,3,0.0019,716.08,716.08,DUPLICATE,batch_stress
pay_1CC66698E35C4C,order_FE90791FC4A44F,order_FE90791FC4A44F,exact,1,0.0,1.0,0,0.0,0.0,2.08,1.0,1,2,0.0053,247.35,247.35,DUPLICATE,batch_stress
pay_6D0ECFE8C2274F,order_C23D4653617F49,order_C23D4653617F49,exact,0,0.0,1.0,0,0.0,0.0,2.46,1.0,1,17,0.0003,2752.97,2752.97,EXACT_MATCH,batch_stress
pay_E1A1DA43C43F4D,order_391FCB0A93B042,order_391FCB0A93B042,exact,0,0.0,1.0,0,0.0,0.0,2.0,1.0,1,0,0.0638,90000.56,90000.56,EXACT_MATCH,batch_stress
pay_67A89237703348,order_65FDAD9AA45246,order_65FDAD9AA45246,exact,0,0.0,1.0,0,0.0,0.0,2.08,1.0,1,12,0.0004,2213.32,2213.32,EXACT_MATCH,batch_stress
pay_18EAD644E94F4B,order_BF8748D8B1A043,order_BF8748D8B1A043,exact,0,0.0,1.0,0,0.0,0.0,2.04,1.0,1,10,0.0046,1893.02,1893.02,EXACT_MATCH,batch_stress
pay_5D0DA014847448,order_336E1E68810D4F,order_336E1E68810D4F,exact,0,0.0,1.0,0,0.0,0.0,2.08,1.0,1,3,0.0031,20655.3,20655.3,EXACT_MATCH,batch_stress
pay_72F3190DA0E449,order_40AC9B46B9884C,order_40AC9B46B9884C,exact,0,0.0,1.0,0,-1610.09,0.7736,2.0,1.0,0,4,0.0036,471.12,2081.21,AMOUNT_MISMATCH,batch_stress
pay_6F48A8F8E54749,order_4EB7471F007044,order_4EB7471F007044,exact,0,0.0,1.0,0,0.0,0.0,6.0,1.0,1,12,0.0001,2255.66,2255.66,DATE_DRIFT,batch_stress
pay_182EBD47A2C042,order_98725215724E4F,order_98725215724E4F,exact,0,0.0,1.0,0,0.0,0.0,9.0,1.0,1,6,0.0001,1727.05,1727.05,DATE_DRIFT,batch_stress
pay_21A77DFEBF5E4F,order_BE283EAC756C4F,order_BE283EAC756C4F,exact,0,0.0,1.0,0,0.0,0.0,2.04,1.0,1,0,0.051,3853.92,3853.92,EXACT_MATCH,batch_stress
pay_A929F766EB674A,order_E1AA4B03A68B4C,order_E1AA4B03A68B4C,exact,0,0.0,1.0,0,0.0,0.0,2.5,1.0,1,8,0.0029,1749.45,1749.45,EXACT_MATCH,batch_stress
pay_547F059D9C514B,order_28E3B67AA6C149,order_28E3B67AA6C149,exact,0,0.0,1.0,0,0.0,0.0,8.0,1.0,1,4,0.0012,1168.35,1168.35,DATE_DRIFT,batch_stress
pay_102973D0AF1D4E,order_E8E009B36AF141,order_E8E009B36AF141,exact,0,0.0,1.0,0,0.0,0.0,2.04,1.0,1,18,0.0004,2926.51,2926.51,EXACT_MATCH,batch_stress
pay_8877E0A5FBF34F,order_1EA629F10C9746,order_1EA629F10C9746,exact,0,0.0,1.0,0,0.0,0.0,2.21,1.0,1,4,0.0022,1581.22,1581.22,EXACT_MATCH,batch_stress
pay_8E1D798F093A45,order_913AB5E0C2834D,order_913AB5E0C2834D,exact,0,0.0,1.0,0,0.0,0.0,2.29,1.0,1,10,0.0003,1526.49,1526.49,EXACT_MATCH,batch_stress
pay_FDECFF5F8E3D45,order_76000C28CE6E46,order_76000C28CE6E46,exact,0,0.0,1.0,0,-12036.0,0.6592,2.0,1.0,0,0,0.0307,6222.83,18258.83,AMOUNT_MISMATCH,batch_stress
pay_62F3CEF4578D4B,order_40BDA70DCB6E40,order_40BDA70DCB6E40,exact,0,0.0,1.0,0,-88.24,0.0088,2.08,1.0,1,5,0.0033,9883.18,9971.42,AMOUNT_MISMATCH,batch_stress
pay_CF70B45369274D,order_029A7AC625DC40,order_029A7AC625DC40,exact,0,0.0,1.0,0,0.0,0.0,2.04,1.0,1,5,0.0002,12162.22,12162.22,EXACT_MATCH,batch_stress
pay_75304445405A43,order_497FB0102F0341,order_497FB0102F0341,exact,0,0.0,1.0,0,-140.32,0.0072,2.5,1.0,1,5,0.0003,19383.94,19524.26,AMOUNT_MISMATCH,batch_stress
pay_5C3F1E1CD89A42,order_C5A9F1FC7FFF4A,order_C5A9F1FC7FFF4A,exact,0,0.0,1.0,0,-555.88,0.5,3.0,1.0,0,3,0.0036,555.88,1111.76,AMOUNT_MISMATCH,batch_stress
pay_75C7078E223347,order_E661E78137764F,order_E661E78137764F,exact,0,0.0,1.0,0,-115.05,0.0079,2.38,1.0,1,4,0.0007,14367.3,14482.35,AMOUNT_MISMATCH,batch_stress
pay_927A6532F38442,order_A4F075DA8F294B,order_A4F075DA8F294B,exact,0,0.0,1.0,0,0.0,0.0,2.33,1.0,1,4,0.0018,9251.27,9251.27,EXACT_MATCH,batch_stress
pay_5F3BE58AC6BC40,order_63FE9B6E5E3C41,order_63FE9B6E5E3C41,exact,0,0.0,1.0,0,0.0,0.0,2.33,1.0,1,4,0.0012,9719.55,9719.55,EXACT_MATCH,batch_stress
pay_3E0720658D1946,order_EF09865B03594F,order_EF09865B03594F,exact,0,0.0,1.0,0,0.0,0.0,8.0,1.0,1,9,0.0073,1932.72,1932.72,DATE_DRIFT,batch_stress
pay_3D0F6D7FC76D40,order_22A07021B6F64F,order_22A07021B6F64F,exact,0,0.0,1.0,0,0.0,0.0,2.0,1.0,1,1,0.0037,272.08,272.08,EXACT_MATCH,batch_stress
pay_A88F4DE07EB544,order_2C4C2371D8FE4F,order_2C4C2371D8FE4F,exact,0,0.0,1.0,0,92.06,0.0841,2.33,1.0,1,5,0.0108,1186.42,1094.36,AMOUNT_MISMATCH,batch_stress
pay_E974FC2CBEA646,order_C52DF22ADAD74C,order_C52DF22ADAD74C,exact,0,0.0,1.0,0,0.0,0.0,2.42,1.0,1,2,0.009,558.86,558.86,EXACT_MATCH,batch_stress
pay_247F4B23C0CD41,order_00F1A4C2BC6246,order_00F1A4C2BC6246,exact,0,0.0,1.0,0,0.0,0.0,2.17,1.0,1,7,0.0008,2988.42,2988.42,EXACT_MATCH,batch_stress
pay_4A032D34924540,order_C2DC996C17EE44,order_C2DC996C17EE44,exact,0,0.0,1.0,0,-106.66,0.099,2.08,1.0,1,3,0.0062,970.94,1077.6,AMOUNT_MISMATCH,batch_stress
pay_2C6FF0B1D29243,order_08C86D85C4E14A,order_08C86D85C4E14A,exact,0,0.0,1.0,0,0.0,0.0,2.0,1.0,1,3,0.0006,13820.17,13820.17,EXACT_MATCH,batch_stress
pay_65E37C1FC3ED49,order_D198885727864A,order_D198885727864A,exact,0,0.0,1.0,0,0.0,0.0,9.0,1.0,1,2,0.0106,342.54,342.54,DATE_DRIFT,batch_stress
pay_E1814315B29048,order_40AB7F81431A4D,order_40AB7F81431A4D,exact,0,0.0,1.0,0,0.0,0.0,2.42,1.0,1,7,0.0007,818.1,818.1,EXACT_MATCH,batch_stress
pay_1D82F2BBD6E34D,order_68909E85768E40,order_68909E85768E40,exact,1,0.0,1.0,0,0.0,0.0,2.21,1.0,1,1,0.0094,379.41,379.41,DUPLICATE,batch_stress
pay_551929A373FB42,order_6661503361B747,order_6661503361B747,exact,0,0.0,1.0,0,0.0,0.0,2.5,1.0,1,8,0.0028,2487.1,2487.1,EXACT_MATCH,batch_stress
pay_758542DFD80844,order_897ED6952C984A,order_897ED6952C984A,exact,0,0.0,1.0,0,0.0,0.0,2.21,1.0,1,18,0.0011,2815.75,2815.75,EXACT_MATCH,batch_stress
pay_160E38E1F0564B,order_2EDC290F28864A,order_2EDC290F28864A,exact,0,0.0,1.0,0,0.0,0.0,2.42,1.0,1,8,0.0018,2331.46,2331.46,EXACT_MATCH,batch_stress
pay_587D0FC40DA04C,order_BA394F135A1547,order_BA394F135A1547,exact,0,0.0,1.0,0,-294.48,0.6914,2.0,1.0,0,1,0.0065,131.43,425.91,AMOUNT_MISMATCH,batch_stress
pay_A7A13A60096B47,order_78C8BE6DD80847,order_78C8BE6DD80847,exact,0,0.0,1.0,0,0.0,0.0,2.38,1.0,1,6,0.0048,1457.5,1457.5,EXACT_MATCH,batch_stress
pay_42FB1508E8FD49,order_B20E5BD2F1D046,order_B20E5BD2F1D046,exact,0,0.0,1.0,0,-19.61,0.0127,2.12,1.0,1,10,0.0029,1522.11,1541.72,AMOUNT_MISMATCH,batch_stress
pay_B2A4B7F29FBB44,order_D9A7955833EC43,order_D9A7955833EC43,exact,0,0.0,1.0,0,0.0,0.0,2.33,1.0,1,5,0.0006,18673.0,18673.0,EXACT_MATCH,batch_stress
pay_98AD01D7CAC049,order_035C5AB19FBB4A,order_035C5AB19FBB4A,exact,0,0.0,1.0,0,0.0,0.0,2.0,1.0,1,12,0.0003,2249.27,2249.27,EXACT_MATCH,batch_stress
pay_4EFE5FF8EFC144,order_0961DF95D92E49,order_0961DF95D92E49,exact,0,0.0,1.0,0,0.0,0.0,2.21,1.0,1,16,0.0008,2705.16,2705.16,EXACT_MATCH,batch_stress
pay_76168AF34F7C4F,order_4B36FAAE2DF345,order_4B36FAAE2DF345,exact,0,0.0,1.0,0,0.0,0.0,2.04,1.0,1,3,0.0009,17799.93,17799.93,EXACT_MATCH,batch_stress
pay_AA68CED9DD7D4F,order_56C188A02A0F4A,order_56C188A02A0F4A,exact,0,0.0,1.0,0,0.0,0.0,2.0,1.0,1,21,0.0,2863.83,2863.83,EXACT_MATCH,batch_stress
pay_FDC8541E9E1A4D,order_AD01BD26A2C84A,order_AD01BD26A2C84A,exact,0,0.0,1.0,0,0.0,0.0,2.29,1.0,1,3,0.0019,717.42,717.42,EXACT_MATCH,batch_stress
pay_DE0EC9322FB941,order_6201F220F3DB4F,order_6201F220F3DB4F,exact,0,0.0,1.0,0,0.0,0.0,8.0,1.0,1,11,0.0004,1841.64,1841.64,DATE_DRIFT,batch_stress
pay_BE0F4C1A28554C,order_99593FB33D8847,order_99593FB33D8847,exact,0,0.0,1.0,0,0.0,0.0,2.21,1.0,1,15,0.0013,2762.07,2762.07,EXACT_MATCH,batch_stress
pay_61C975CE012A48,order_C4E511A907AB4E,order_C4E511A907AB4E,exact,0,0.0,1.0,0,0.0,0.0,2.0,1.0,1,8,0.0002,1902.23,1902.23,EXACT_MATCH,batch_stress
pay_30145A63BF424F,order_C813280829BE47,order_C813280829BE47,exact,0,0.0,1.0,0,0.0,0.0,2.0,1.0,1,1,0.0171,240.54,240.54,EXACT_MATCH,batch_stress
pay_FFCA49FECE264E,order_8C38A49B0F7C43,order_8C38A49B0F7C43,exact,0,0.0,1.0,0,0.0,0.0,2.17,1.0,1,4,0.01,469.43,469.43,EXACT_MATCH,batch_stress
pay_973EB9DB3FEE41,order_958465C7CC6E4D,order_958465C7CC6E4D,exact,0,0.0,1.0,0,0.0,0.0,2.08,1.0,1,19,0.0007,2809.06,2809.06,EXACT_MATCH,batch_stress
pay_76A5B17F1D834D,order_63C35C7C5F4648,order_63C35C7C5F4648,exact,0,0.0,1.0,0,0.0,0.0,2.04,1.0,1,4,0.0034,1212.11,1212.11,EXACT_MATCH,batch_stress
pay_81CECEBBEF0E46,order_89AE38306E7343,order_89AE38306E7343,exact,0,0.0,1.0,0,0.0,0.0,2.08,1.0,1,1,0.009,391.84,391.84,EXACT_MATCH,batch_stress
pay_1772FE671E3D4E,order_D0EC5B937D3246,order_D0EC5B937D3246,exact,0,0.0,1.0,0,0.0,0.0,2.5,1.0,1,5,0.0028,1145.61,1145.61,EXACT_MATCH,batch_stress
pay_613BF339219741,order_BBDC22ED63BF4D,order_BBDC22ED63BF4D,exact,0,0.0,1.0,0,0.0,0.0,2.29,1.0,1,1,0.0191,173859.43,173859.43,EXACT_MATCH,batch_stress
pay_75F317056C624A,order_69770FD11D2446,order_69770FD11D2446,exact,0,0.0,1.0,0,0.0,0.0,2.04,1.0,1,4,0.0018,9234.33,9234.33,EXACT_MATCH,batch_stress
pay_2EBE948A71F34E,order_7611A96AE5554D,order_7611A96AE5554D,exact,0,0.0,1.0,0,0.0,0.0,13.0,1.0,1,13,0.002,2441.37,2441.37,DATE_DRIFT,batch_stress
pay_882A5E33897540,order_0DB5E146250C48,order_0DB5E146250C48,exact,0,0.0,1.0,0,0.0,0.0,2.46,1.0,1,17,0.0004,2927.61,2927.61,EXACT_MATCH,batch_stress
pay_DC06F1D9C1984B,order_6A439F537A4349,order_6A439F537A4349,exact,0,0.0,1.0,0,0.0,0.0,10.0,1.0,1,6,0.0039,1632.13,1632.13,DATE_DRIFT,batch_stress
pay_1DDF609AA9D148,order_E60B7977251F4E,order_E60B7977251F4E,exact,1,0.0,1.0,0,0.0,0.0,2.33,1.0,1,0,0.0555,32165.91,32165.91,DUPLICATE,batch_stress
pay_08BED9CEA2414D,order_45F8B2CF3D7E4D,order_45F8B2CF3D7E4D,exact,0,0.0,1.0,0,0.0,0.0,2.21,1.0,1,1,0.0101,11680.88,11680.88,EXACT_MATCH,batch_stress
pay_F7A2BD87668A4E,order_48DE2004A8EE4B,order_48DE2004A8EE4B,exact,0,0.0,1.0,0,-921.21,0.5,3.0,1.0,0,3,0.0123,921.21,1842.42,AMOUNT_MISMATCH,batch_stress
pay_575B92272D004C,order_6187F4CD4F5C48,order_6187F4CD4F5C48,exact,1,0.0,1.0,0,0.0,0.0,2.25,1.0,1,19,0.0005,2822.63,2822.63,DUPLICATE,batch_stress
pay_9BB30F26D82D42,order_CB3435531A7E41,order_CB3435531A7E41,exact,0,0.0,1.0,0,0.0,0.0,2.0,1.0,1,8,0.0004,1117.79,1117.79,ID_AMBIGUOUS,batch_stress
pay_8E134FF304E641,order_A7CFED6752414C,order_A7CFED6752414C,exact,0,0.0,1.0,0,0.0,0.0,10.0,1.0,1,0,0.0587,34055.44,34055.44,DATE_DRIFT,batch_stress
pay_50DAA00BF7264F,order_FEA087E180774F,order_FEA087E180774F,exact,0,0.0,1.0,0,0.0,0.0,2.38,1.0,1,1,0.0171,219299.58,219299.58,EXACT_MATCH,batch_stress
pay_1C55F7AF08E841,order_C89AD3D2CE094B,order_C89AD3D2CE094B,exact,0,0.0,1.0,0,0.0,0.0,2.0,1.0,1,1,0.0074,167.16,167.16,EXACT_MATCH,batch_stress
pay_730F45DCB4FB46,order_164ED685B65049,order_164ED685B65049,exact,0,0.0,1.0,0,0.0,0.0,2.33,1.0,1,0,0.022,4719.18,4719.18,EXACT_MATCH,batch_stress
pay_65F1BF367C3046,order_AA3B30048FBF42,order_AA3B30048FBF42,exact,1,0.0,1.0,0,0.0,0.0,2.33,1.0,1,7,0.0001,1278.33,1278.33,DUPLICATE,batch_stress
pay_FD13445D85DA4E,order_CE8A56E7D71245,order_CE8A56E7D71245,exact,0,0.0,1.0,0,0.0,0.0,2.46,1.0,1,15,0.001,2407.49,2407.49,EXACT_MATCH,batch_stress
pay_49507962A74940,order_AC28D225D38D4E,order_AC28D225D38D4E,exact,0,0.0,1.0,0,0.0,0.0,2.5,1.0,1,1,0.0103,7225.08,7225.08,EXACT_MATCH,batch_stress
pay_19CCA11A48C34F,order_7386CD4F9E3C44,order_7386CD4F9E3C44,exact,1,0.0,1.0,0,0.0,0.0,2.21,1.0,1,7,0.0059,2046.32,2046.32,DUPLICATE,batch_stress
pay_70F353E03AD848,order_11F2D1963D6847,order_11F2D1963D6847,exact,0,0.0,1.0,0,0.0,0.0,2.04,1.0,1,11,0.001,1794.01,1794.01,EXACT_MATCH,batch_stress
pay_EDECF1E5EF544A,order_CE51D08DE1E04D,order_CE51D08DE1E04D,exact,0,0.0,1.0,0,0.0,0.0,2.08,1.0,1,3,0.006,8435.92,8435.92,EXACT_MATCH,batch_stress
pay_A82D3475A4EA44,order_FAB88C6A915645,order_FAB88C6A915645,exact,0,0.0,1.0,0,-45.94,0.0005,2.42,1.0,1,0,0.0448,98837.48,98883.42,AMOUNT_MISMATCH,batch_stress
pay_8C8D5088D74145,order_26A2E038511647,order_26A2E038511647,exact,0,0.0,1.0,0,0.0,0.0,2.08,1.0,1,0,0.0279,310.11,310.11,EXACT_MATCH,batch_stress
pay_7593E339232F46,order_95FD6BE0071445,order_95FD6BE0071445,exact,0,0.0,1.0,0,0.0,0.0,2.0,1.0,1,4,0.0,24839.53,24839.53,ID_AMBIGUOUS,batch_stress
pay_C4E749BB82794A,order_D75E0375D83D43,order_D75E0375D83D43,exact,0,0.0,1.0,0,0.0,0.0,2.29,1.0,1,2,0.0065,464.77,464.77,EXACT_MATCH,batch_stress
pay_B4D16DD4B70349,order_7ED4EB9DA20B41,order_7ED4EB9DA20B41,exact,0,0.0,1.0,0,0.0,0.0,2.29,1.0,1,0,0.0741,143.69,143.69,EXACT_MATCH,batch_stress
pay_AA7235596B1346,order_36EF2BB9D3A34D,order_36EF2BB9D3A34D,exact,0,0.0,1.0,0,-4736.89,0.5,3.0,1.0,0,2,0.0038,4736.89,9473.78,AMOUNT_MISMATCH,batch_stress
pay_ECE1B77179644D,order_CD683F3ED10D48,order_CD683F3ED10D48,exact,0,0.0,1.0,0,0.0,0.0,2.5,1.0,1,2,0.0013,163448.64,163448.64,EXACT_MATCH,batch_stress
pay_D64D2AEB295A4D,order_8A6E2AC8C67848,order_8A6E2AC8C67848,exact,0,0.0,1.0,0,0.0,0.0,2.46,1.0,1,3,0.0054,244.72,244.72,EXACT_MATCH,batch_stress
pay_2176037A10CB46,order_D809EFB0CA4145,order_D809EFB0CA4145,exact,1,0.0,1.0,0,0.0,0.0,2.38,1.0,1,2,0.0018,331.94,331.94,DUPLICATE,batch_stress
pay_E45E75E1551C48,order_0F3D580486364E,order_0F3D580486364E,exact,0,0.0,1.0,0,0.0,0.0,2.0,1.0,1,17,0.0005,2425.59,2425.59,EXACT_MATCH,batch_stress
pay_B31E98A934BC4A,order_CEF70AA862994D,order_CEF70AA862994D,exact,0,0.0,1.0,0,0.0,0.0,2.0,1.0,1,10,0.0003,1993.4,1993.4,ID_AMBIGUOUS,batch_stress
pay_27CD71E749B849,order_BD571518C3494C,order_BD571518C3494C,exact,0,0.0,1.0,0,0.0,0.0,2.0,1.0,1,6,0.0007,687.68,687.68,ID_AMBIGUOUS,batch_stress
pay_0B198B0D60FA4D,order_943B41A79B724C,order_943B41A79B724C,exact,0,0.0,1.0,0,0.0,0.0,2.42,1.0,1,4,0.0005,24331.81,24331.81,EXACT_MATCH,batch_stress
pay_1FEBAC6AF4F846,order_8E298868773349,order_8E298868773349,exact,0,0.0,1.0,0,-455.0,0.5,3.0,1.0,0,2,0.0005,455.01,910.01,AMOUNT_MISMATCH,batch_stress
pay_2E71CD3655FA48,order_7A78841D1E204E,order_7A78841D1E204E,exact,1,0.0,1.0,0,0.0,0.0,2.25,1.0,1,1,0.0168,1392.85,1392.85,DUPLICATE,batch_stress
pay_06250CE9B79B42,order_9C85F96534E24C,order_9C85F96534E24C,exact,0,0.0,1.0,0,0.0,0.0,2.12,1.0,1,3,0.0031,16356.05,16356.05,EXACT_MATCH,batch_stress
pay_365979D45E8448,order_6C4E6C5A82104C,order_6C4E6C5A82104C,exact,0,0.0,1.0,0,0.0,0.0,2.21,1.0,1,7,0.0036,1081.64,1081.64,EXACT_MATCH,batch_stress
pay_8915D5116E5441,order_101668CBC18E47,order_101668CBC18E47,exact,0,0.0,1.0,0,-19.91,0.0075,2.38,1.0,1,14,0.0006,2630.31,2650.22,AMOUNT_MISMATCH,batch_stress
pay_C3ABD50A0ABB49,order_ED96464A2E3B47,order_ED96464A2E3B47,exact,0,0.0,1.0,0,0.0,0.0,2.0,1.0,1,7,0.0003,1277.91,1277.91,ID_AMBIGUOUS,batch_stress
pay_26F05796D9264F,order_668D826A918C4A,order_668D826A918C4A,exact,1,0.0,1.0,0,0.0,0.0,2.12,1.0,1,5,0.0014,19363.26,19363.26,DUPLICATE,batch_stress
pay_697C77E8095B4A,order_2DF8880B779541,order_2DF8880B779541,exact,0,0.0,1.0,0,-8481.37,0.5,3.0,1.0,0,4,0.0007,8481.36,16962.73,AMOUNT_MISMATCH,batch_stress
pay_EB7652B08DCE4F,order_F9BD49F55BF048,order_F9BD49F55BF048,exact,0,0.0,1.0,0,0.0,0.0,2.0,1.0,1,4,0.0031,17095.43,17095.43,EXACT_MATCH,batch_stress
pay_65BBC5CE55E34C,order_12C1E972B6774D,order_12C1E972B6774D,exact,0,0.0,1.0,0,0.0,0.0,2.0,1.0,1,1,0.0,29247.93,29247.93,ID_AMBIGUOUS,batch_stress
pay_42BC63DE182740,order_0E6B1A43E3E04A,order_0E6B1A43E3E04A,exact,0,0.0,1.0,0,0.0,0.0,2.42,1.0,1,15,0.0033,2608.64,2608.64,EXACT_MATCH,batch_stress
pay_94FCFEDBDF684E,order_D3E1B6EDB95041,order_D3E1B6EDB95041,exact,0,0.0,1.0,0,0.0,0.0,2.42,1.0,1,1,0.0006,100.05,100.05,EXACT_MATCH,batch_stress
pay_7CCF4CACDD3741,order_07956227203047,order_07956227203047,exact,0,0.0,1.0,0,0.0,0.0,2.38,1.0,1,3,0.0081,787.59,787.59,EXACT_MATCH,batch_stress
pay_3E34A24681C548,order_C8DCF00581F346,order_C8DCF00581F346,exact,0,0.0,1.0,0,0.0,0.0,2.17,1.0,1,12,0.0039,1493.54,1493.54,EXACT_MATCH,batch_stress
pay_E3E8F3166C3A42,order_1794E5CDEFF14C,order_1794E5CDEFF14C,exact,0,0.0,1.0,0,0.0,0.0,2.21,1.0,1,7,0.001,22803.85,22803.85,EXACT_MATCH,batch_stress
pay_A56C9E3C3C2E4C,order_F8C13F24D2094B,order_F8C13F24D2094B,exact,0,0.0,1.0,0,0.0,0.0,2.42,1.0,1,4,0.0001,946.85,946.85,EXACT_MATCH,batch_stress
pay_35C7FAE0596844,order_9F5F560202F847,order_9F5F560202F847,exact,0,0.0,1.0,0,-106.54,0.004,2.42,1.0,1,0,0.0363,26436.1,26542.64,AMOUNT_MISMATCH,batch_stress
pay_BBA25D463B6A4B,order_194BBEF77B9B49,order_194BBEF77B9B49,exact,0,0.0,1.0,0,0.0,0.0,2.0,1.0,1,12,0.0004,2212.37,2212.37,EXACT_MATCH,batch_stress
pay_F72592044A304C,order_0B671DB4231548,order_0B671DB4231548,exact,0,0.0,1.0,0,0.0,0.0,2.29,1.0,1,2,0.0025,22138.01,22138.01,EXACT_MATCH,batch_stress
pay_47E9C41EA0AF47,order_20EBCB0F8D2A4D,order_20EBCB0F8D2A4D,exact,0,0.0,1.0,0,0.0,0.0,2.0,1.0,1,2,0.0,37521.15,37521.15,ID_AMBIGUOUS,batch_stress
pay_59CABC9462804E,order_93CF007345AC45,order_93CF007345AC45,exact,0,0.0,1.0,0,-70.93,0.0227,2.42,1.0,1,1,0.0199,3047.8,3118.73,AMOUNT_MISMATCH,batch_stress
pay_7DBAC73361D94D,order_BCB0132D8EFA45,order_BCB0132D8EFA45,exact,0,0.0,1.0,0,-843.25,0.5,3.0,1.0,0,8,0.0017,843.24,1686.49,AMOUNT_MISMATCH,batch_stress
pay_ECAAD69C4B884E,order_EFB6FD47325F4A,order_EFB6FD47325F4A,exact,0,0.0,1.0,0,0.0,0.0,2.29,1.0,1,4,0.0026,1165.36,1165.36,EXACT_MATCH,batch_stress
pay_1A61EBC1CDEE45,order_035794A73A0143,order_035794A73A0143,exact,1,0.0,1.0,0,0.0,0.0,2.12,1.0,1,21,0.0,2863.9,2863.9,DUPLICATE,batch_stress
pay_02527AD4E62E49,order_F0B8892697924E,order_F0B8892697924E,exact,0,0.0,1.0,0,0.0,0.0,2.12,1.0,1,22,0.0014,2853.44,2853.44,EXACT_MATCH,batch_stress
pay_0AC55B49F24D4F,order_C580DD22710A48,order_C580DD22710A48,exact,0,0.0,1.0,0,0.0,0.0,2.38,1.0,1,1,0.0089,553.87,553.87,EXACT_MATCH,batch_stress
pay_586377DF5EF546,order_474D86446A7242,order_474D86446A7242,exact,0,0.0,1.0,0,0.0,0.0,2.04,1.0,1,10,0.0012,1515.22,1515.22,EXACT_MATCH,batch_stress
pay_E68E383F29B144,order_043CFF47312C45,order_043CFF47312C45,exact,0,0.0,1.0,0,0.0,0.0,7.0,1.0,1,2,0.0013,142417.2,142417.2,DATE_DRIFT,batch_stress
pay_171AFE45FBD942,order_C1756818154142,order_C1756818154142,exact,1,0.0,1.0,0,0.0,0.0,2.42,1.0,1,5,0.0022,1584.72,1584.72,DUPLICATE,batch_stress
pay_D9C54BC8019B42,order_4D4C91892FF94A,order_4D4C91892FF94A,exact,0,0.0,1.0,0,0.0,0.0,2.0,1.0,1,17,0.0002,2723.72,2723.72,ID_AMBIGUOUS,batch_stress
pay_1A3BD458C2404F,order_597F8771F7FA43,order_597F8771F7FA43,exact,0,0.0,1.0,0,0.0,0.0,12.0,1.0,1,9,0.0006,1112.41,1112.41,DATE_DRIFT,batch_stress
pay_565DDE503E6148,order_C20F6D0D765743,order_C20F6D0D765743,exact,0,0.0,1.0,0,0.0,0.0,2.21,1.0,1,11,0.0006,2576.85,2576.85,EXACT_MATCH,batch_stress
pay_85662F2867A64D,order_F0F5C71F4CB447,order_F0F5C71F4CB447,exact,0,0.0,1.0,0,0.0,0.0,2.0,1.0,1,16,0.0002,2700.78,2700.78,ID_AMBIGUOUS,batch_stress
pay_7F8DA6C9091348,order_BB82C405765F43,order_BB82C405765F43,exact,0,0.0,1.0,0,-343.05,0.5,2.0,1.0,0,3,0.0015,343.06,686.11,AMOUNT_MISMATCH,batch_stress
pay_0CDF5C7F9EA64A,order_1AF3605B1C9A4A,order_1AF3605B1C9A4A,exact,0,0.0,1.0,0,0.0,0.0,2.21,1.0,1,9,0.0033,1848.57,1848.57,EXACT_MATCH,batch_stress
pay_33F0464FBC4943,order_ED982CC4474849,order_ED982CC4474849,exact,0,0.0,1.0,0,75.22,0.005,2.17,1.0,1,1,0.014,15120.23,15045.01,AMOUNT_MISMATCH,batch_stress
pay_4A1ECDC9C3CA48,order_BFD77FECC1AC46,order_BFD77FECC1AC46,exact,0,0.0,1.0,0,0.0,0.0,2.08,1.0,1,4,0.0089,645.57,645.57,EXACT_MATCH,batch_stress
pay_CCC7BCB1C3EB4E,order_BBC58474B13B44,order_BBC58474B13B44,exact,0,0.0,1.0,0,0.0,0.0,2.12,1.0,1,10,0.0009,1528.39,1528.39,EXACT_MATCH,batch_stress
pay_80A15056A12640,order_158CE25E223D46,order_158CE25E223D46,exact,0,0.0,1.0,0,0.0,0.0,2.38,1.0,1,3,0.0061,8487.1,8487.1,EXACT_MATCH,batch_stress
pay_60FF4B70AA7649,order_655291000BD84B,order_655291000BD84B,exact,0,0.0,1.0,0,0.0,0.0,2.0,1.0,1,3,0.0009,17816.39,17816.39,EXACT_MATCH,batch_stress
pay_39085A4F570C41,order_F0B106D9FF7A48,order_F0B106D9FF7A48,exact,1,0.0,1.0,0,0.0,0.0,2.25,1.0,1,2,0.0008,534.51,534.51,DUPLICATE,batch_stress
pay_6738FDA890AA45,order_FA3A91D6E1864C,order_FA3A91D6E1864C,exact,1,0.0,1.0,0,0.0,0.0,2.17,1.0,1,11,0.0011,1806.59,1806.59,DUPLICATE,batch_stress
pay_E136070A244F4D,order_04F856A654CA41,order_04F856A654CA41,exact,0,0.0,1.0,0,0.0,0.0,2.12,1.0,1,7,0.0019,1285.98,1285.98,EXACT_MATCH,batch_stress
pay_C577D84EE78147,order_2691B1A674C842,order_2691B1A674C842,exact,0,0.0,1.0,0,0.0,0.0,2.5,1.0,1,16,0.0026,2693.83,2693.83,EXACT_MATCH,batch_stress
pay_C92AC659DA4D47,order_2F116FDCC5E24F,order_2F116FDCC5E24F,exact,0,0.0,1.0,0,0.0,0.0,2.42,1.0,1,15,0.0012,2951.19,2951.19,EXACT_MATCH,batch_stress
pay_257C46A061E44F,order_2104D5E2E55942,order_2104D5E2E55942,exact,0,0.0,1.0,0,0.0,0.0,2.46,1.0,1,2,0.0139,9106.06,9106.06,EXACT_MATCH,batch_stress
pay_432E4A72002646,order_2DF8880B779541,order_2DF8880B779541,exact,0,0.0,1.0,0,-8481.37,0.5,2.0,1.0,0,4,0.0007,8481.36,16962.73,AMOUNT_MISMATCH,batch_stress
pay_5D03839B70E246,order_A3BD9E4F9C4148,order_A3BD9E4F9C4148,exact,0,0.0,1.0,0,0.0,0.0,2.0,1.0,1,4,0.0073,953.88,953.88,EXACT_MATCH,batch_stress
pay_D363C9CF70344A,order_4ED40E01F4644D,order_4ED40E01F4644D,exact,0,0.0,1.0,0,0.0,0.0,2.0,1.0,1,8,0.0008,2496.16,2496.16,EXACT_MATCH,batch_stress
pay_F56CC952EFBD4F,order_20679C7D53344E,order_20679C7D53344E,exact,0,0.0,1.0,0,0.0,0.0,2.42,1.0,1,1,0.0141,770.25,770.25,EXACT_MATCH,batch_stress
pay_24C22B54CDB745,order_8CF5B17BB8234C,order_8CF5B17BB8234C,exact,0,0.0,1.0,0,-92243.5,0.7265,2.0,1.0,0,1,0.0197,34727.9,126971.4,AMOUNT_MISMATCH,batch_stress
pay_EDE81892395147,order_EB3D26CDAF4343,order_EB3D26CDAF4343,exact,0,0.0,1.0,0,0.0,0.0,2.33,1.0,1,1,0.0159,180058.47,180058.47,EXACT_MATCH,batch_stress
pay_348F566CB79945,order_E6DC18F582124E,order_E6DC18F582124E,exact,0,0.0,1.0,0,-6414.76,0.5,2.0,1.0,0,2,0.0008,6414.76,12829.52,AMOUNT_MISMATCH,batch_stress
pay_0631EA42359949,order_191F96BF3A1649,order_191F96BF3A1649,exact,0,0.0,1.0,0,0.0,0.0,7.0,1.0,1,4,0.0012,9730.92,9730.92,DATE_DRIFT,batch_stress
pay_5AF6E1CB849543,order_76BE8598829642,order_76BE8598829642,exact,0,0.0,1.0,0,0.0,0.0,2.38,1.0,1,8,0.0004,1863.45,1863.45,EXACT_MATCH,batch_stress
pay_854C7DEA108149,order_0FDEEB410E2449,order_0FDEEB410E2449,exact,0,0.0,1.0,0,0.0,0.0,2.04,1.0,1,3,0.0095,18927.94,18927.94,EXACT_MATCH,batch_stress
pay_A3C76B3CCE6C42,order_E6DE67BC8E2348,order_E6DE67BC8E2348,exact,0,0.0,1.0,0,-98.27,0.5,2.0,1.0,0,2,0.0172,98.27,196.54,AMOUNT_MISMATCH,batch_stress
pay_7EAD998047E54F,order_6AE6BA00F9F544,order_6AE6BA00F9F544,exact,0,0.0,1.0,0,0.0,0.0,2.38,1.0,1,6,0.0,18258.78,18258.78,EXACT_MATCH,batch_stress
pay_72EF31F5CA7343,order_8EA96A69810A49,order_8EA96A69810A49,exact,0,0.0,1.0,0,0.0,0.0,2.21,1.0,1,4,0.0062,584.73,584.73,EXACT_MATCH,batch_stress
pay_031EA1E909D048,order_84F3AA83FC8145,order_84F3AA83FC8145,exact,0,0.0,1.0,0,0.0,0.0,2.29,1.0,1,5,0.0014,19390.49,19390.49,EXACT_MATCH,batch_stress
pay_FA6C92E28D324F,order_DCFAF10DCE3D49,order_DCFAF10DCE3D49,exact,0,0.0,1.0,0,0.0,0.0,2.17,1.0,1,7,0.0001,1282.72,1282.72,EXACT_MATCH,batch_stress
pay_506F7037426442,order_FEE1F17B500C44,order_FEE1F17B500C44,exact,0,0.0,1.0,0,0.0,0.0,2.17,1.0,1,4,0.0086,14357.6,14357.6,EXACT_MATCH,batch_stress
pay_24CBE6C1648B4B,order_AA2970CED17844,order_AA2970CED17844,exact,0,0.0,1.0,0,-62.64,0.0237,2.04,1.0,1,13,0.0018,2585.22,2647.86,AMOUNT_MISMATCH,batch_stress
pay_5E4E020003F944,order_EFDB89EA7A4540,order_EFDB89EA7A4540,exact,0,0.0,1.0,0,0.0,0.0,2.46,1.0,1,1,0.0138,1038.2,1038.2,EXACT_MATCH,batch_stress
pay_A5A47334BA5141,order_855BE77209A847,order_855BE77209A847,exact,0,0.0,1.0,0,0.0,0.0,2.08,1.0,1,7,0.0024,844.71,844.71,EXACT_MATCH,batch_stress
pay_ED413CB0E93144,order_D41403CF591149,order_D41403CF591149,exact,0,0.0,1.0,0,0.0,0.0,11.0,1.0,1,1,0.0093,375.87,375.87,DATE_DRIFT,batch_stress
pay_DBE87F2F417C45,order_5B8D30A986894E,order_5B8D30A986894E,exact,0,0.0,1.0,0,0.0,0.0,2.0,1.0,1,9,0.0003,1968.53,1968.53,EXACT_MATCH,batch_stress
pay_B1A91347DB5D44,order_96CA61841D034F,order_96CA61841D034F,exact,0,0.0,1.0,0,-1322.17,0.5,3.0,1.0,0,3,0.0004,1322.16,2644.33,AMOUNT_MISMATCH,batch_stress
pay_12B97FFD47634E,order_779E336AD4CF49,order_779E336AD4CF49,exact,0,0.0,1.0,0,0.0,0.0,2.12,1.0,1,7,0.001,2498.54,2498.54,EXACT_MATCH,batch_stress
pay_7BC6C9B74FDE45,order_91F56C99E7EF40,order_91F56C99E7EF40,exact,1,0.0,1.0,0,0.0,0.0,2.33,1.0,1,10,0.0006,2575.32,2575.32,DUPLICATE,batch_stress
pay_C5EE53A0DC1A4E,order_9BEE153D5E224D,order_9BEE153D5E224D,exact,0,0.0,1.0,0,-12354.27,0.5,3.0,1.0,0,2,0.0158,12354.27,24708.54,AMOUNT_MISMATCH,batch_stress
pay_C69A512BE5B14C,order_12E9C425B5E341,order_12E9C425B5E341,exact,0,0.0,1.0,0,0.0,0.0,2.5,1.0,1,7,0.0015,1701.03,1701.03,EXACT_MATCH,batch_stress
pay_4EFB974D9A7E47,order_C3958346483447,order_C3958346483447,exact,1,0.0,1.0,0,0.0,0.0,2.21,1.0,1,11,0.0017,2977.74,2977.74,DUPLICATE,batch_stress
pay_92405F673C814E,order_67AD8C8983F049,order_67AD8C8983F049,exact,1,0.0,1.0,0,0.0,0.0,2.0,1.0,1,2,0.0012,6574.18,6574.18,DUPLICATE,batch_stress
pay_E00BC018F2D640,order_D81AAF31ACF144,order_D81AAF31ACF144,exact,0,0.0,1.0,0,0.0,0.0,2.0,1.0,1,6,0.0009,22628.13,22628.13,EXACT_MATCH,batch_stress
pay_2CE19484FA2A44,order_A68B2B4712F14E,order_A68B2B4712F14E,exact,0,0.0,1.0,0,0.0,0.0,2.0,1.0,1,2,0.0056,199.75,199.75,EXACT_MATCH,batch_stress
pay_723202408F2148,order_1F01731A232040,order_1F01731A232040,exact,0,0.0,1.0,0,0.0,0.0,2.46,1.0,1,12,0.0014,2239.33,2239.33,EXACT_MATCH,batch_stress
pay_31B9CB40918442,order_4C3E5B6E00644F,order_4C3E5B6E00644F,exact,0,0.0,1.0,0,0.0,0.0,2.0,1.0,1,7,0.0032,2020.64,2020.64,EXACT_MATCH,batch_stress
pay_F740F2C47E8346,order_888159C9A8C042,order_888159C9A8C042,exact,0,0.0,1.0,0,0.0,0.0,2.5,1.0,1,8,0.0011,1908.73,1908.73,EXACT_MATCH,batch_stress
pay_A6F206CCE3ED4C,order_97D0BF87579248,order_97D0BF87579248,exact,0,0.0,1.0,0,0.0,0.0,2.08,1.0,1,5,0.0077,571.87,571.87,EXACT_MATCH,batch_stress
pay_04983861838747,order_5CC399A3793347,order_5CC399A3793347,exact,0,0.0,1.0,0,0.0,0.0,2.5,1.0,1,6,0.0012,12005.46,12005.46,EXACT_MATCH,batch_stress
pay_F490107A41A146,order_4C8A6A98079B41,order_4C8A6A98079B41,exact,0,0.0,1.0,0,0.0,0.0,2.17,1.0,1,1,0.0071,488.64,488.64,EXACT_MATCH,batch_stress
pay_A7CD40A87FF443,order_3FB09460AE2A46,order_3FB09460AE2A46,exact,0,0.0,1.0,0,0.0,0.0,2.21,1.0,1,10,0.0003,1526.97,1526.97,EXACT_MATCH,batch_stress
pay_0080FD54012445,order_7E6C341236374A,order_7E6C341236374A,exact,0,0.0,1.0,0,0.0,0.0,8.0,1.0,1,7,0.0033,1273.64,1273.64,DATE_DRIFT,batch_stress
pay_F8DCFE2A9AE94E,order_7C6835F4EE1249,order_7C6835F4EE1249,exact,0,0.0,1.0,0,0.0,0.0,7.0,1.0,1,2,0.0067,21935.66,21935.66,DATE_DRIFT,batch_stress
pay_D84921CD97E14E,order_5B759F5A0A6B4A,order_5B759F5A0A6B4A,exact,1,0.0,1.0,0,0.0,0.0,2.04,1.0,1,3,0.0031,20719.2,20719.2,DUPLICATE,batch_stress
pay_E374A73A6A5B44,order_82E24F9C148647,order_82E24F9C148647,exact,0,0.0,1.0,0,0.0,0.0,2.08,1.0,1,0,0.0649,130.58,130.58,EXACT_MATCH,batch_stress
pay_78EABCD69F0F41,order_CCBD7661790144,order_CCBD7661790144,exact,1,0.0,1.0,0,0.0,0.0,2.33,1.0,1,6,0.0001,1726.89,1726.89,DUPLICATE,batch_stress
pay_74B14D2E622643,order_B199314CA3AC4E,order_B199314CA3AC4E,exact,0,0.0,1.0,0,0.0,0.0,11.0,1.0,1,7,0.0032,2027.19,2027.19,DATE_DRIFT,batch_stress
pay_2D17DE119FFD4A,order_F2D34ACE402840,order_F2D34ACE402840,exact,0,0.0,1.0,0,0.0,0.0,2.42,1.0,1,11,0.001,1792.21,1792.21,EXACT_MATCH,batch_stress
pay_787DF8163CAB4C,order_AD76D79B6AA747,order_AD76D79B6AA747,exact,0,0.0,1.0,0,26.47,0.002,2.29,1.0,1,6,0.0029,13109.54,13083.07,AMOUNT_MISMATCH,batch_stress
pay_08266F50304643,order_44223BD07A9549,order_44223BD07A9549,exact,0,0.0,1.0,0,0.0,0.0,6.0,1.0,1,2,0.0057,735.49,735.49,DATE_DRIFT,batch_stress
pay_40EDFE6C8CD34D,order_4F2EA1C9386643,order_4F2EA1C9386643,exact,0,0.0,1.0,0,97.71,0.0422,2.0,1.0,1,18,0.0012,2413.11,2315.4,AMOUNT_MISMATCH,batch_stress
pay_E43B62C7B0C54D,order_B6E2564719D445,order_B6E2564719D445,exact,0,0.0,1.0,0,0.0,0.0,2.42,1.0,1,3,0.0066,17682.71,17682.71,EXACT_MATCH,batch_stress
pay_CAB703F3154A45,order_332F020D09C14C,order_332F020D09C14C,exact,0,0.0,1.0,0,0.0,0.0,2.29,1.0,1,0,0.0224,163.42,163.42,EXACT_MATCH,batch_stress
pay_E4BA004571FF40,order_223DC4E0C1AA4F,order_223DC4E0C1AA4F,exact,0,0.0,1.0,0,0.0,0.0,2.0,1.0,1,5,0.0119,677.97,677.97,EXACT_MATCH,batch_stress
pay_C2D51DD585D645,order_8ED6F6176C924B,order_8ED6F6176C924B,exact,0,0.0,1.0,0,0.0,0.0,2.5,1.0,1,12,0.0012,2459.65,2459.65,EXACT_MATCH,batch_stress
pay_261AB1C3384242,order_9A4053BE663D44,order_9A4053BE663D44,exact,0,0.0,1.0,0,0.0,0.0,6.0,1.0,1,1,0.0034,602.84,602.84,DATE_DRIFT,batch_stress
pay_EF8093A5B98B40,order_A82EF1D5B89548,order_A82EF1D5B89548,exact,0,0.0,1.0,0,0.0,0.0,2.21,1.0,1,3,0.0064,798.08,798.08,EXACT_MATCH,batch_stress
pay_472893CFD61646,order_7FBC9A743EFD4D,order_7FBC9A743EFD4D,exact,0,0.0,1.0,0,0.0,0.0,2.0,1.0,1,6,0.0002,12749.3,12749.3,EXACT_MATCH,batch_stress
pay_30A976D632C14D,order_6C73114454DB48,order_6C73114454DB48,exact,0,0.0,1.0,0,0.0,0.0,2.29,1.0,1,15,0.0003,2641.32,2641.32,EXACT_MATCH,batch_stress
pay_30BEF461C5434B,order_F1096019659E42,order_F1096019659E42,exact,0,0.0,1.0,0,0.0,0.0,2.08,1.0,1,3,0.0078,1338.32,1338.32,EXACT_MATCH,batch_stress
pay_4E40620A659D46,order_6B84D83A46344E,order_6B84D83A46344E,exact,0,0.0,1.0,0,0.0,0.0,2.21,1.0,1,1,0.0037,273.08,273.08,EXACT_MATCH,batch_stress
pay_FBA697089C4B4C,order_3A3FE4742BDC44,order_3A3FE4742BDC44,exact,0,0.0,1.0,0,0.0,0.0,2.29,1.0,1,0,0.0524,3544.89,3544.89,EXACT_MATCH,batch_stress
pay_94B3424212AE4A,order_D2BD3A327BA245,order_D2BD3A327BA245,exact,0,0.0,1.0,0,-2902.06,0.5,2.0,1.0,0,19,0.0005,2902.07,5804.13,AMOUNT_MISMATCH,batch_stress
pay_A923DF6CCE2340,order_28BFBE0AF5AA4B,order_28BFBE0AF5AA4B,exact,0,0.0,1.0,0,-334.43,0.5,2.0,1.0,0,3,0.0012,334.44,668.87,AMOUNT_MISMATCH,batch_stress
pay_5FACE7A3C6ED41,order_DF2F9EE158F242,order_DF2F9EE158F242,exact,0,0.0,1.0,0,0.0,0.0,2.38,1.0,1,13,0.0003,2390.89,2390.89,EXACT_MATCH,batch_stress
pay_1033E2DF4ED342,order_A31C52A41FFE47,order_A31C52A41FFE47,exact,0,0.0,1.0,0,0.0,0.0,14.0,1.0,1,8,0.002,1124.33,1124.33,DATE_DRIFT,batch_stress
pay_30F49115E45744,order_A0301AE7855348,order_A0301AE7855348,exact,0,0.0,1.0,0,0.0,0.0,2.5,1.0,1,0,0.0214,7070.41,7070.41,EXACT_MATCH,batch_stress
pay_7B3898C1F66E44,order_D56BAC0128AD48,order_D56BAC0128AD48,exact,0,0.0,1.0,0,0.0,0.0,2.04,1.0,1,4,0.0105,17274.95,17274.95,EXACT_MATCH,batch_stress
pay_DED8FA76B71B48,order_FB2D81FED3EE4A,order_FB2D81FED3EE4A,exact,0,0.0,1.0,0,-1473.37,0.5058,2.0,1.0,0,2,0.0123,1439.53,2912.9,AMOUNT_MISMATCH,batch_stress
pay_2F5046940D334E,order_702EA989DD0347,order_702EA989DD0347,exact,0,0.0,1.0,0,0.0,0.0,2.21,1.0,1,2,0.0111,1247.3,1247.3,EXACT_MATCH,batch_stress
pay_0E2301CD780A46,order_262828F4E62348,order_262828F4E62348,exact,0,0.0,1.0,0,0.0,0.0,2.0,1.0,1,7,0.002,1122.03,1122.03,EXACT_MATCH,batch_stress
pay_A44A3A9BBFE44F,order_F853E037F78A42,order_F853E037F78A42,exact,0,0.0,1.0,0,-61.33,0.0371,2.38,1.0,1,6,0.0006,1590.2,1651.53,AMOUNT_MISMATCH,batch_stress
pay_7705C6D772A446,order_D5D2B079753B40,order_D5D2B079753B40,exact,0,0.0,1.0,0,0.0,0.0,2.0,1.0,1,1,0.0024,210.71,210.71,ID_AMBIGUOUS,batch_stress
pay_30D11F365B8C41,order_9AC7CB26A6D84A,order_9AC7CB26A6D84A,exact,0,0.0,1.0,0,0.0,0.0,2.42,1.0,1,4,0.0021,16271.54,16271.54,EXACT_MATCH,batch_stress
pay_1F3176E760F947,order_E3971F585B284E,order_E3971F585B284E,exact,1,0.0,1.0,0,0.0,0.0,2.46,1.0,1,0,0.0224,4825.11,4825.11,DUPLICATE,batch_stress
pay_2F646B2895A743,order_4BF9651A74D14A,order_4BF9651A74D14A,exact,0,0.0,1.0,0,0.0,0.0,2.04,1.0,1,1,0.0152,150385.14,150385.14,EXACT_MATCH,batch_stress
pay_7D5D7181224C41,order_297256A9684841,order_297256A9684841,exact,0,0.0,1.0,0,0.0,0.0,2.25,1.0,1,8,0.0036,2013.27,2013.27,EXACT_MATCH,batch_stress
pay_EF32871BD03D48,order_311D79E6154D4A,order_311D79E6154D4A,exact,0,0.0,1.0,0,-415.53,0.5,3.0,1.0,0,4,0.0061,415.54,831.07,AMOUNT_MISMATCH,batch_stress
pay_DC83EC47646549,order_073EC069A20243,order_073EC069A20243,exact,0,0.0,1.0,0,-206.53,0.5,3.0,1.0,0,1,0.0199,206.51,413.04,AMOUNT_MISMATCH,batch_stress
pay_EB6D762BE3FC4E,order_63743E3F9F574C,order_63743E3F9F574C,exact,0,0.0,1.0,0,0.0,0.0,2.25,1.0,1,4,0.0038,806.28,806.28,EXACT_MATCH,batch_stress
pay_E638B256BB564E,order_4B07EAD467EF47,order_4B07EAD467EF47,exact,0,0.0,1.0,0,0.0,0.0,2.21,1.0,1,2,0.0155,21040.89,21040.89,EXACT_MATCH,batch_stress
pay_F1EF360B075C42,order_0223495B13E346,order_0223495B13E346,exact,0,0.0,1.0,0,0.0,0.0,2.25,1.0,1,2,0.0012,6566.04,6566.04,EXACT_MATCH,batch_stress
pay_59ECC36A5B8545,order_D2E8C1531EC647,order_D2E8C1531EC647,exact,1,0.0,1.0,0,0.0,0.0,2.08,1.0,1,5,0.0033,2074.29,2074.29,DUPLICATE,batch_stress
pay_A97CEE9BC0C545,order_28DEFAB40E9A40,order_28DEFAB40E9A40,exact,0,0.0,1.0,0,0.0,0.0,2.0,1.0,1,14,0.0002,2379.96,2379.96,ID_AMBIGUOUS,batch_stress
pay_5DC7F0944BDA40,order_B0C91834D4EC44,order_B0C91834D4EC44,exact,0,0.0,1.0,0,0.0,0.0,2.38,1.0,1,14,0.0017,2617.21,2617.21,EXACT_MATCH,batch_stress
pay_374FE17A209742,order_4D2DDBEBA86447,order_4D2DDBEBA86447,exact,0,0.0,1.0,0,0.0,0.0,2.46,1.0,1,5,0.0004,1687.11,1687.11,EXACT_MATCH,batch_stress
pay_A660EF184C4649,order_7BA21C02398D4B,order_7BA21C02398D4B,exact,0,0.0,1.0,0,0.0,0.0,2.17,1.0,1,7,0.0001,1077.72,1077.72,EXACT_MATCH,batch_stress
pay_7EDED819C2224C,order_98BD7928C45D48,order_98BD7928C45D48,exact,0,0.0,1.0,0,0.0,0.0,14.0,1.0,1,7,0.002,2549.58,2549.58,DATE_DRIFT,batch_stress
pay_79B0A331D6F24E,order_8581AABE1DA14E,order_8581AABE1DA14E,exact,0,0.0,1.0,0,0.0,0.0,2.0,1.0,1,1,0.0032,155.19,155.19,ID_AMBIGUOUS,batch_stress
pay_0DE8F9CE9C0947,order_20EE2BED1BD144,order_20EE2BED1BD144,exact,0,0.0,1.0,0,-1329.79,0.5436,2.0,1.0,0,8,0.0011,1116.55,2446.34,AMOUNT_MISMATCH,batch_stress
pay_E81BFFCF067747,order_48DE2004A8EE4B,order_48DE2004A8EE4B,exact,0,0.0,1.0,0,-921.21,0.5,2.0,1.0,0,3,0.0123,921.21,1842.42,AMOUNT_MISMATCH,batch_stress
pay_A3F6260FB81744,order_9248EB226E2344,order_9248EB226E2344,exact,0,0.0,1.0,0,0.0,0.0,2.25,1.0,1,1,0.0089,189.19,189.19,EXACT_MATCH,batch_stress
pay_503F43FC8B6B40,order_F25205E2F4F548,order_F25205E2F4F548,exact,0,0.0,1.0,0,-558.22,0.7831,2.0,1.0,0,2,0.0035,154.64,712.86,AMOUNT_MISMATCH,batch_stress
pay_C0525E0B28EB46,order_749B4BD1D6EB4F,order_749B4BD1D6EB4F,exact,0,0.0,1.0,0,0.0,0.0,2.46,1.0,1,6,0.0004,11925.89,11925.89,EXACT_MATCH,batch_stress
pay_5BB3F29489AF48,order_D09843F729C44F,order_D09843F729C44F,exact,0,0.0,1.0,0,-31.1,0.0014,2.21,1.0,1,6,0.0005,22617.45,22648.55,AMOUNT_MISMATCH,batch_stress
pay_02A9BB7B447C42,order_B3542E36C2A54C,order_B3542E36C2A54C,exact,0,0.0,1.0,0,0.0,0.0,2.46,1.0,1,4,0.0025,9389.13,9389.13,EXACT_MATCH,batch_stress
pay_41874458B19F49,order_CC2ECC38022542,order_CC2ECC38022542,exact,0,0.0,1.0,0,0.0,0.0,2.0,1.0,1,1,0.0034,604.91,604.91,EXACT_MATCH,batch_stress
pay_B1668B683FDE47,order_4ED87CE2D20E48,order_4ED87CE2D20E48,exact,0,0.0,1.0,0,0.0,0.0,2.12,1.0,1,20,0.0005,2836.64,2836.64,EXACT_MATCH,batch_stress
pay_1A59A498324B4E,order_4F3CA6972CA548,order_4F3CA6972CA548,exact,0,0.0,1.0,0,0.0,0.0,2.0,1.0,1,3,0.0003,412.93,412.93,EXACT_MATCH,batch_stress
pay_921394776A0346,order_4FDFF0E5572B41,order_4FDFF0E5572B41,exact,0,0.0,1.0,0,0.0,0.0,2.42,1.0,1,3,0.006,23434.16,23434.16,EXACT_MATCH,batch_stress
pay_364658FF9E6A4D,order_4DC8B9B03A824F,order_4DC8B9B03A824F,exact,0,0.0,1.0,0,0.0,0.0,2.0,1.0,1,6,0.0,13048.48,13048.48,ID_AMBIGUOUS,batch_stress
pay_ED944AD2ED8747,order_BB82C405765F43,order_BB82C405765F43,exact,0,0.0,1.0,0,-343.05,0.5,3.0,1.0,0,3,0.0015,343.06,686.11,AMOUNT_MISMATCH,batch_stress
pay_D8BD75834CAE46,order_77BD950C745C4D,order_77BD950C745C4D,exact,0,0.0,1.0,0,0.0,0.0,2.08,1.0,1,3,0.0117,935.8,935.8,EXACT_MATCH,batch_stress
pay_3F65BF54B0BA46,order_4A6A1D191C2B42,order_4A6A1D191C2B42,exact,0,0.0,1.0,0,0.0,0.0,2.46,1.0,1,15,0.0012,2947.58,2947.58,EXACT_MATCH,batch_stress
pay_5AF8B34A87AA49,order_BE31E4255C4C4C,order_BE31E4255C4C4C,exact,0,0.0,1.0,0,0.0,0.0,2.0,1.0,1,3,0.0006,13828.85,13828.85,EXACT_MATCH,batch_stress
pay_03815232C82A48,order_64D9C5DE2ACD4A,order_64D9C5DE2ACD4A,exact,0,0.0,1.0,0,0.0,0.0,2.25,1.0,1,7,0.0006,1283.48,1283.48,EXACT_MATCH,batch_stress
pay_0D572A4E53E447,order_3D09BEB7127443,order_3D09BEB7127443,exact,0,0.0,1.0,0,0.0,0.0,2.12,1.0,1,3,0.0065,461.77,461.77,EXACT_MATCH,batch_stress
pay_0D836EC876A341,order_1324C02AAD6744,order_1324C02AAD6744,exact,0,0.0,1.0,0,0.0,0.0,2.12,1.0,1,3,0.0025,1233.65,1233.65,EXACT_MATCH,batch_stress
pay_B8A1C4DDC36D40,order_D8A1641F3C0F41,order_D8A1641F3C0F41,exact,0,0.0,1.0,0,0.0,0.0,2.5,1.0,1,9,0.0007,2986.18,2986.18,EXACT_MATCH,batch_stress
pay_2258739E704B48,order_D58A409985774A,order_D58A409985774A,exact,0,0.0,1.0,0,0.0,0.0,2.0,1.0,1,8,0.0003,1862.25,1862.25,ID_AMBIGUOUS,batch_stress
pay_26B2AD2ACE2A4D,order_608B489DF3A942,order_608B489DF3A942,exact,0,0.0,1.0,0,0.0,0.0,2.25,1.0,1,0,0.0242,28539.79,28539.79,EXACT_MATCH,batch_stress
pay_DABFCAC0ADDD4B,order_048DA29EBE694D,order_048DA29EBE694D,exact,0,0.0,1.0,0,0.0,0.0,2.38,1.0,1,8,0.0011,1742.53,1742.53,EXACT_MATCH,batch_stress
pay_8571E02B215C4C,order_6D9F54EBB0B345,order_6D9F54EBB0B345,exact,1,0.0,1.0,0,0.0,0.0,2.12,1.0,1,3,0.0012,1169.81,1169.81,DUPLICATE,batch_stress
pay_1B277FC2925845,order_4F1A64D710BF4C,order_4F1A64D710BF4C,exact,0,0.0,1.0,0,0.0,0.0,2.12,1.0,1,3,0.0132,24011.47,24011.47,EXACT_MATCH,batch_stress
pay_D73E7B9F515846,order_073EC069A20243,order_073EC069A20243,exact,0,0.0,1.0,0,-206.51,0.5,2.0,1.0,0,1,0.0198,206.53,413.04,AMOUNT_MISMATCH,batch_stress
pay_1E39E4F5CF5E4F,order_6123D84D38B749,order_6123D84D38B749,exact,0,0.0,1.0,0,0.0,0.0,2.17,1.0,1,7,0.0001,1077.8,1077.8,EXACT_MATCH,batch_stress
pay_3345263A6BA045,order_821F40B4C8C84B,order_821F40B4C8C84B,exact,0,0.0,1.0,0,0.0,0.0,2.04,1.0,1,11,0.0017,2972.79,2972.79,EXACT_MATCH,batch_stress
pay_7B62D2CB26524D,order_2801E6AA40B641,order_2801E6AA40B641,exact,0,0.0,1.0,0,0.0,0.0,2.46,1.0,1,1,0.0068,10551.14,10551.14,EXACT_MATCH,batch_stress
pay_DDC0CC94358D4D,order_58C05E48B9794F,order_58C05E48B9794F,exact,0,0.0,1.0,0,-583.27,0.7262,2.0,1.0,0,1,0.0138,219.93,803.2,AMOUNT_MISMATCH,batch_stress
pay_C787C0EDA48849,order_21324454AD764E,order_21324454AD764E,exact,0,0.0,1.0,0,0.0,0.0,2.25,1.0,1,11,0.0001,1774.38,1774.38,EXACT_MATCH,batch_stress
pay_0ED2D5B7729D46,order_E0A2182E982845,order_E0A2182E982845,exact,0,0.0,1.0,0,0.0,0.0,2.21,1.0,1,9,0.002,1510.23,1510.23,EXACT_MATCH,batch_stress
pay_6F36122576864F,order_E326827B243946,order_E326827B243946,exact,0,0.0,1.0,0,0.0,0.0,2.21,1.0,1,7,0.0052,1139.63,1139.63,EXACT_MATCH,batch_stress
pay_81A428FF478D45,order_D2BD3A327BA245,order_D2BD3A327BA245,exact,0,0.0,1.0,0,-2902.06,0.5,3.0,1.0,0,19,0.0005,2902.07,5804.13,AMOUNT_MISMATCH,batch_stress
pay_5B80B30B1F2A4B,order_883B4333F06A4C,order_883B4333F06A4C,exact,0,0.0,1.0,0,0.0,0.0,2.08,1.0,1,10,0.0025,2337.35,2337.35,EXACT_MATCH,batch_stress
pay_718F6010ED2343,order_304E93F75D5F4E,order_304E93F75D5F4E,exact,0,0.0,1.0,0,0.0,0.0,2.21,1.0,1,3,0.0006,13837.27,13837.27,EXACT_MATCH,batch_stress
pay_296761F3EF3846,order_26A8F3B5779244,order_26A8F3B5779244,exact,1,0.0,1.0,0,0.0,0.0,2.12,1.0,1,11,0.0015,2580.65,2580.65,DUPLICATE,batch_stress
pay_916C6F173E1F47,order_8C598994988646,order_8C598994988646,exact,0,0.0,1.0,0,-90.27,0.0342,2.38,1.0,1,9,0.0007,2547.75,2638.02,AMOUNT_MISMATCH,batch_stress
pay_0167DD37166F45,order_D556C13CF14B42,order_D556C13CF14B42,exact,0,0.0,1.0,0,0.0,0.0,2.29,1.0,1,5,0.0004,13311.34,13311.34,EXACT_MATCH,batch_stress
pay_8E1554FE95BE4C,order_AD6DEFA8422F4A,order_AD6DEFA8422F4A,exact,0,0.0,1.0,0,0.0,0.0,2.42,1.0,1,15,0.0017,2621.72,2621.72,EXACT_MATCH,batch_stress
pay_087A8653D43E49,order_9E15C90BD5A44A,order_9E15C90BD5A44A,exact,0,0.0,1.0,0,0.0,0.0,2.08,1.0,1,1,0.0026,231203.29,231203.29,EXACT_MATCH,batch_stress
pay_5D7D965824544D,order_B4A0CCB2C10743,order_B4A0CCB2C10743,exact,0,0.0,1.0,0,-1337.16,0.5,2.0,1.0,0,4,0.0009,1337.17,2674.33,AMOUNT_MISMATCH,batch_stress
pay_972EFA23BE2546,order_167E837BEF8847,order_167E837BEF8847,exact,0,0.0,1.0,0,0.0,0.0,2.04,1.0,1,2,0.0025,996.51,996.51,EXACT_MATCH,batch_stress
pay_75BFA84F943044,order_5E28C91F46FD4F,order_5E28C91F46FD4F,exact,0,0.0,1.0,0,0.0,0.0,2.46,1.0,1,9,0.0001,1476.81,1476.81,EXACT_MATCH,batch_stress
pay_D68E1A823C184C,order_C5F45ABF401B4F,order_C5F45ABF401B4F,exact,0,0.0,1.0,0,0.0,0.0,2.04,1.0,1,4,0.0089,14910.77,14910.77,EXACT_MATCH,batch_stress
pay_D0115FBC32024C,order_EC13BA4B58404A,order_EC13BA4B58404A,exact,0,0.0,1.0,0,0.0,0.0,2.42,1.0,1,14,0.0009,2635.68,2635.68,EXACT_MATCH,batch_stress
pay_AB745D80ABF04E,order_9C24F9A10D1B48,order_9C24F9A10D1B48,exact,0,0.0,1.0,0,0.0,0.0,2.5,1.0,1,10,0.0002,1816.83,1816.83,EXACT_MATCH,batch_stress
pay_F007C496DC124E,order_5453CC13C92341,order_5453CC13C92341,exact,0,0.0,1.0,0,0.0,0.0,2.38,1.0,1,21,0.0018,2869.19,2869.19,EXACT_MATCH,batch_stress
pay_9CCD005DAC924B,order_898C430125914E,order_898C430125914E,exact,0,0.0,1.0,0,13.95,0.0261,2.12,1.0,1,2,0.009,548.87,534.92,AMOUNT_MISMATCH,batch_stress
pay_001342CDAFB744,order_571FC1AC0B3F48,order_571FC1AC0B3F48,exact,0,0.0,1.0,0,149.25,0.0009,2.08,1.0,1,2,0.0022,163806.02,163656.77,AMOUNT_MISMATCH,batch_stress
pay_03AC1DC4407F44,order_4F1A66D46A5440,order_4F1A66D46A5440,exact,0,0.0,1.0,0,-38.65,0.0029,2.5,1.0,1,7,0.0025,13277.6,13316.25,AMOUNT_MISMATCH,batch_stress
pay_6E3A1B54F6D74D,order_E1E9420CEA1B49,order_E1E9420CEA1B49,exact,0,0.0,1.0,0,0.0,0.0,2.12,1.0,1,14,0.0026,2628.8,2628.8,EXACT_MATCH,batch_stress
pay_E396B407D2B941,order_394367F9255B49,order_394367F9255B49,exact,0,0.0,1.0,0,0.0,0.0,2.33,1.0,1,4,0.0018,2085.02,2085.02,EXACT_MATCH,batch_stress
pay_04F5C7E8A3BD48,order_EDE5F6CF7A014B,order_EDE5F6CF7A014B,exact,0,0.0,1.0,0,0.0,0.0,2.17,1.0,1,0,0.061,122.62,122.62,EXACT_MATCH,batch_stress
pay_02E157F9C0B849,order_641D4AC70EAC46,order_641D4AC70EAC46,exact,0,0.0,1.0,0,0.0,0.0,2.38,1.0,1,1,0.015,148130.15,148130.15,EXACT_MATCH,batch_stress
pay_7C6A7D3DC51145,order_FB079918C1064D,order_FB079918C1064D,exact,0,0.0,1.0,0,0.0,0.0,2.38,1.0,1,2,0.0056,198.63,198.63,EXACT_MATCH,batch_stress
pay_462AE01E33844B,order_943BFA5BA10C49,order_943BFA5BA10C49,exact,0,0.0,1.0,0,0.0,0.0,2.5,1.0,1,1,0.0089,190.88,190.88,EXACT_MATCH,batch_stress
pay_CBCA2FF73D6741,order_EE1F5C5E9DAA42,order_EE1F5C5E9DAA42,exact,0,0.0,1.0,0,0.0,0.0,2.0,1.0,1,2,0.0001,4406.04,4406.04,ID_AMBIGUOUS,batch_stress
pay_B2E8CA7DCB2046,order_E9F0E629DAAD45,order_E9F0E629DAAD45,exact,0,0.0,1.0,0,0.0,0.0,2.33,1.0,1,1,0.0006,99.99,99.99,EXACT_MATCH,batch_stress
pay_75348466CD4644,order_4947AA838F8F49,order_4947AA838F8F49,exact,0,0.0,1.0,0,0.0,0.0,2.17,1.0,1,1,0.0105,5864.96,5864.96,EXACT_MATCH,batch_stress
pay_2779DC3F003049,order_36EF2BB9D3A34D,order_36EF2BB9D3A34D,exact,0,0.0,1.0,0,-4736.88,0.5,2.0,1.0,0,2,0.0038,4736.9,9473.78,AMOUNT_MISMATCH,batch_stress
pay_C734DF5EB0D442,order_E70921EDF53C4B,order_E70921EDF53C4B,exact,0,0.0,1.0,0,0.0,0.0,2.21,1.0,1,2,0.0054,346.22,346.22,EXACT_MATCH,batch_stress
pay_1B6A4D91CF0443,order_AEE4CD19271741,order_AEE4CD19271741,exact,0,0.0,1.0,0,0.0,0.0,2.5,1.0,1,5,0.0014,2158.21,2158.21,EXACT_MATCH,batch_stress
pay_5404D74CDF264E,order_8D93C98BD9B54D,order_8D93C98BD9B54D,exact,0,0.0,1.0,0,0.0,0.0,2.04,1.0,1,3,0.0066,8542.92,8542.92,EXACT_MATCH,batch_stress
pay_55A8D320282C45,order_B19FEF2600E94A,order_B19FEF2600E94A,exact,0,0.0,1.0,0,0.0,0.0,14.0,1.0,1,1,0.0187,325.17,325.17,DATE_DRIFT,batch_stress
pay_B052A1843A5441,order_506E20AADAD541,order_506E20AADAD541,exact,0,0.0,1.0,0,0.0,0.0,2.12,1.0,1,5,0.0006,18684.57,18684.57,EXACT_MATCH,batch_stress
pay_8867F70EE76243,order_30DE646805CA4B,order_30DE646805CA4B,exact,0,0.0,1.0,0,0.0,0.0,2.0,1.0,1,7,0.0034,1594.69,1594.69,EXACT_MATCH,batch_stress
pay_2E7D9E92912145,order_A6A2781EE1404C,order_A6A2781EE1404C,exact,0,0.0,1.0,0,0.0,0.0,2.0,1.0,1,8,0.0018,1092.41,1092.41,EXACT_MATCH,batch_stress
pay_175CB33A4DE44E,order_DB2F940DFB5243,order_DB2F940DFB5243,exact,0,0.0,1.0,0,0.0,0.0,2.21,1.0,1,13,0.0012,2456.66,2456.66,EXACT_MATCH,batch_stress
pay_0FC8BE9EB24344,order_11EBF81854D143,order_11EBF81854D143,exact,0,0.0,1.0,0,55.86,0.0203,2.08,1.0,1,20,0.0004,2801.82,2745.96,AMOUNT_MISMATCH,batch_stress
pay_B3AB3AA960ED4B,order_E32F3A1F25DC41,order_E32F3A1F25DC41,exact,0,0.0,1.0,0,0.0,0.0,2.08,1.0,1,2,0.0137,1369.87,1369.87,EXACT_MATCH,batch_stress
pay_652B9934102045,order_FA64400534F046,order_FA64400534F046,exact,0,0.0,1.0,0,0.0,0.0,2.33,1.0,1,16,0.0011,2400.21,2400.21,EXACT_MATCH,batch_stress
pay_677740F3C00043,order_8E298868773349,order_8E298868773349,exact,0,0.0,1.0,0,-455.01,0.5,2.0,1.0,0,2,0.0005,455.0,910.01,AMOUNT_MISMATCH,batch_stress
pay_91F3A0095B9546,order_9D06EABD4C6845,order_9D06EABD4C6845,exact,0,0.0,1.0,0,0.0,0.0,14.0,1.0,1,4,0.0028,9758.09,9758.09,DATE_DRIFT,batch_stress
pay_37A67A8C6CFF41,order_174F3F56B7C243,order_174F3F56B7C243,exact,0,0.0,1.0,0,0.0,0.0,8.0,1.0,1,6,0.0002,18262.34,18262.34,DATE_DRIFT,batch_stress
pay_500A9E83635346,order_C5A9F1FC7FFF4A,order_C5A9F1FC7FFF4A,exact,0,0.0,1.0,0,-555.88,0.5,2.0,1.0,0,3,0.0036,555.88,1111.76,AMOUNT_MISMATCH,batch_stress
pay_F4DA612CCF7347,order_B9FC9F9799BE46,order_B9FC9F9799BE46,exact,0,0.0,1.0,0,0.0,0.0,2.17,1.0,1,12,0.0003,2242.4,2242.4,EXACT_MATCH,batch_stress
pay_547229CA350E44,order_CDEF88D9C2F84D,order_CDEF88D9C2F84D,exact,1,0.0,1.0,0,0.0,0.0,2.21,1.0,1,1,0.002,285.67,285.67,DUPLICATE,batch_stress
pay_70964926671341,order_35FD1373E41D4D,order_35FD1373E41D4D,exact,0,0.0,1.0,0,0.0,0.0,2.25,1.0,1,6,0.0006,2185.87,2185.87,EXACT_MATCH,batch_stress
pay_571C3D223B4849,order_96050B16E0E54A,order_96050B16E0E54A,exact,0,0.0,1.0,0,0.0,0.0,2.08,1.0,1,0,0.0304,108.79,108.79,EXACT_MATCH,batch_stress
pay_C5B0A3C87E3143,order_1D13C7C2D2F549,order_1D13C7C2D2F549,exact,0,0.0,1.0,0,0.0,0.0,2.21,1.0,1,1,0.0025,998.98,998.98,EXACT_MATCH,batch_stress
pay_5695296C340F49,order_4A3888FC0EE942,order_4A3888FC0EE942,exact,0,0.0,1.0,0,0.0,0.0,2.12,1.0,1,8,0.0034,2558.3,2558.3,EXACT_MATCH,batch_stress
pay_EB8CF054F8784C,order_0F720A6FE93C4D,order_0F720A6FE93C4D,exact,0,0.0,1.0,0,0.0,0.0,2.5,1.0,1,8,0.0011,1744.45,1744.45,EXACT_MATCH,batch_stress
pay_DD52E3336D7B41,order_19B4021CC67242,order_19B4021CC67242,exact,0,0.0,1.0,0,0.0,0.0,2.0,1.0,1,5,0.003,578.46,578.46,EXACT_MATCH,batch_stress
pay_AEE2CD1C88984B,order_3F9395005E9D42,order_3F9395005E9D42,exact,0,0.0,1.0,0,0.0,0.0,2.17,1.0,1,5,0.0115,2109.03,2109.03,EXACT_MATCH,batch_stress
pay_8328C05E5F264B,order_B156EFCBE3AC49,order_B156EFCBE3AC49,exact,0,0.0,1.0,0,0.0,0.0,12.0,1.0,1,3,0.0017,885.84,885.84,DATE_DRIFT,batch_stress
pay_F21AD60E961E4B,order_D7C5C46B22EC4C,order_D7C5C46B22EC4C,exact,0,0.0,1.0,0,0.0,0.0,6.0,1.0,1,8,0.0014,2544.58,2544.58,DATE_DRIFT,batch_stress
pay_76DF469ABF9242,order_14F1668ECA404C,order_14F1668ECA404C,exact,0,0.0,1.0,0,0.0,0.0,2.08,1.0,1,2,0.0013,10282.24,10282.24,EXACT_MATCH,batch_stress
pay_7D22E928900F47,order_55D156C33ACA4F,order_55D156C33ACA4F,exact,0,0.0,1.0,0,0.0,0.0,2.29,1.0,1,2,0.0046,37349.9,37349.9,EXACT_MATCH,batch_stress
pay_56DE43188CA44B,order_5B83B4562A4B4D,order_5B83B4562A4B4D,exact,0,0.0,1.0,0,-60.94,0.0006,2.38,1.0,1,0,0.0344,109703.67,109764.61,AMOUNT_MISMATCH,batch_stress
pay_8AB046290B8940,order_C045F3109EC14A,order_C045F3109EC14A,exact,0,0.0,1.0,0,0.0,0.0,2.04,1.0,1,6,0.0003,698.63,698.63,EXACT_MATCH,batch_stress
pay_65D66BF5983046,order_B44057C7EC0E4D,order_B44057C7EC0E4D,exact,0,0.0,1.0,0,0.0,0.0,2.0,1.0,1,6,0.0,14628.47,14628.47,ID_AMBIGUOUS,batch_stress
pay_DE40757F13464F,order_D4FB313F370940,order_D4FB313F370940,exact,0,0.0,1.0,0,0.0,0.0,2.33,1.0,1,8,0.0001,2315.14,2315.14,EXACT_MATCH,batch_stress
pay_4313236E087C41,order_180B1B979F2748,order_180B1B979F2748,exact,0,0.0,1.0,0,0.0,0.0,2.17,1.0,1,3,0.0076,6469.11,6469.11,EXACT_MATCH,batch_stress
pay_E24E1EA3A8724A,order_EBD0C305161441,order_EBD0C305161441,exact,0,0.0,1.0,0,-815.0,0.5021,2.0,1.0,0,6,0.0022,808.06,1623.06,AMOUNT_MISMATCH,batch_stress
pay_F421FFD240CF44,order_3DE611E394234F,order_3DE611E394234F,exact,0,0.0,1.0,0,0.0,0.0,2.12,1.0,1,4,0.0104,7300.12,7300.12,EXACT_MATCH,batch_stress
pay_288364071AFE4F,order_213D7EB7C17A4C,order_213D7EB7C17A4C,exact,0,0.0,1.0,0,0.0,0.0,2.29,1.0,1,5,0.0005,24343.09,24343.09,EXACT_MATCH,batch_stress
pay_4A149268BF5F49,order_B9CA417FD9FE48,order_B9CA417FD9FE48,exact,0,0.0,1.0,0,-398.39,0.6265,2.0,1.0,0,1,0.0124,237.55,635.94,AMOUNT_MISMATCH,batch_stress
pay_0FC2336F671546,order_CDCB4C5A14954B,order_CDCB4C5A14954B,exact,0,0.0,1.0,0,43.37,0.0586,2.17,1.0,1,4,0.0023,783.07,739.7,AMOUNT_MISMATCH,batch_stress
pay_934D4849791D4E,order_00128E5AB3F84C,order_00128E5AB3F84C,exact,0,0.0,1.0,0,0.0,0.0,2.0,1.0,1,4,0.0,16305.3,16305.3,ID_AMBIGUOUS,batch_stress
pay_61DDA7C9305546,order_DA5BDF2AA48541,order_DA5BDF2AA48541,exact,0,0.0,1.0,0,0.0,0.0,2.46,1.0,1,20,0.0018,2889.73,2889.73,EXACT_MATCH,batch_stress
pay_613F3B6B1D9E41,order_5622EC7BF9DA45,order_5622EC7BF9DA45,exact,0,0.0,1.0,0,-1016.58,0.6701,2.0,1.0,0,2,0.0014,500.41,1516.99,AMOUNT_MISMATCH,batch_stress
pay_D7F68B1AC29844,order_28BFBE0AF5AA4B,order_28BFBE0AF5AA4B,exact,0,0.0,1.0,0,-334.43,0.5,3.0,1.0,0,3,0.0012,334.44,668.87,AMOUNT_MISMATCH,batch_stress
pay_B67E884C611145,order_B0606C1CD6A34E,order_B0606C1CD6A34E,exact,0,0.0,1.0,0,0.0,0.0,2.04,1.0,1,4,0.0003,19590.98,19590.98,EXACT_MATCH,batch_stress
pay_4DD1CE73A1634D,order_3800B715BE754F,order_3800B715BE754F,exact,0,0.0,1.0,0,0.0,0.0,2.0,1.0,1,9,0.0002,2309.2,2309.2,ID_AMBIGUOUS,batch_stress
pay_3BA5F905722944,order_5D35CDA7FF8B40,order_5D35CDA7FF8B40,exact,0,0.0,1.0,0,0.0,0.0,2.29,1.0,1,2,0.0156,177248.24,177248.24,EXACT_MATCH,batch_stress
pay_142D1EF6B6944B,order_AFBF28DF82F149,order_AFBF28DF82F149,exact,0,0.0,1.0,0,0.0,0.0,2.17,1.0,1,0,0.1351,73168.39,73168.39,EXACT_MATCH,batch_stress
pay_448CF6CE69084F,order_13E00461016B4A,order_13E00461016B4A,exact,0,0.0,1.0,0,0.0,0.0,2.17,1.0,1,3,0.0104,629.3,629.3,EXACT_MATCH,batch_stress
pay_5A41853AC7FD4B,order_FC2F432530964F,order_FC2F432530964F,exact,0,0.0,1.0,0,0.0,0.0,9.0,1.0,1,7,0.0058,23163.08,23163.08,DATE_DRIFT,batch_stress
pay_5AE81B1589FB47,order_67395975F01640,order_67395975F01640,exact,0,0.0,1.0,0,0.0,0.0,2.46,1.0,1,10,0.002,1770.26,1770.26,EXACT_MATCH,batch_stress
pay_ECD7CE1AD92641,order_765C194EC3A747,order_765C194EC3A747,exact,0,0.0,1.0,0,0.0,0.0,2.0,1.0,1,12,0.0002,2264.32,2264.32,ID_AMBIGUOUS,batch_stress
pay_C98E403F95F340,order_085289930F574A,order_085289930F574A,exact,0,0.0,1.0,0,0.0,0.0,2.25,1.0,1,7,0.0064,823.39,823.39,EXACT_MATCH,batch_stress
pay_9E22BE6C56EE48,order_34C8F8EAB92342,order_34C8F8EAB92342,exact,0,0.0,1.0,0,18.02,0.0064,2.38,1.0,1,17,0.001,2818.68,2800.66,AMOUNT_MISMATCH,batch_stress
pay_C4144E9C45D14A,order_2C58EEA9E61D4E,order_2C58EEA9E61D4E,exact,0,0.0,1.0,0,0.0,0.0,2.17,1.0,1,2,0.0001,142597.77,142597.77,EXACT_MATCH,batch_stress
pay_D9CBE4D1E07B4A,order_88FEED6389A44E,order_88FEED6389A44E,exact,0,0.0,1.0,0,0.0,0.0,13.0,1.0,1,3,0.0008,7411.98,7411.98,DATE_DRIFT,batch_stress
pay_F51C5EC93B2A4D,order_C5315048CBA940,order_C5315048CBA940,exact,0,0.0,1.0,0,0.0,0.0,2.21,1.0,1,10,0.0067,12915.57,12915.57,EXACT_MATCH,batch_stress
pay_A14C0AE2D7064B,order_16157D1A2C2449,order_16157D1A2C2449,exact,0,0.0,1.0,0,0.0,0.0,2.0,1.0,1,18,0.0002,2928.67,2928.67,ID_AMBIGUOUS,batch_stress
pay_4379F7CE769C49,order_74FE67FE19C245,order_74FE67FE19C245,exact,0,0.0,1.0,0,0.0,0.0,2.33,1.0,1,3,0.0047,880.25,880.25,EXACT_MATCH,batch_stress
pay_47B78BD50B5349,order_66CE7AF8D2D449,order_66CE7AF8D2D449,exact,0,0.0,1.0,0,0.0,0.0,2.04,1.0,1,6,0.0019,24754.48,24754.48,EXACT_MATCH,batch_stress
pay_BBBE9626DDD64B,order_48810D1BAC3A4C,order_48810D1BAC3A4C,exact,0,0.0,1.0,0,0.0,0.0,2.0,1.0,1,1,0.003,197994.34,197994.34,EXACT_MATCH,batch_stress
pay_79737DD596C145,order_1FBDA2BB6A2E4A,order_1FBDA2BB6A2E4A,exact,0,0.0,1.0,0,0.0,0.0,2.17,1.0,1,18,0.0029,2903.61,2903.61,EXACT_MATCH,batch_stress
pay_B538B4C7D8DE4B,order_E83792AE5A9A41,order_E83792AE5A9A41,exact,0,0.0,1.0,0,0.0,0.0,2.0,1.0,1,1,0.0,27433.2,27433.2,ID_AMBIGUOUS,batch_stress
pay_2771D8CC660647,order_394D0E701E1B4D,order_394D0E701E1B4D,exact,0,0.0,1.0,0,0.0,0.0,2.17,1.0,1,6,0.0002,1651.92,1651.92,EXACT_MATCH,batch_stress
pay_9FD696C9DA0541,order_1D05B2E89BC44D,order_1D05B2E89BC44D,exact,0,0.0,1.0,0,0.0,0.0,2.29,1.0,1,21,0.0007,2807.09,2807.09,EXACT_MATCH,batch_stress
pay_66C8774A06BE4C,order_C2CAF7384AC846,order_C2CAF7384AC846,exact,0,0.0,1.0,0,0.0,0.0,2.5,1.0,1,0,0.0651,5192.28,5192.28,EXACT_MATCH,batch_stress
pay_18301F5629A14A,order_BD779AC86E4843,order_BD779AC86E4843,exact,0,0.0,1.0,0,0.0,0.0,2.29,1.0,1,1,0.0169,215603.82,215603.82,EXACT_MATCH,batch_stress
pay_689600F6EF1B49,order_E6DE67BC8E2348,order_E6DE67BC8E2348,exact,0,0.0,1.0,0,-98.27,0.5,3.0,1.0,0,2,0.0172,98.27,196.54,AMOUNT_MISMATCH,batch_stress
pay_3B0BD6D80A714C,order_4090A87A255044,order_4090A87A255044,exact,0,0.0,1.0,0,0.0,0.0,2.12,1.0,1,8,0.0029,828.7,828.7,EXACT_MATCH,batch_stress
pay_E50C8F3BE5364A,order_AE780D73C54645,order_AE780D73C54645,exact,0,0.0,1.0,0,-92.36,0.0467,2.38,1.0,1,11,0.0033,1886.69,1979.05,AMOUNT_MISMATCH,batch_stress
pay_C3B9D7852E0244,order_483523BA4BF042,order_483523BA4BF042,exact,0,0.0,1.0,0,0.0,0.0,2.25,1.0,1,0,0.032,30183.75,30183.75,EXACT_MATCH,batch_stress
pay_40D4901CD7DA49,order_19AB8C869A5940,order_19AB8C869A5940,exact,0,0.0,1.0,0,26.94,0.0357,2.25,1.0,1,3,0.0001,781.22,754.28,AMOUNT_MISMATCH,batch_stress
pay_12446E7A154340,order_2647CDADDEA34A,order_2647CDADDEA34A,exact,0,0.0,1.0,0,0.0,0.0,2.5,1.0,1,2,0.0053,246.04,246.04,EXACT_MATCH,batch_stress
pay_282C75A72FFB4B,order_5941E73C33B240,order_5941E73C33B240,exact,0,0.0,1.0,0,-19.97,0.0072,2.5,1.0,1,16,0.0027,2738.43,2758.4,AMOUNT_MISMATCH,batch_stress
pay_245C5752E72F46,order_D77F74371B1D4C,order_D77F74371B1D4C,exact,1,0.0,1.0,0,0.0,0.0,2.12,1.0,1,16,0.0005,2757.08,2757.08,DUPLICATE,batch_stress
pay_CEE8F9F98FEA41,order_E91B73C20BCE4A,order_E91B73C20BCE4A,exact,0,0.0,1.0,0,0.0,0.0,2.0,1.0,1,20,0.0002,2894.85,2894.85,ID_AMBIGUOUS,batch_stress
pay_35A960B272F24A,order_7FAF49F72B544B,order_7FAF49F72B544B,exact,0,0.0,1.0,0,0.0,0.0,2.0,1.0,1,2,0.001,477.61,477.61,ID_AMBIGUOUS,batch_stress
pay_823CD50C31804F,order_1E460F3775CF4D,order_1E460F3775CF4D,exact,0,0.0,1.0,0,-6238.1,0.513,2.0,1.0,0,1,0.0096,5921.17,12159.27,AMOUNT_MISMATCH,batch_stress
pay_2E86DC0672E546,order_27CF7CB8E26A41,order_27CF7CB8E26A41,exact,0,0.0,1.0,0,0.0,0.0,2.0,1.0,1,6,0.0,12694.58,12694.58,ID_AMBIGUOUS,batch_stress
pay_F415BF3A26CA49,order_0125C012B4A743,order_0125C012B4A743,exact,0,0.0,1.0,0,0.0,0.0,2.08,1.0,1,2,0.0063,621.4,621.4,EXACT_MATCH,batch_stress
pay_ADBAE26BA1FE43,order_A78D1D1C58244E,order_A78D1D1C58244E,exact,0,0.0,1.0,0,0.0,0.0,2.38,1.0,1,2,0.0067,4436.21,4436.21,EXACT_MATCH,batch_stress
pay_4DD1899354DE48,order_5AEF707727B842,order_5AEF707727B842,exact,0,0.0,1.0,0,0.0,0.0,2.33,1.0,1,0,0.0276,15562.15,15562.15,EXACT_MATCH,batch_stress
pay_A12F206E97F94D,order_2127B0218EBE4C,order_2127B0218EBE4C,exact,0,0.0,1.0,0,0.0,0.0,2.46,1.0,1,5,0.0021,17041.75,17041.75,EXACT_MATCH,batch_stress
pay_1588AAF8950441,order_1D6CB0D3C2AE48,order_1D6CB0D3C2AE48,exact,0,0.0,1.0,0,0.0,0.0,2.08,1.0,1,19,0.0004,2675.33,2675.33,EXACT_MATCH,batch_stress
pay_F5B6546147ED43,order_9BB4A8FC4E4A4F,order_9BB4A8FC4E4A4F,exact,0,0.0,1.0,0,0.0,0.0,2.08,1.0,1,15,0.0004,2447.38,2447.38,EXACT_MATCH,batch_stress
pay_4D25A262F19B47,order_29BD5618A8834C,order_29BD5618A8834C,exact,0,0.0,1.0,0,0.0,0.0,2.38,1.0,1,7,0.0021,1618.79,1618.79,EXACT_MATCH,batch_stress
pay_F6FF0A76EDBB41,order_6D730CB36A8043,order_6D730CB36A8043,exact,0,0.0,1.0,0,21.15,0.012,2.08,1.0,1,11,0.0025,1787.81,1766.66,AMOUNT_MISMATCH,batch_stress
pay_30F7BA48A93942,order_96CA61841D034F,order_96CA61841D034F,exact,0,0.0,1.0,0,-1322.17,0.5,2.0,1.0,0,3,0.0004,1322.16,2644.33,AMOUNT_MISMATCH,batch_stress
pay_4B150F7F885045,order_BC93AA92DCE74A,order_BC93AA92DCE74A,exact,0,0.0,1.0,0,-6373.13,0.5,2.0,1.0,0,2,0.0073,6373.13,12746.26,AMOUNT_MISMATCH,batch_stress
pay_91CB37EE518348,order_B83296D6FFBC49,order_B83296D6FFBC49,exact,0,0.0,1.0,0,0.0,0.0,2.25,1.0,1,15,0.0003,2640.44,2640.44,EXACT_MATCH,batch_stress
pay_8C62399F976443,order_2E26BE43649543,order_2E26BE43649543,exact,0,0.0,1.0,0,0.0,0.0,2.12,1.0,1,6,0.0007,576.31,576.31,EXACT_MATCH,batch_stress
pay_A473FC3737634B,order_559837E39DB94A,order_559837E39DB94A,exact,0,0.0,1.0,0,21.83,0.002,2.33,1.0,1,2,0.0055,11021.04,10999.21,AMOUNT_MISMATCH,batch_stress
pay_A5F3DEAA7BD344,order_8468C94157F943,order_8468C94157F943,exact,0,0.0,1.0,0,-6345.66,0.5319,2.0,1.0,0,1,0.0057,5585.4,11931.06,AMOUNT_MISMATCH,batch_stress
pay_13C889D8C67840,order_F86F68B34F4244,order_F86F68B34F4244,exact,0,0.0,1.0,0,0.0,0.0,2.0,1.0,1,3,0.0,13413.67,13413.67,ID_AMBIGUOUS,batch_stress
pay_AC3A814405B44E,order_57B306DE53C648,order_57B306DE53C648,exact,0,0.0,1.0,0,0.0,0.0,11.0,1.0,1,9,0.0003,1477.23,1477.23,DATE_DRIFT,batch_stress
pay_A14C8EF39E1F4E,order_B78F7A100AF449,order_B78F7A100AF449,exact,0,0.0,1.0,0,0.0,0.0,2.0,1.0,1,8,0.0,18397.32,18397.32,ID_AMBIGUOUS,batch_stress
pay_6066386A3C1646,order_6C3E59627A6A47,order_6C3E59627A6A47,exact,0,0.0,1.0,0,0.0,0.0,2.46,1.0,1,0,0.0558,223.0,223.0,EXACT_MATCH,batch_stress
pay_BBF6AB4450B540,order_645F76A1D88149,order_645F76A1D88149,exact,0,0.0,1.0,0,-14201.52,0.7785,2.0,1.0,0,1,0.0048,4041.57,18243.09,AMOUNT_MISMATCH,batch_stress
pay_9FA7C0A1C0C34E,order_C2CD1F97FD344F,order_C2CD1F97FD344F,exact,0,0.0,1.0,0,0.0,0.0,2.42,1.0,1,8,0.0018,2327.37,2327.37,EXACT_MATCH,batch_stress
pay_9369793C649943,order_ECDCB16282524B,order_ECDCB16282524B,exact,0,0.0,1.0,0,-29.46,0.0001,2.12,1.0,1,1,0.0031,197379.47,197408.93,AMOUNT_MISMATCH,batch_stress
pay_B038B0F5FBCC46,order_75B9619AFCD04F,order_75B9619AFCD04F,exact,0,0.0,1.0,0,0.0,0.0,7.0,1.0,1,0,0.0274,4557.63,4557.63,DATE_DRIFT,batch_stress
pay_5A08FF075FBA47,order_4E87CB57A3F847,order_4E87CB57A3F847,exact,0,0.0,1.0,0,0.0,0.0,2.25,1.0,1,2,0.0079,10188.18,10188.18,EXACT_MATCH,batch_stress
pay_CE3AAE23264D43,order_31B39BA219444A,order_31B39BA219444A,exact,0,0.0,1.0,0,0.0,0.0,2.21,1.0,1,16,0.0003,2752.14,2752.14,EXACT_MATCH,batch_stress
pay_FE1ACC03703F43,order_3E3430ECDDD840,order_3E3430ECDDD840,exact,0,0.0,1.0,0,-31.68,0.0019,2.25,1.0,1,2,0.0164,16685.38,16717.06,AMOUNT_MISMATCH,batch_stress
pay_FEE82B8850E84A,order_62990FDE5C514A,order_62990FDE5C514A,exact,0,0.0,1.0,0,0.0,0.0,7.0,1.0,1,1,0.002,285.1,285.1,DATE_DRIFT,batch_stress
pay_48F2099B34BB47,order_1600D6875F944B,order_1600D6875F944B,exact,0,0.0,1.0,0,0.0,0.0,2.04,1.0,1,4,0.0074,657.72,657.72,EXACT_MATCH,batch_stress
pay_5E42CB0BE79247,order_BC93AA92DCE74A,order_BC93AA92DCE74A,exact,0,0.0,1.0,0,-6373.13,0.5,3.0,1.0,0,2,0.0073,6373.13,12746.26,AMOUNT_MISMATCH,batch_stress
pay_ABCBF53AEE5340,order_BCB0132D8EFA45,order_BCB0132D8EFA45,exact,0,0.0,1.0,0,-843.24,0.5,2.0,1.0,0,8,0.0017,843.25,1686.49,AMOUNT_MISMATCH,batch_stress
pay_2047D26D91424F,order_311D79E6154D4A,order_311D79E6154D4A,exact,0,0.0,1.0,0,-415.53,0.5,2.0,1.0,0,4,0.0061,415.54,831.07,AMOUNT_MISMATCH,batch_stress
pay_231677F251994C,order_C4DE1FAB51324A,order_C4DE1FAB51324A,exact,0,0.0,1.0,0,0.0,0.0,2.21,1.0,1,6,0.0007,576.71,576.71,EXACT_MATCH,batch_stress
pay_F5BC9BD3B3C641,order_8FDD8195915544,order_8FDD8195915544,exact,0,0.0,1.0,0,0.0,0.0,2.21,1.0,1,2,0.0025,22083.58,22083.58,EXACT_MATCH,batch_stress
pay_38C0339863BB42,order_0C557457CBD142,order_0C557457CBD142,exact,0,0.0,1.0,0,0.0,0.0,2.42,1.0,1,3,0.0048,1327.9,1327.9,EXACT_MATCH,batch_stress
pay_7BD31525301D4B,order_8B3298111FE94D,order_8B3298111FE94D,exact,0,0.0,1.0,0,-43.45,0.0003,2.04,1.0,1,2,0.0065,164726.7,164770.15,AMOUNT_MISMATCH,batch_stress
pay_7BC8AFCC8E6B40,order_97CD57C72F0F49,order_97CD57C72F0F49,exact,0,0.0,1.0,0,0.0,0.0,2.21,1.0,1,5,0.0014,2161.24,2161.24,EXACT_MATCH,batch_stress
pay_A4AE6DC19A474B,order_467E88C12FC34A,order_467E88C12FC34A,exact,0,0.0,1.0,0,0.0,0.0,13.0,1.0,1,4,0.0106,727.66,727.66,DATE_DRIFT,batch_stress
pay_3B004A5CEB9140,order_E253C750D16047,order_E253C750D16047,exact,0,0.0,1.0,0,0.0,0.0,2.17,1.0,1,20,0.0015,2832.27,2832.27,EXACT_MATCH,batch_stress
pay_92F6D754096C41,order_4131FD16EB814C,order_4131FD16EB814C,exact,0,0.0,1.0,0,0.0,0.0,2.12,1.0,1,11,0.0001,1774.21,1774.21,EXACT_MATCH,batch_stress
pay_05880634DB7445,order_BF77EDE6D4CD44,order_BF77EDE6D4CD44,exact,0,0.0,1.0,0,0.0,0.0,2.42,1.0,1,10,0.0026,1811.82,1811.82,EXACT_MATCH,batch_stress
pay_A73EDF8DF2914F,order_F2B0E4021C8E4D,order_F2B0E4021C8E4D,exact,0,0.0,1.0,0,-139.77,0.171,2.42,1.0,1,6,0.0003,677.75,817.52,AMOUNT_MISMATCH,batch_stress
pay_A0840023080141,order_C01AEEFBF3C042,order_C01AEEFBF3C042,exact,0,0.0,1.0,0,0.0,0.0,2.21,1.0,1,17,0.0008,2718.2,2718.2,EXACT_MATCH,batch_stress
pay_C937193873E94C,order_75BD2DA708434E,order_75BD2DA708434E,exact,0,0.0,1.0,0,0.0,0.0,2.17,1.0,1,17,0.0008,2707.3,2707.3,EXACT_MATCH,batch_stress
pay_F066D285091D49,order_BE1FDBF7C0CA45,order_BE1FDBF7C0CA45,exact,0,0.0,1.0,0,0.0,0.0,2.42,1.0,1,9,0.0036,1961.51,1961.51,EXACT_MATCH,batch_stress
pay_7358D85C379F46,order_FD3C134F6E3C41,order_FD3C134F6E3C41,exact,0,0.0,1.0,0,0.0,0.0,2.0,1.0,1,7,0.0,22825.87,22825.87,ID_AMBIGUOUS,batch_stress
pay_08FD99016BCD46,order_1B976D1827A148,order_1B976D1827A148,exact,0,0.0,1.0,0,0.0,0.0,2.33,1.0,1,4,0.0111,964.44,964.44,EXACT_MATCH,batch_stress
pay_D71168F38F5E47,order_11462C0B1A664B,order_11462C0B1A664B,exact,0,0.0,1.0,0,0.0,0.0,2.21,1.0,1,2,0.0071,492.12,492.12,EXACT_MATCH,batch_stress
pay_B7AE64D7C0F04D,order_AE1D8A54ED384F,order_AE1D8A54ED384F,exact,0,0.0,1.0,0,-105.79,0.0389,2.38,1.0,1,15,0.0006,2610.27,2716.06,AMOUNT_MISMATCH,batch_stress
pay_1EACBB2FBBC644,order_AA483E9715BE47,order_AA483E9715BE47,exact,0,0.0,1.0,0,0.0,0.0,2.5,1.0,1,4,0.0033,409.34,409.34,EXACT_MATCH,batch_stress
pay_2222FA7707CD40,order_65BB4C066B0A4B,order_65BB4C066B0A4B,exact,0,0.0,1.0,0,55.69,0.1111,2.12,1.0,1,3,0.0037,556.78,501.09,AMOUNT_MISMATCH,batch_stress
pay_84348B29697947,order_C53DF54118EF48,order_C53DF54118EF48,exact,0,0.0,1.0,0,0.0,0.0,6.0,1.0,1,10,0.0002,1816.51,1816.51,DATE_DRIFT,batch_stress
pay_B32724A4EE2E4F,order_E8A0DA135F3B4C,order_E8A0DA135F3B4C,exact,0,0.0,1.0,0,0.0,0.0,9.0,1.0,1,5,0.0066,9850.45,9850.45,DATE_DRIFT,batch_stress
pay_56555089A83B4A,order_074DCE35462C49,order_074DCE35462C49,exact,0,0.0,1.0,0,0.0,0.0,2.25,1.0,1,5,0.0003,698.42,698.42,EXACT_MATCH,batch_stress
pay_ED69F53B0FCB43,order_F84E1E4F42A24D,order_F84E1E4F42A24D,exact,0,0.0,1.0,0,0.0,0.0,2.04,1.0,1,2,0.0084,8364.97,8364.97,EXACT_MATCH,batch_stress
pay_2030DC6B25D74B,order_A855D16C763242,order_A855D16C763242,exact,0,0.0,1.0,0,82.83,0.0386,2.33,1.0,1,15,0.0025,2227.58,2144.75,AMOUNT_MISMATCH,batch_stress
pay_56A45D06BAAE4E,order_27C3527E3B3341,order_27C3527E3B3341,exact,0,0.0,1.0,0,97.91,0.0796,2.17,1.0,1,4,0.0004,1328.48,1230.57,AMOUNT_MISMATCH,batch_stress
pay_AFA3E175AFB541,order_9AF652CDB2A943,order_9AF652CDB2A943,exact,0,0.0,1.0,0,0.0,0.0,2.42,1.0,1,6,0.0006,2187.21,2187.21,EXACT_MATCH,batch_stress
pay_393E21A5319540,order_4F976E2BC9484D,order_4F976E2BC9484D,exact,0,0.0,1.0,0,0.0,0.0,2.38,1.0,1,12,0.0003,2243.12,2243.12,EXACT_MATCH,batch_stress
pay_E84ED38EADCD46,order_95A316B4869F4A,order_95A316B4869F4A,exact,0,0.0,1.0,0,0.0,0.0,2.25,1.0,1,9,0.0003,1969.11,1969.11,EXACT_MATCH,batch_stress
pay_C645F88AC59042,order_EA6485C22EA442,order_EA6485C22EA442,exact,0,0.0,1.0,0,0.0,0.0,2.29,1.0,1,12,0.0001,2255.97,2255.97,EXACT_MATCH,batch_stress
pay_CCFB5251BCEE4D,order_5E009813CEC646,order_5E009813CEC646,exact,0,0.0,1.0,0,0.0,0.0,2.0,1.0,1,10,0.0003,1804.16,1804.16,ID_AMBIGUOUS,batch_stress
pay_96E4AE3EAFF44B,order_9BEB8E0CB55E42,order_9BEB8E0CB55E42,exact,0,0.0,1.0,0,0.0,0.0,11.0,1.0,1,1,0.0089,388.35,388.35,DATE_DRIFT,batch_stress
pay_84A915CCAB9042,order_A7E596551C8041,order_A7E596551C8041,exact,0,0.0,1.0,0,0.0,0.0,2.12,1.0,1,7,0.004,22936.55,22936.55,EXACT_MATCH,batch_stress
pay_5C5F80D5FA4243,order_6CCD1649A5404A,order_6CCD1649A5404A,exact,0,0.0,1.0,0,0.0,0.0,2.0,1.0,1,22,0.0002,2838.19,2838.19,ID_AMBIGUOUS,batch_stress
pay_909062DCB91E4F,order_9BEE153D5E224D,order_9BEE153D5E224D,exact,0,0.0,1.0,0,-12354.27,0.5,2.0,1.0,0,2,0.0158,12354.27,24708.54,AMOUNT_MISMATCH,batch_stress
pay_0A4529D1272C40,order_9B59863BFC7847,order_9B59863BFC7847,exact,0,0.0,1.0,0,0.0,0.0,2.0,1.0,1,14,0.0001,1499.41,1499.41,EXACT_MATCH,batch_stress
pay_32C07DA2D6FD4A,order_F2D0FAB6DEB940,order_F2D0FAB6DEB940,exact,0,0.0,1.0,0,0.0,0.0,2.17,1.0,1,0,0.06,84601.69,84601.69,EXACT_MATCH,batch_stress
pay_204A1B9FA0A74B,order_4EAA2C13D8814C,order_4EAA2C13D8814C,exact,0,0.0,1.0,0,0.0,0.0,2.0,1.0,1,3,0.0001,7418.27,7418.27,ID_AMBIGUOUS,batch_stress
pay_4535B80331314B,order_A07C00F0025447,order_A07C00F0025447,exact,0,0.0,1.0,0,0.0,0.0,2.33,1.0,1,8,0.0049,13147.64,13147.64,EXACT_MATCH,batch_stress
pay_83BABC82305643,order_8BE9AAE37BB440,order_8BE9AAE37BB440,exact,0,0.0,1.0,0,0.0,0.0,2.21,1.0,1,0,0.0216,512.21,512.21,EXACT_MATCH,batch_stress
pay_6B461B122B4A4C,order_2A1EFC81720244,order_2A1EFC81720244,exact,0,0.0,1.0,0,0.0,0.0,2.38,1.0,1,3,0.0023,652.89,652.89,EXACT_MATCH,batch_stress
pay_15FF9E3E162946,order_15831BA46ADD43,order_15831BA46ADD43,exact,0,0.0,1.0,0,0.0,0.0,2.42,1.0,1,10,0.0016,1990.25,1990.25,EXACT_MATCH,batch_stress
pay_0460C99DF3F94C,order_ED826FBD853749,order_ED826FBD853749,exact,0,0.0,1.0,0,0.0,0.0,2.21,1.0,1,6,0.0026,689.99,689.99,EXACT_MATCH,batch_stress
pay_C71309C11BDF4E,order_D38485C7EED547,order_D38485C7EED547,exact,0,0.0,1.0,0,0.0,0.0,2.42,1.0,1,0,0.1818,59865.56,59865.56,EXACT_MATCH,batch_stress
pay_CBA955DD762E41,order_46174B87828541,order_46174B87828541,exact,0,0.0,1.0,0,0.0,0.0,7.0,1.0,1,9,0.0002,1472.49,1472.49,DATE_DRIFT,batch_stress
pay_839CCAA470B14A,order_352C357E2D5E48,order_352C357E2D5E48,exact,0,0.0,1.0,0,0.0,0.0,2.29,1.0,1,2,0.0013,10269.12,10269.12,EXACT_MATCH,batch_stress
pay_2D3A8652C2F94F,order_36C545729E4041,order_36C545729E4041,exact,0,0.0,1.0,0,-7291.71,0.5,2.0,1.0,0,5,0.0012,7291.72,14583.43,AMOUNT_MISMATCH,batch_stress
pay_6DDCFD3E41CA48,order_3CD88581DA414D,order_3CD88581DA414D,exact,0,0.0,1.0,0,0.0,0.0,2.29,1.0,1,5,0.0041,14688.59,14688.59,EXACT_MATCH,batch_stress
pay_BAF027C902534F,order_E6DC18F582124E,order_E6DC18F582124E,exact,0,0.0,1.0,0,-6414.76,0.5,3.0,1.0,0,2,0.0008,6414.76,12829.52,AMOUNT_MISMATCH,batch_stress
pay_C90C09C286FF40,order_F376902F50A04F,order_F376902F50A04F,exact,0,0.0,1.0,0,0.0,0.0,2.33,1.0,1,22,0.0008,2878.63,2878.63,EXACT_MATCH,batch_stress
pay_6DAA19E64BD848,order_8A1388D1692945,order_8A1388D1692945,exact,0,0.0,1.0,0,0.0,0.0,14.0,1.0,1,4,0.0003,19596.27,19596.27,DATE_DRIFT,batch_stress
pay_14F145D3DABF40,order_99DEA37C8BC544,order_99DEA37C8BC544,exact,0,0.0,1.0,0,-9182.96,0.7659,2.0,1.0,0,21,0.0002,2807.56,11990.52,AMOUNT_MISMATCH,batch_stress
pay_C88EB06C917F43,order_04B34A264CBC47,order_04B34A264CBC47,exact,0,0.0,1.0,0,0.0,0.0,2.0,1.0,1,1,0.0136,1024.05,1024.05,EXACT_MATCH,batch_stress
pay_75E6EF3EAF2D4F,order_6C74E43187194D,order_6C74E43187194D,exact,0,0.0,1.0,0,0.0,0.0,2.17,1.0,1,8,0.0002,1901.8,1901.8,EXACT_MATCH,batch_stress
pay_8745AB7E82B34C,order_E082F4F550034B,order_E082F4F550034B,exact,0,0.0,1.0,0,0.0,0.0,2.33,1.0,1,2,0.0063,20526.19,20526.19,EXACT_MATCH,batch_stress
pay_570AAE3447EB42,order_5D93BE7A1DEF4C,order_5D93BE7A1DEF4C,exact,0,0.0,1.0,0,0.0,0.0,2.29,1.0,1,7,0.0001,1118.36,1118.36,EXACT_MATCH,batch_stress
pay_A79B1B3818BF46,order_C9DB1C3B53C4C6,order_C9DB1C3B53CC46,fuzzy,0,0.65,0.3,0,0.0,0.0,2.17,0.95,1,3,0.0061,23576.31,23576.31,ID_AMBIGUOUS,batch_stress
pay_9D0347D597E34B,order5_D4F55CACB4948,order_5D4F55CACB4948,fuzzy,0,0.65,0.3,0,0.0,0.0,2.08,0.95,1,5,0.0046,581.11,581.11,ID_AMBIGUOUS,batch_stress
pay_C8328BE4280E45,order_FF3D84CB2A6744,order_FF3D48CB2A6744,fuzzy,0,0.6,0.35,0,0.0,0.0,2.33,0.95,1,2,0.0144,402.12,402.12,ID_AMBIGUOUS,batch_stress
pay_C615BE6D156443,oredr_9CEE5706AF4940,order_9CEE5706AF4940,fuzzy,0,0.6,0.35,0,0.0,0.0,2.46,0.95,1,3,0.0165,16003.14,16003.14,ID_AMBIGUOUS,batch_stress
pay_660AE583615E41,order_AFCD73B31CDA42,order_FACD73B31CDA42,fuzzy,0,0.65,0.3,0,0.0,0.0,2.17,0.95,1,0,0.0537,4060.99,4060.99,ID_AMBIGUOUS,batch_stress
pay_E9D5DBE1B60B4C,order_3381587FE95C44,order_3381587F9E5C44,fuzzy,0,0.65,0.3,0,0.0,0.0,2.08,0.95,1,0,0.0222,11243.52,11243.52,ID_AMBIGUOUS,batch_stress
pay_FFD3F428FD024A,order_D6852682C1DF48,order_D6856282C1DF48,fuzzy,0,0.65,0.3,0,0.0,0.0,2.33,0.95,1,9,0.0001,1476.69,1476.69,ID_AMBIGUOUS,batch_stress
pay_EA66FF51B9AD41,orderD_47D969F7A6E4B,order_D47D969F7A6E4B,fuzzy,0,0.6,0.35,0,0.0,0.0,2.42,0.95,1,3,0.0017,884.37,884.37,ID_AMBIGUOUS,batch_stress
pay_33E9DEB2C49948,oredr_20798F0C4B1D42,order_20798F0C4B1D42,fuzzy,0,0.6,0.35,0,0.0,0.0,2.17,0.95,1,10,0.0013,1513.19,1513.19,ID_AMBIGUOUS,batch_stress
pay_2C0551ACD75E40,order_5019BFD71A7541,order_5109BFD71A7541,fuzzy,0,0.65,0.3,0,0.0,0.0,2.29,0.95,1,2,0.0047,1321.62,1321.62,ID_AMBIGUOUS,batch_stress
pay_2CFFACF148A140,order_34F311AC5FEB46,order_34F31A1C5FEB46,fuzzy,0,0.6,0.35,0,0.0,0.0,2.46,0.95,1,22,0.0006,2840.41,2840.41,ID_AMBIGUOUS,batch_stress
pay_6D51C3197D4443,order_0E0D17CAFB8547,order_0E0D71CAFB8547,fuzzy,0,0.65,0.3,0,0.0,0.0,2.12,0.95,1,0,0.0747,249110.38,249110.38,ID_AMBIGUOUS,batch_stress
pay_FADC9D77C1E44B,ordre_7FADB88A975342,order_7FADB88A975342,fuzzy,0,0.65,0.3,0,0.0,0.0,2.33,0.95,1,9,0.0,831.09,831.09,ID_AMBIGUOUS,batch_stress
pay_15DF75751C3246,order_CE2C222DDFFB43,order_CEC2222DDFFB43,fuzzy,0,0.6,0.35,0,0.0,0.0,2.0,0.95,1,8,0.0016,1972.17,1972.17,ID_AMBIGUOUS,batch_stress
pay_775F1F1409604D,order_133E0231FAB045,order_133E0231FBA045,fuzzy,0,0.65,0.3,0,0.0,0.0,2.25,0.95,1,11,0.0007,2984.05,2984.05,ID_AMBIGUOUS,batch_stress
pay_69483E6FAEE341,ordre_EEB003F1E6694D,order_EEB003F1E6694D,fuzzy,0,0.55,0.4,0,0.0,0.0,2.25,0.95,1,5,0.0029,1589.31,1589.31,ID_AMBIGUOUS,batch_stress
pay_731F1E1778B94D,order_2BA6ACE6363B46,order_2BA6CAE6363B46,fuzzy,0,0.6,0.35,0,0.0,0.0,2.46,0.95,1,1,0.0084,114559.55,114559.55,ID_AMBIGUOUS,batch_stress
pay_10767A0802A549,ordre_FA140DC3D1194E,order_FA140DC3D1194E,fuzzy,0,0.6,0.35,0,0.0,0.0,2.12,0.95,1,1,0.0024,907.86,907.86,ID_AMBIGUOUS,batch_stress
pay_21853309CFAC46,oredr_12128606698B44,order_12128606698B44,fuzzy,0,0.6,0.35,0,0.0,0.0,2.12,0.95,1,5,0.002,17006.83,17006.83,ID_AMBIGUOUS,batch_stress
pay_45079EC341A744,order_BBDC05F901F045,order_BBCD05F901F045,fuzzy,0,0.7,0.25,0,0.0,0.0,2.25,0.95,1,3,0.0097,1351.3,1351.3,ID_AMBIGUOUS,batch_stress
pay_4450CEA054EE48,order_E7AEF85C0ABA4E,order_E7AEF8C50ABA4E,fuzzy,0,0.7,0.25,0,0.0,0.0,2.5,0.95,1,16,0.004,2598.25,2598.25,ID_AMBIGUOUS,batch_stress
pay_8F86F4F90E3A41,order_D13F7099B95C4E,order_D13F7909B95C4E,fuzzy,0,0.65,0.3,0,0.0,0.0,2.33,0.95,1,14,0.0001,1499.56,1499.56,ID_AMBIGUOUS,batch_stress
pay_CFDEE9ACE6F34E,order_0AE36AAC11484D,order_A0E36AAC11484D,fuzzy,0,0.65,0.3,0,0.0,0.0,2.25,0.95,1,3,0.0034,1207.98,1207.98,ID_AMBIGUOUS,batch_stress
pay_CDCC8C1328EC48,order_19BE30495E74F4,order_19BE30495E744F,fuzzy,0,0.7,0.25,0,0.0,0.0,2.29,0.95,1,0,0.0431,5553.85,5553.85,ID_AMBIGUOUS,batch_stress
pay_86C3036EF5ED49,order_A20EAA95314947,order_A2E0AA95314947,fuzzy,0,0.65,0.3,0,0.0,0.0,2.5,0.95,1,1,0.0142,455.23,455.23,ID_AMBIGUOUS,batch_stress
