entity_id,type,debit,credit,amount,currency,fee,tax,on_hold,settled,created_at,settled_at,settlement_id,payment_id,settlement_utr,order_id,order_receipt,method,card_network,card_issuer,card_type,dispute_id
pay_1B5DB678EF544A,payment,0,268613,275400,INR,5752,1035,0,1,1785049200,1785243600,setl_0A8F8C20576E43,pay_1B5DB678EF544A,UTR115066182794,order_1AEDC06B4D0446,rcpt_daadcbde10,card,Visa,KKBK,credit,
pay_D12C81EE4B5E4D,payment,0,10103498,10347704,INR,206954,37252,0,1,1784091600,1784275200,setl_26BEFC47481D4A,pay_D12C81EE4B5E4D,UTR313113534280,order_E3BEA87C28E245,rcpt_3bfd355e3f,netbanking,,,,
pay_A46B506CD9084C,payment,0,39838,40801,INR,816,147,0,1,1783504800,1783681200,setl_01DD4F9BC26841,pay_A46B506CD9084C,UTR343806598488,order_955894A98DBC4C,rcpt_17719afd70,netbanking,,,,
pay_9737ADDC023A4F,payment,0,272439,₹279023,INR,5580,1004,0,1,1783468800,1783641600,setl_01DD4F9BC26841,pay_9737ADDC023A4F,UTR307288254018,order_479A76196A2845,rcpt_726ad394c1,card,Amex,HDFC,credit,
pay_B75F1326855C4F,payment,0,128574,131682,INR,2634,474,0,1,1783033200,1783209600,setl_2ECB28C699C041,pay_B75F1326855C4F,UTR239455218747,order_0463A004C1EB46,rcpt_0b39b5041e,netbanking,,,,
pay_CCE4FEC4F95D48,payment,0,125233,128260,INR,2565,462,0,1,1784041200,1784257200,setl_26BEFC47481D4A,pay_CCE4FEC4F95D48,UTR896644174502,order_B15EA581897941,rcpt_c1ac77d0fd,upi,,,,
pay_B0CDD6E8DA4C45,payment,0,92459,94694,INR,1894,341,0,1,1786608000,1786820400,setl_F2E155DF04C742,pay_B0CDD6E8DA4C45,UTR652851723142,order_84A7DD67394F43,rcpt_35564e5ed4,card,MasterCard,SBIN,credit,
pay_A79B1B3818BF46,payment,0,2301990,2357631,INR,47153,8488,0,1,1785085200,1785272400,setl_0A8F8C20576E43,pay_A79B1B3818BF46,UTR085479240319,order_C9DB1C3B53C4C6,rcpt_5dd54f9af9,card,Visa,SBIN,debit,
pay_9D0347D597E34B,payment,0,56740,58111,INR,1162,209,0,1,1784818800,1784998800,setl_463EF21FF45840,pay_9D0347D597E34B,UTR921215444740,order5_D4F55CACB4948,rcpt_d93810180e,upi,,,,
pay_C8328BE4280E45,payment,0,39263,40212,INR,804,145,0,1,1784296800,1784498400,setl_5F1DDEA0EE6C46,pay_C8328BE4280E45,UTR292634868429,order_FF3D84CB2A6744,rcpt_1751aaf33e,wallet,,,,
pay_E252B194C9E242,payment,0,234615,240286,INR,4806,865,0,1,1783080000,1783260000,setl_2ECB28C699C041,pay_E252B194C9E242,UTR715332006664,order_3E9534B97B744A,rcpt_94ef948085,upi,,,,
pay_505BA853841E49,payment,0,1798846,1842325,INR,36847,6632,0,1,1786284000,1786464000,setl_7499C4AA34DF4B,pay_505BA853841E49,UTR329404724772,order_5EECBF474D764A,rcpt_5f702cd24e,netbanking,,,,
pay_F0E023874D684C,payment,0,29458,30170,INR,603,109,0,1,1783900800,1784106000,setl_8FCBDEFEAEB945,pay_F0E023874D684C,UTR980002089192,order_CA2D911903464F,rcpt_37bc3de83e,card,Amex,KKBK,debit,
pay_2E2546B8BA524A,payment,0,107046,109634,INR,2193,395,0,1,1784505600,1784718000,setl_D2832E923CD742,pay_2E2546B8BA524A,UTR955480546222,order_495C3D99D19548,rcpt_83569db09d,upi,,,,
pay_3C37B3B6034348,payment,0,162896,166834,INR,3337,601,0,1,1784754000,1784952000,setl_463EF21FF45840,pay_3C37B3B6034348,UTR337640157645,order_D2AFBE6B81DB42,rcpt_16942526b5,card,MasterCard,HDFC,credit,
pay_B068CB215DFE48,payment,0,262161,268498,INR,5370,967,0,1,1785081600,1785294000,setl_B27B70A09BB842,pay_B068CB215DFE48,UTR101455638319,order_84CFAC8A05E74B,rcpt_c47416c120,wallet,,,,
pay_A38B73928FBE4C,payment,0,187199,191723,INR,3834,690,0,1,1786262400,1786438800,setl_7499C4AA34DF4B,pay_A38B73928FBE4C,UTR388063848820,order_D957F70798B843,rcpt_917c518def,upi,,,,
pay_14F68BD2B83F45,payment,0,230195,235759,INR,4715,849,0,1,1786219200,1786428000,setl_7499C4AA34DF4B,pay_14F68BD2B83F45,UTR936940659091,order_03E135477E9745,rcpt_6d1cc6f6fe,card,MasterCard,SBIN,credit,
pay_0C258D213CBD4C,payment,0,81820,83798,INR,1676,302,0,1,1786438800,1786651200,setl_763973C2998C43,pay_0C258D213CBD4C,UTR089053983649,order_65DE9FE1968E41,rcpt_3309a9afcd,upi,,,,
pay_A1054C94D7BF4B,payment,0,226353,231825,INR,4637,835,0,1,1783069200,1783281600,setl_2ECB28C699C041,pay_A1054C94D7BF4B,UTR322070102770,order_F24E53AF62474D,rcpt_d6c3877efe,card,Visa,UTIB,debit,
pay_A3914CFDAED04E,payment,0,85182,87241,INR,1745,314,0,1,1784584800,1785535200,setl_FC6EDD4946DB47,pay_A3914CFDAED04E,UTR474882874859,order_22119798FC1B42,rcpt_1c43b1e653,wallet,,,,
pay_CFEAA0C44A4C42,payment,0,236100,241806,INR,4836,870,0,1,1786057200,1786233600,setl_A79770F9F69A43,pay_CFEAA0C44A4C42,UTR106455177725,order_1ED731FAB94D47,rcpt_b094a3e66f,card,Amex,ICIC,credit,
pay_D26CB387A74A4F,payment,0,142996,146452,INR,2929,527,0,1,1785456000,1785643200,setl_F41276F89E0D44,pay_D26CB387A74A4F,UTR762102765761,order_D7274054EB4A4E,rcpt_85bd86eda9,wallet,,,,
pay_ACB690B885724F,payment,0,22633049,23180099,INR,463602,83448,0,1,1784761200,1784966400,setl_463EF21FF45840,pay_ACB690B885724F,UTR940484454081,order_D7A5EEB7504741,rcpt_ea4d0a2953,card,Visa,ICIC,credit,
pay_206D3D2C19A848,payment,0,165835,169843,INR,3397,611,0,1,1783274400,1783461600,setl_3388172A166B4D,pay_206D3D2C19A848,UTR173073790058,order_F74519E2462341,rcpt_18c7a6a1d3,card,RuPay,UTIB,debit,
pay_959D2A561FC04B,payment,0,112168,114880,INR,2298,414,0,1,1783116000,1783299600,setl_70A1353F42C44C,pay_959D2A561FC04B,UTR311193342517,order_8A9C5668E6C24E,rcpt_29b7a9f6af,upi,,,,
pay_FEF4D3FE5ECF49,payment,0,1233867,1263942,INR,25487,4588,0,1,1785085200,1785294000,setl_B27B70A09BB842,pay_FEF4D3FE5ECF49,UTR313730868520,order_E05F023CE81248,rcpt_11fdb2630a,upi,,,,
pay_74FBE38DADC540,payment,0,186164,190663,INR,3813,686,0,1,1786834800,1787029200,setl_CC21C05668864D,pay_74FBE38DADC540,UTR293358531369,order_5860940DA1594F,rcpt_43a8b24bbd,card,Amex,HDFC,credit,
pay_35BCD2A2159E47,payment,0,208468,213507,INR,4270,769,0,1,1782968400,1783177200,setl_73E42C17BAB946,pay_35BCD2A2159E47,UTR320915681720,order_418E79A303DE46,rcpt_e0a6799149,upi,,,,
pay_CBB8320CEC0D4F,payment,0,51118,52353,INR,1047,188,0,1,1784768400,1784980800,setl_463EF21FF45840,pay_CBB8320CEC0D4F,UTR524686835588,order_D048106D7E584E,rcpt_812286eb3c,upi,,,,
pay_D3105EF8CC6D44,payment,0,95397,97703,INR,1954,352,0,1,1785265200,1785481200,setl_FC6EDD4946DB47,pay_D3105EF8CC6D44,UTR917043504722,order_AAF20A4DAB4242,rcpt_87c9b0f01a,netbanking,,,,
pay_B0C368C59D4749,payment,0,143744,147218,INR,2944,530,0,1,1784880000,1785085200,setl_4D086E650CDE4D,pay_B0C368C59D4749,UTR170207770682,order_9BACDCB2D8B042,rcpt_2987bc2bfc,card,Amex,KKBK,debit,
pay_F7DDC403AB1A4C,payment,0,130560,133716,INR,2674,482,0,1,1785542400,1785801600,setl_4BC7782DCCEE42,pay_F7DDC403AB1A4C,UTR518607829244,order_B4A0CCB2C10743,rcpt_122167a5c6,netbanking,,,,
pay_D9D496AEF2CA42,payment,0,243524,249410,INR,4988,898,0,1,1785564000,1785740400,setl_E6720EEB6C1545,pay_D9D496AEF2CA42,UTR963054388323,order_E493DFE7F2A948,rcpt_b75ce86cc7,upi,,,,
pay_E32595A0B50B4B,payment,0,235295,240983,INR,4820,868,0,1,1785790800,1785963600,setl_B59212048DCF4E,pay_E32595A0B50B4B,UTR546928847567,order_DEAFB3344A2641,rcpt_9e57325817,card,Amex,KKBK,debit,
pay_832F0CB932C445,payment,0,218049,223319,INR,4466,804,0,1,1785740400,1785945600,setl_B59212048DCF4E,pay_832F0CB932C445,UTR142276646303,order_B392724AFF914D,rcpt_86502a1d56,netbanking,,,,
pay_3D6D6734BEA941,payment,0,212631,217929,INR,4490,808,0,1,1785650400,1785826800,setl_4BC7782DCCEE42,pay_3D6D6734BEA941,UTR234631937602,order_453F91AE9B2E4C,rcpt_5fcddfb583,card,MasterCard,KKBK,debit,
pay_434B48B7F9FC4A,payment,0,274615,281252,INR,5625,1012,0,1,1786784400,1786957200,setl_3AEBB3FB29AD46,pay_434B48B7F9FC4A,UTR571744875386,order_D88EA596D75E4F,rcpt_9a4f2aae1d,upi,,,,
pay_3211997E613F42,payment,0,919043,941256,INR,18825,3388,0,1,1785578400,1785790800,setl_E6720EEB6C1545,pay_3211997E613F42,UTR113428417985,order_3C378ABA907546,rcpt_78d55b4e7f,card,MasterCard,HDFC,credit,
pay_A5A5B5AD705941,payment,0,233512,239156,INR,4783,861,0,1,1785542400,1785715200,setl_E6720EEB6C1545,pay_A5A5B5AD705941,UTR929619198705,order_1D3FE4767CE648,rcpt_ad62c0eebc,upi,,,,
pay_A452C390F8CB4E,payment,0,182860,187280,INR,3746,674,0,1,1786474800,1786669200,setl_CC0CF5AEEF7E49,pay_A452C390F8CB4E,UTR380507607616,order_77789CAC78FB48,rcpt_e089cd688e,card,RuPay,SBIN,credit,
pay_36FAC0EECC344B,payment,0,33988,34809,INR,696,125,0,1,1784984400,1785186000,setl_0D0DBBF8BAE648,pay_36FAC0EECC344B,UTR898887250041,order_A912E538397D4D,rcpt_d048c4817b,wallet,,,,
pay_C71C49DA050D44,payment,0,328894,336844,INR,6737,1213,0,1,1785074400,1785290400,setl_B27B70A09BB842,pay_C71C49DA050D44,UTR268228501616,order_B270EB97A81447,rcpt_e68189f4a0,upi,,,,
pay_78545B377DDD41,payment,0,44514,45755,INR,1052,189,0,1,1783033200,1783206000,setl_73E42C17BAB946,pay_78545B377DDD41,UTR111267361132,order_B3E9AC19347D43,rcpt_4e8178b6e5,card,RuPay,SBIN,debit,
pay_1B11FBB799C449,payment,0,711963,729172,INR,14584,2625,0,1,1782864000,1783123200,setl_73E42C17BAB946,pay_1B11FBB799C449,UTR543364543509,order_36C545729E4041,rcpt_e89da87e54,upi,,,,
pay_A3BB6F6603B34A,payment,0,16442,16840,INR,337,61,0,1,1785027600,1785978000,setl_B470DD9938314C,pay_A3BB6F6603B34A,UTR365465609683,order_BAEE854AC7D341,rcpt_193342c0cb,wallet,,,,
pay_2F7889BF09A540,payment,0,35498,35498,INR,0,0,0,1,1784160000,1784332800,setl_12A07E2F40C342,pay_2F7889BF09A540,UTR412107184688,order_A23166CB491D4D,rcpt_e0b0ab356e,card,RuPay,UTIB,debit,
pay_93CCF570BE4F4E,payment,0,1628016,1667365,INR,33347,6002,0,1,1784757600,1784952000,setl_463EF21FF45840,pay_93CCF570BE4F4E,UTR275821190257,order_300918C1220141,rcpt_78903dab4e,card,MasterCard,KKBK,credit,
pay_49DC9BECCF9440,payment,0,151854,155525,INR,3111,560,0,1,1783296000,1783490400,setl_888946A84E3C44,pay_49DC9BECCF9440,UTR216807976386,order_EFD579760B6145,rcpt_07afea7c94,card,Amex,UTIB,credit,
pay_2015AB303F7E49,payment,0,157730,161543,INR,3231,582,0,1,1786464000,1786636800,setl_763973C2998C43,pay_2015AB303F7E49,UTR005409698916,order_7791EBC5443F44,rcpt_f69cf807ee,upi,,,,
pay_EC657FFAC6874F,payment,0,774251,792965,INR,15859,2855,0,1,1785974400,1786147200,setl_98B4CE3E723A4A,pay_EC657FFAC6874F,UTR613795397846,order_2039365175114E,rcpt_4fa7ebca76,upi,,,,
pay_DB87662018CD40,payment,0,69918,71608,INR,1432,258,0,1,1783681200,1783890000,setl_199A1B2F048141,pay_DB87662018CD40,UTR533822315003,order_FD8F253B98AC41,rcpt_61f23d300c,card,Visa,SBIN,credit,
pay_1CC66698E35C4C,payment,0,24151,24735,INR,495,89,0,1,1784548800,1784728800,setl_D2832E923CD742,pay_1CC66698E35C4C,UTR211930661500,order_FE90791FC4A44F,rcpt_197f14fa91,upi,,,,
pay_6D0ECFE8C2274F,payment,0,268800,275297,INR,5506,991,0,1,1784955600,1785168000,setl_0D0DBBF8BAE648,pay_6D0ECFE8C2274F,UTR324371689277,order_C23D4653617F49,rcpt_210dd4c1c9,wallet,,,,
pay_C615BE6D156443,payment,0,1562547,1600314,INR,32006,5761,0,1,1785765600,1785978000,setl_B470DD9938314C,pay_C615BE6D156443,UTR929909387270,oredr_9CEE5706AF4940,rcpt_99b5500497,card,Visa,KKBK,debit,
pay_E1A1DA43C43F4D,payment,0,8787655,₹9000056,INR,180001,32400,0,1,1784851200,1785024000,setl_4D086E650CDE4D,pay_E1A1DA43C43F4D,UTR497294875367,order_391FCB0A93B042,rcpt_8af33bf793,card,MasterCard,UTIB,credit,
pay_67A89237703348,payment,0,216108,221332,INR,4427,797,0,1,1784775600,1784955600,setl_463EF21FF45840,pay_67A89237703348,UTR527961566844,order_65FDAD9AA45246,rcpt_1ffebc0aef,card,RuPay,UTIB,debit,
pay_18EAD644E94F4B,payment,0,184835,189302,INR,3786,681,0,1,1784170800,1784347200,setl_12A07E2F40C342,pay_18EAD644E94F4B,UTR612614193282,order_BF8748D8B1A043,rcpt_ab0ddf0f5a,upi,,,,
pay_660AE583615E41,payment,0,396515,406099,INR,8122,1462,0,1,1786251600,1786438800,setl_7499C4AA34DF4B,pay_660AE583615E41,UTR028797905192,order_AFCD73B31CDA42,rcpt_cbd09c18b1,wallet,,,,
pay_5D0DA014847448,payment,0,2016783,2065530,INR,41311,7436,0,1,1784116800,1784296800,setl_26BEFC47481D4A,pay_5D0DA014847448,UTR613674309810,order_336E1E68810D4F,rcpt_71183b10b3,card,MasterCard,HDFC,debit,
pay_72F3190DA0E449,payment,0,47112,47112,INR,0,0,0,1,1785974400,1786147200,setl_98B4CE3E723A4A,pay_72F3190DA0E449,UTR838134631874,order_40AC9B46B9884C,rcpt_5e2978ba44,card,RuPay,KKBK,debit,
pay_6F48A8F8E54749,payment,0,220243,225566,INR,4511,812,0,1,1785258000,1785776400,setl_E6720EEB6C1545,pay_6F48A8F8E54749,UTR824945107518,order_4EB7471F007044,rcpt_bca08060bc,upi,,,,
pay_182EBD47A2C042,payment,0,168629,172705,INR,3454,622,0,1,1786201200,1786978800,setl_3AEBB3FB29AD46,pay_182EBD47A2C042,UTR820692419660,order_98725215724E4F,rcpt_1dd4c405a9,netbanking,,,,
pay_21A77DFEBF5E4F,payment,0,376297,385392,INR,7708,1387,0,1,1786770000,1786946400,setl_3AEBB3FB29AD46,pay_21A77DFEBF5E4F,UTR255859065801,order_BE283EAC756C4F,rcpt_1edf1959ce,upi,,,,
pay_A929F766EB674A,payment,0,170816,174945,INR,3499,630,0,1,1786262400,1786478400,setl_7499C4AA34DF4B,pay_A929F766EB674A,UTR528735531427,order_E1AA4B03A68B4C,rcpt_5a732ce40d,upi,,,,
pay_B9A82A25D12746,payment,0,17708,18136,INR,363,65,0,1,1786244400,1786453200,setl_7499C4AA34DF4B,pay_B9A82A25D12746,UTR687399909043,order_93B4351BD5DC46,rcpt_8c05a511d8,upi,,,,
pay_547F059D9C514B,payment,0,114077,116835,INR,2337,421,0,1,1783270800,1783962000,setl_7B022C0E9D6C4E,pay_547F059D9C514B,UTR412536100872,order_28E3B67AA6C149,rcpt_1dce4be176,upi,,,,
pay_102973D0AF1D4E,payment,0,285744,292651,INR,5853,1054,0,1,1784512800,1784689200,setl_D2832E923CD742,pay_102973D0AF1D4E,UTR547214501018,order_E8E009B36AF141,rcpt_1cc7f5a2a1,upi,,,,
pay_8877E0A5FBF34F,payment,0,154391,158122,INR,3162,569,0,1,1783278000,1783468800,setl_888946A84E3C44,pay_8877E0A5FBF34F,UTR172580576060,order_1EA629F10C9746,rcpt_d910b1d8b6,card,RuPay,ICIC,credit,
pay_8E1D798F093A45,payment,0,149046,152649,INR,3053,550,0,1,1785078000,1785276000,setl_0A8F8C20576E43,pay_8E1D798F093A45,UTR349136545981,order_913AB5E0C2834D,rcpt_565a9ae610,upi,,,,
pay_FDECFF5F8E3D45,payment,0,622283,622283,INR,0,0,0,1,1785542400,1785715200,setl_E6720EEB6C1545,pay_FDECFF5F8E3D45,UTR889817830284,order_76000C28CE6E46,rcpt_4081aa4f9f,card,Visa,ICIC,credit,
pay_62F3CEF4578D4B,payment,0,964785,988318,INR,19943,3590,0,1,1786579200,1786759200,setl_F2E155DF04C742,pay_62F3CEF4578D4B,UTR032469337138,order_40BDA70DCB6E40,rcpt_5ea33b6b6a,upi,,,,
pay_CF70B45369274D,payment,0,1187520,1216222,INR,24324,4378,0,1,1783080000,1783256400,setl_2ECB28C699C041,pay_CF70B45369274D,UTR166018299811,order_029A7AC625DC40,rcpt_beced79377,upi,,,,
pay_75304445405A43,payment,0,1892316,1938394,INR,39049,7029,0,1,1785841200,1786057200,setl_B470DD9938314C,pay_75304445405A43,UTR351356985103,order_497FB0102F0341,rcpt_4a90bc8712,upi,,,,
pay_2F7BF172247A47,payment,0,27105,27760,INR,555,100,0,1,1785222000,1785402000,setl_6E19EA2B392F44,pay_2F7BF172247A47,UTR280396672943,order_FB396FC3AB5F47,rcpt_393f4a7312,upi,,,,
pay_5C3F1E1CD89A42,payment,0,54276,55588,INR,1112,200,0,1,1785801600,1786060800,setl_8D69EC8704F741,pay_5C3F1E1CD89A42,UTR011500623726,order_C5A9F1FC7FFF4A,rcpt_b35ee85dd1,card,Visa,UTIB,debit,
pay_75C7078E223347,payment,0,1402551,1436730,INR,28965,5214,0,1,1783018800,1783224000,setl_2ECB28C699C041,pay_75C7078E223347,UTR840823143590,order_E661E78137764F,rcpt_440d9d5904,upi,,,,
pay_927A6532F38442,payment,0,903293,925127,INR,18503,3331,0,1,1786492800,1786694400,setl_CC0CF5AEEF7E49,pay_927A6532F38442,UTR537688390476,order_A4F075DA8F294B,rcpt_c8e5259b9a,wallet,,,,
pay_5F3BE58AC6BC40,payment,0,949017,971955,INR,19439,3499,0,1,1786561200,1786762800,setl_F2E155DF04C742,pay_5F3BE58AC6BC40,UTR852459380318,order_63FE9B6E5E3C41,rcpt_6f9fce3237,card,Amex,ICIC,debit,
pay_3E0720658D1946,payment,0,188711,193272,INR,3865,696,0,1,1784102400,1784793600,setl_89BEF1B456534C,pay_3E0720658D1946,UTR590908866770,order_EF09865B03594F,rcpt_54a1193930,card,Visa,HDFC,credit,
pay_3D0F6D7FC76D40,payment,0,26566,27208,INR,544,98,0,1,1786546800,1786719600,setl_CC0CF5AEEF7E49,pay_3D0F6D7FC76D40,UTR669495012580,order_22A07021B6F64F,rcpt_e5058526ac,card,Amex,UTIB,credit,
pay_C71C49DA050D44,payment,0,328894,336844,INR,6737,1213,0,1,1785074400,1785290400,setl_B27B70A09BB842,pay_C71C49DA050D44,UTR268228501616,order_B270EB97A81447,rcpt_ccbb60f47c,upi,,,,
pay_A88F4DE07EB544,payment,0,116059,118642,INR,2189,394,0,1,1783486800,1783688400,setl_01DD4F9BC26841,pay_A88F4DE07EB544,UTR405561220331,order_2C4C2371D8FE4F,rcpt_f79b821a31,upi,,,,
pay_E974FC2CBEA646,payment,0,54567,55886,INR,1118,201,0,1,1784109600,1784318400,setl_26BEFC47481D4A,pay_E974FC2CBEA646,UTR535311411786,order_C52DF22ADAD74C,rcpt_eb74318a01,card,Amex,HDFC,debit,
pay_247F4B23C0CD41,payment,0,291789,298842,INR,5977,1076,0,1,1785369600,1785556800,setl_9C0EA57E3BAC47,pay_247F4B23C0CD41,UTR034080541121,order_00F1A4C2BC6246,rcpt_39126b5a84,upi,,,,
pay_4A032D34924540,payment,0,94551,97094,INR,2155,388,0,1,1784476800,1784656800,setl_0E41B5F1014843,pay_4A032D34924540,UTR440858552599,order_C2DC996C17EE44,rcpt_8c167a526c,card,Amex,SBIN,credit,
pay_878866A25E884C,payment,0,271437,277998,INR,5560,1001,0,1,1784998800,1785189600,setl_0D0DBBF8BAE648,pay_878866A25E884C,UTR239595817244,order_D2A03715E6ED44,rcpt_c4fd24874c,wallet,,,,
pay_2C6FF0B1D29243,payment,0,1349402,₹1382017,INR,27640,4975,0,1,1782864000,1783036800,setl_6D5CBCA99C064A,pay_2C6FF0B1D29243,UTR845850263242,order_08C86D85C4E14A,rcpt_15033fa2f9,card,Amex,SBIN,credit,
pay_65E37C1FC3ED49,payment,0,33446,34254,INR,685,123,0,1,1786413600,1787191200,setl_921A7E74C47A4E,pay_65E37C1FC3ED49,UTR616936190247,order_D198885727864A,rcpt_d1271b77a8,card,Visa,SBIN,credit,
pay_E1814315B29048,payment,0,79880,81810,INR,1636,294,0,1,1783126800,1783335600,setl_70A1353F42C44C,pay_E1814315B29048,UTR100916903491,order_40AB7F81431A4D,rcpt_ba3d7e9007,card,MasterCard,UTIB,debit,
pay_1D82F2BBD6E34D,payment,0,37045,37941,INR,759,137,0,1,1786381200,1786572000,setl_5FA3E2AE37894D,pay_1D82F2BBD6E34D,UTR780918576244,order_68909E85768E40,rcpt_ff000c6eff,card,Visa,SBIN,credit,
pay_551929A373FB42,payment,0,242841,248710,INR,4974,895,0,1,1783166400,1783382400,setl_3388172A166B4D,pay_551929A373FB42,UTR044399779677,order_6661503361B747,rcpt_fef297122c,upi,,,,
pay_CCE4FEC4F95D48,payment,0,125233,128260,INR,2565,462,0,1,1784041200,1784257200,setl_26BEFC47481D4A,pay_CCE4FEC4F95D48,UTR896644174502,order_B15EA581897941,rcpt_2da3dcb73b,card,MasterCard,ICIC,credit,
pay_E9D5DBE1B60B4C,payment,0,1097817,1124352,INR,22487,4048,0,1,1786813200,1786993200,setl_3AEBB3FB29AD46,pay_E9D5DBE1B60B4C,UTR439536903530,order_3381587FE95C44,rcpt_1fab771ce1,wallet,,,,
pay_758542DFD80844,payment,0,274930,281575,INR,5631,1014,0,1,1785330000,1785520800,setl_FC6EDD4946DB47,pay_758542DFD80844,UTR586552727766,order_897ED6952C984A,rcpt_1ebb90eee8,card,Visa,UTIB,credit,
pay_160E38E1F0564B,payment,0,227644,233146,INR,4663,839,0,1,1783270800,1783479600,setl_888946A84E3C44,pay_160E38E1F0564B,UTR968470395586,order_2EDC290F28864A,rcpt_4cb31e9dd0,card,MasterCard,KKBK,debit,
pay_587D0FC40DA04C,payment,0,13143,13143,INR,0,0,0,1,1782864000,1783036800,setl_6D5CBCA99C064A,pay_587D0FC40DA04C,UTR140306213120,order_BA394F135A1547,rcpt_d889b5e57b,upi,,,,
pay_A7A13A60096B47,payment,0,142310,145750,INR,2915,525,0,1,1784865600,1785070800,setl_4D086E650CDE4D,pay_A7A13A60096B47,UTR462876161091,order_78C8BE6DD80847,rcpt_673773d0f9,card,MasterCard,ICIC,debit,
pay_42FB1508E8FD49,payment,0,148573,152211,INR,3083,555,0,1,1784696400,1784880000,setl_FFFF9FE63E7F4D,pay_42FB1508E8FD49,UTR534422577660,order_B20E5BD2F1D046,rcpt_eea7ad3f18,upi,,,,
pay_B2A4B7F29FBB44,payment,0,1823232,1867300,INR,37346,6722,0,1,1784178000,1784379600,setl_12A07E2F40C342,pay_B2A4B7F29FBB44,UTR528921708750,order_D9A7955833EC43,rcpt_fc80c09085,card,Visa,HDFC,credit,
pay_E62703DDC67E40,payment,0,786463,805472,INR,16109,2900,0,1,1784714400,1784898000,setl_FFFF9FE63E7F4D,pay_E62703DDC67E40,UTR225241893008,order_574E7807FB534C,rcpt_dbcc31f868,card,MasterCard,UTIB,debit,
pay_98AD01D7CAC049,payment,0,219618,224927,INR,4499,810,0,1,1785697200,1785870000,setl_4BC7782DCCEE42,pay_98AD01D7CAC049,UTR175772589071,order_035C5AB19FBB4A,rcpt_b48d724018,card,Visa,HDFC,debit,
pay_4EFE5FF8EFC144,payment,0,264132,270516,INR,5410,974,0,1,1786550400,1786741200,setl_CC0CF5AEEF7E49,pay_4EFE5FF8EFC144,UTR390443978393,order_0961DF95D92E49,rcpt_6bd7efd2fe,upi,,,,
pay_76168AF34F7C4F,payment,0,1737985,1779993,INR,35600,6408,0,1,1786680000,1786856400,setl_B2547F4DD47943,pay_76168AF34F7C4F,UTR038717276990,order_4B36FAAE2DF345,rcpt_cfc5af1048,upi,,,,
pay_AA68CED9DD7D4F,payment,0,279624,₹286383,INR,5728,1031,0,1,1783987200,1784160000,setl_BD87F397A26D43,pay_AA68CED9DD7D4F,UTR377488177982,order_56C188A02A0F4A,rcpt_189392000b,upi,,,,
pay_FDC8541E9E1A4D,payment,0,70049,71742,INR,1435,258,0,1,1784577600,1784775600,setl_89BEF1B456534C,pay_FDC8541E9E1A4D,UTR760557427358,order_AD01BD26A2C84A,rcpt_57be5d2031,card,Visa,ICIC,debit,
pay_DE0EC9322FB941,payment,0,179818,184164,INR,3683,663,0,1,1783486800,1784178000,setl_BD87F397A26D43,pay_DE0EC9322FB941,UTR363705054094,order_6201F220F3DB4F,rcpt_5fa7cde46d,upi,,,,
pay_1CC66698E35C4C,payment,0,24151,24735,INR,495,89,0,1,1784548800,1784728800,setl_D2832E923CD742,pay_1CC66698E35C4C,UTR211930661500,order_FE90791FC4A44F,rcpt_ff4f0bc7bc,upi,,,,
pay_BE0F4C1A28554C,payment,0,269689,276207,INR,5524,994,0,1,1785344400,1785535200,setl_FC6EDD4946DB47,pay_BE0F4C1A28554C,UTR340590065198,order_99593FB33D8847,rcpt_5d9da89e25,card,RuPay,ICIC,debit,
pay_61C975CE012A48,payment,0,185734,₹190223,INR,3804,685,0,1,1786060800,1786233600,setl_A79770F9F69A43,pay_61C975CE012A48,UTR100490176171,order_C4E511A907AB4E,rcpt_817dcbf830,card,RuPay,HDFC,credit,
pay_30145A63BF424F,payment,0,23486,24054,INR,481,87,0,1,1785708000,1785880800,setl_4BC7782DCCEE42,pay_30145A63BF424F,UTR742192613663,order_C813280829BE47,rcpt_d245736cc6,card,RuPay,UTIB,debit,
pay_FFD3F428FD024A,payment,0,144184,147669,INR,2953,532,0,1,1785121200,1785322800,setl_B27B70A09BB842,pay_FFD3F428FD024A,UTR163059548672,order_D6852682C1DF48,rcpt_d75893fcc5,card,Visa,UTIB,credit,
pay_FFCA49FECE264E,payment,0,45835,46943,INR,939,169,0,1,1785589200,1785776400,setl_E6720EEB6C1545,pay_FFCA49FECE264E,UTR180356282789,order_8C38A49B0F7C43,rcpt_38d73cf404,card,MasterCard,SBIN,credit,
pay_2718F4C0C3DD4C,payment,0,127835,130925,INR,2619,471,0,1,1786363200,1786543200,setl_5FA3E2AE37894D,pay_2718F4C0C3DD4C,UTR862402741844,order_71CD6770E48D4F,rcpt_3fecb4535c,upi,,,,
pay_973EB9DB3FEE41,payment,0,274277,280906,INR,5618,1011,0,1,1784682000,1784862000,setl_FFFF9FE63E7F4D,pay_973EB9DB3FEE41,UTR743133843992,order_958465C7CC6E4D,rcpt_dcb2bf1316,wallet,,,,
pay_76A5B17F1D834D,payment,0,118351,121211,INR,2424,436,0,1,1784260800,1784437200,setl_5F1DDEA0EE6C46,pay_76A5B17F1D834D,UTR808405935326,order_63C35C7C5F4648,rcpt_ea2d87f42a,upi,,,,
pay_41159AA1FF194A,payment,0,147194,150752,INR,3015,543,0,1,1783494000,1783699200,setl_01DD4F9BC26841,pay_41159AA1FF194A,UTR346819342098,order_3A769D9EC58744,rcpt_cbdca38d68,card,MasterCard,UTIB,credit,
pay_81CECEBBEF0E46,payment,0,38259,39184,INR,784,141,0,1,1785931200,1786111200,setl_8D69EC8704F741,pay_81CECEBBEF0E46,UTR472655181942,order_89AE38306E7343,rcpt_2b9258b58d,upi,,,,
pay_1772FE671E3D4E,payment,0,111858,114561,INR,2291,412,0,1,1786244400,1786460400,setl_7499C4AA34DF4B,pay_1772FE671E3D4E,UTR180951514082,order_D0EC5B937D3246,rcpt_b43c243c65,card,Visa,SBIN,credit,
pay_613BF339219741,payment,0,16975635,17385943,INR,347719,62589,0,1,1784595600,1784793600,setl_89BEF1B456534C,pay_613BF339219741,UTR455530300998,order_BBDC22ED63BF4D,rcpt_ce400b9530,card,Visa,UTIB,credit,
pay_75F317056C624A,payment,0,901640,923433,INR,18469,3324,0,1,1785290400,1785466800,setl_FC6EDD4946DB47,pay_75F317056C624A,UTR634530312082,order_69770FD11D2446,rcpt_0aa6619374,netbanking,,,,
pay_2EBE948A71F34E,payment,0,238375,244137,INR,4883,879,0,1,1785060000,1786183200,setl_98B4CE3E723A4A,pay_2EBE948A71F34E,UTR411603138616,order_7611A96AE5554D,rcpt_885efdcf7d,netbanking,,,,
pay_882A5E33897540,payment,0,285852,292761,INR,5855,1054,0,1,1783234800,1783447200,setl_3388172A166B4D,pay_882A5E33897540,UTR862582970729,order_0DB5E146250C48,rcpt_faa97dd378,upi,,,,
pay_D99BBBE1E71B48,payment,0,70687,72396,INR,1448,261,0,1,1785675600,1785880800,setl_4BC7782DCCEE42,pay_D99BBBE1E71B48,UTR242103258949,order_316B718B288546,rcpt_764b1bcd21,upi,,,,
pay_EA66FF51B9AD41,payment,0,86350,88437,INR,1769,318,0,1,1785283200,1785492000,setl_FC6EDD4946DB47,pay_EA66FF51B9AD41,UTR073310411585,orderD_47D969F7A6E4B,rcpt_f377d5c67d,upi,,,,
pay_DC06F1D9C1984B,payment,0,159361,163213,INR,3264,588,0,1,1783206000,1784070000,setl_72CD3C6DA52049,pay_DC06F1D9C1984B,UTR281021801667,order_6A439F537A4349,rcpt_530d3da314,card,Visa,UTIB,credit,
pay_1DDF609AA9D148,payment,0,3140679,3216591,INR,64332,11580,0,1,1784671200,1784872800,setl_FFFF9FE63E7F4D,pay_1DDF609AA9D148,UTR770250322413,order_E60B7977251F4E,rcpt_6fc7316823,card,MasterCard,ICIC,debit,
pay_FEB39112DEF94C,payment,0,88345,90481,INR,1810,326,0,1,1784887200,1785067200,setl_4D086E650CDE4D,pay_FEB39112DEF94C,UTR454365180269,order_0F8093C1612B47,rcpt_88513f82e4,card,RuPay,HDFC,debit,
pay_08BED9CEA2414D,payment,0,1140521,1168088,INR,23362,4205,0,1,1786528800,1786719600,setl_CC0CF5AEEF7E49,pay_08BED9CEA2414D,UTR103729939710,order_45F8B2CF3D7E4D,rcpt_5fc69e5aef,card,MasterCard,UTIB,debit,
pay_F7A2BD87668A4E,payment,0,89947,92121,INR,1842,332,0,1,1785715200,1785974400,setl_B470DD9938314C,pay_F7A2BD87668A4E,UTR321746614885,order_48DE2004A8EE4B,rcpt_623b6602f7,card,Amex,ICIC,credit,
pay_575B92272D004C,payment,0,275602,282263,INR,5645,1016,0,1,1783706400,1783900800,setl_7B022C0E9D6C4E,pay_575B92272D004C,UTR698787606611,order_6187F4CD4F5C48,rcpt_700079082e,card,MasterCard,SBIN,debit,
pay_71A9A1D7640240,payment,0,2351314,2408146,INR,48163,8669,0,1,1786748400,1786928400,setl_3AEBB3FB29AD46,pay_71A9A1D7640240,UTR519983235436,order_30C64BDDF17F4A,rcpt_b6a72ee96e,card,RuPay,UTIB,credit,
pay_9BB30F26D82D42,payment,0,109141,111779,INR,2236,402,0,1,1784332800,1784505600,setl_25C6DD671D6E4A,pay_9BB30F26D82D42,UTR927271924806,order_CB3435531A7E41,rcpt_b6eebe878f,card,Amex,SBIN,debit,
pay_8E134FF304E641,payment,0,3325173,3405544,INR,68111,12260,0,1,1783288800,1784152800,setl_8FCBDEFEAEB945,pay_8E134FF304E641,UTR958840404622,order_A7CFED6752414C,rcpt_44e4ac12a9,card,Amex,HDFC,credit,
pay_50DAA00BF7264F,payment,0,21412411,21929958,INR,438599,78948,0,1,1784023200,1784228400,setl_BD87F397A26D43,pay_50DAA00BF7264F,UTR713899090568,order_FEA087E180774F,rcpt_5a8a06eb17,card,Visa,UTIB,credit,
pay_D02FF5C97BE742,payment,0,142963,146418,INR,2928,527,0,1,1783670400,1783872000,setl_199A1B2F048141,pay_D02FF5C97BE742,UTR182657597113,order_FAFD8E40BA274F,rcpt_069d0ceecb,card,RuPay,UTIB,credit,
pay_1C55F7AF08E841,payment,0,16322,16716,INR,334,60,0,1,1784696400,1784869200,setl_FFFF9FE63E7F4D,pay_1C55F7AF08E841,UTR567564902423,order_C89AD3D2CE094B,rcpt_6ec07fff95,card,Amex,SBIN,credit,
pay_730F45DCB4FB46,payment,0,460781,471918,INR,9438,1699,0,1,1784534400,1784736000,setl_D2832E923CD742,pay_730F45DCB4FB46,UTR124006059902,order_164ED685B65049,rcpt_ffb4987855,card,MasterCard,ICIC,debit,
pay_65F1BF367C3046,payment,0,124816,127833,INR,2557,460,0,1,1785618000,1785819600,setl_4BC7782DCCEE42,pay_65F1BF367C3046,UTR354876978123,order_AA3B30048FBF42,rcpt_c602b48b2e,netbanking,,,,
pay_FD13445D85DA4E,payment,0,235067,240749,INR,4815,867,0,1,1784833200,1785045600,setl_4D086E650CDE4D,pay_FD13445D85DA4E,UTR184108670947,order_CE8A56E7D71245,rcpt_6557865a0d,upi,,,,
pay_49507962A74940,payment,0,705457,722508,INR,14450,2601,0,1,1785268800,1785484800,setl_FC6EDD4946DB47,pay_49507962A74940,UTR268363347076,order_AC28D225D38D4E,rcpt_8a8e1db6e3,card,Amex,HDFC,debit,
pay_19CCA11A48C34F,payment,0,199802,204632,INR,4093,737,0,1,1783645200,1783836000,setl_199A1B2F048141,pay_19CCA11A48C34F,UTR953154541256,order_7386CD4F9E3C44,rcpt_c5866e7689,upi,,,,
pay_70F353E03AD848,payment,0,175167,179401,INR,3588,646,0,1,1786140000,1786316400,setl_A79770F9F69A43,pay_70F353E03AD848,UTR678535663079,order_11F2D1963D6847,rcpt_bb260a9eb2,upi,,,,
pay_EDECF1E5EF544A,payment,0,823683,843592,INR,16872,3037,0,1,1785351600,1785531600,setl_FC6EDD4946DB47,pay_EDECF1E5EF544A,UTR389267800052,order_CE51D08DE1E04D,rcpt_f1782c4a8a,card,Visa,SBIN,debit,
pay_A82D3475A4EA44,payment,0,9650383,9883748,INR,197767,35598,0,1,1784296800,1784505600,setl_25C6DD671D6E4A,pay_A82D3475A4EA44,UTR471040799216,order_FAB88C6A915645,rcpt_4f55f6b77d,card,MasterCard,ICIC,credit,
pay_8C8D5088D74145,payment,0,30279,31011,INR,620,112,0,1,1785247200,1785427200,setl_6E19EA2B392F44,pay_8C8D5088D74145,UTR807448163899,order_26A2E038511647,rcpt_18a49af396,card,Visa,HDFC,credit,
pay_7593E339232F46,payment,0,2425332,2483953,INR,49679,8942,0,1,1783555200,1783728000,setl_54B3A0D13FC846,pay_7593E339232F46,UTR546554773123,order_95FD6BE0071445,rcpt_161977db06,netbanking,,,,
pay_C4E749BB82794A,payment,0,45380,46477,INR,930,167,0,1,1786107600,1786305600,setl_A79770F9F69A43,pay_C4E749BB82794A,UTR171982191811,order_D75E0375D83D43,rcpt_57f6867249,card,Visa,SBIN,debit,
pay_B4D16DD4B70349,payment,0,14030,14369,INR,287,52,0,1,1786593600,1786791600,setl_F2E155DF04C742,pay_B4D16DD4B70349,UTR684903492940,order_7ED4EB9DA20B41,rcpt_10bd712f4b,netbanking,,,,
pay_AA7235596B1346,payment,0,462509,473689,INR,9474,1706,0,1,1783036800,1783296000,setl_70A1353F42C44C,pay_AA7235596B1346,UTR476044415181,order_36EF2BB9D3A34D,rcpt_9362ea67dd,upi,,,,
pay_33E9DEB2C49948,payment,0,147748,151319,INR,3026,545,0,1,1784473200,1784660400,setl_0E41B5F1014843,pay_33E9DEB2C49948,UTR661882920585,oredr_20798F0C4B1D42,rcpt_76e8f17f7e,upi,,,,
pay_ECE1B77179644D,payment,0,15959126,16344864,INR,326897,58841,0,1,1784505600,1784721600,setl_D2832E923CD742,pay_ECE1B77179644D,UTR761806706656,order_CD683F3ED10D48,rcpt_4a03fe0bce,upi,,,,
pay_D64D2AEB295A4D,payment,0,23895,24472,INR,489,88,0,1,1783342800,1783555200,setl_DD4E15A737FB4C,pay_D64D2AEB295A4D,UTR799278554157,order_8A6E2AC8C67848,rcpt_5da705083b,card,RuPay,UTIB,debit,
pay_2176037A10CB46,payment,0,32410,33194,INR,664,120,0,1,1785571200,1785776400,setl_E6720EEB6C1545,pay_2176037A10CB46,UTR324631599528,order_D809EFB0CA4145,rcpt_dd77dab1c3,card,Amex,SBIN,credit,
pay_2C0551ACD75E40,payment,0,129043,132162,INR,2643,476,0,1,1786744800,1786942800,setl_3AEBB3FB29AD46,pay_2C0551ACD75E40,UTR671082893635,order_5019BFD71A7541,rcpt_20e1b5fb00,card,RuPay,SBIN,debit,
pay_E45E75E1551C48,payment,0,236835,242559,INR,4851,873,0,1,1783382400,1783555200,setl_DD4E15A737FB4C,pay_E45E75E1551C48,UTR709892070446,order_0F3D580486364E,rcpt_1365055622,upi,,,,
pay_B31E98A934BC4A,payment,0,194635,199340,INR,3987,718,0,1,1785369600,1785542400,setl_9C0EA57E3BAC47,pay_B31E98A934BC4A,UTR581696544776,order_CEF70AA862994D,rcpt_5cf1824295,card,RuPay,SBIN,debit,
pay_2CFFACF148A140,payment,0,277337,284041,INR,5681,1023,0,1,1786222800,1786435200,setl_7499C4AA34DF4B,pay_2CFFACF148A140,UTR637297939738,order_34F311AC5FEB46,rcpt_1fedf0c2c1,upi,,,,
pay_6607D51877F74F,payment,0,11917854,12205913,INR,244118,43941,0,1,1786366800,1786572000,setl_5FA3E2AE37894D,pay_6607D51877F74F,UTR050379886117,order_069F0B94C73A4A,rcpt_7e89f58eb0,upi,,,,
pay_27CD71E749B849,payment,0,67145,68768,INR,1375,248,0,1,1785024000,1785196800,setl_0A8F8C20576E43,pay_27CD71E749B849,UTR027931931944,order_BD571518C3494C,rcpt_461c9becef,card,Amex,SBIN,debit,
pay_0B198B0D60FA4D,payment,0,2375757,2433181,INR,48664,8760,0,1,1784962800,1785171600,setl_0D0DBBF8BAE648,pay_0B198B0D60FA4D,UTR198192493027,order_943B41A79B724C,rcpt_2d2fb25618,upi,,,,
pay_1FEBAC6AF4F846,payment,0,44427,45501,INR,910,164,0,1,1784764800,1785024000,setl_4D086E650CDE4D,pay_1FEBAC6AF4F846,UTR203496389033,order_8E298868773349,rcpt_8e01ef63af,card,RuPay,SBIN,credit,
pay_2E71CD3655FA48,payment,0,135998,139285,INR,2786,501,0,1,1783314000,1783508400,setl_888946A84E3C44,pay_2E71CD3655FA48,UTR867232563492,order_7A78841D1E204E,rcpt_5c077806e3,upi,,,,
pay_06250CE9B79B42,payment,0,1597005,1635605,INR,32712,5888,0,1,1783969200,1784152800,setl_8FCBDEFEAEB945,pay_06250CE9B79B42,UTR868145717841,order_9C85F96534E24C,rcpt_440143e828,netbanking,,,,
pay_365979D45E8448,payment,0,105612,108164,INR,2163,389,0,1,1785070800,1785261600,setl_0A8F8C20576E43,pay_365979D45E8448,UTR406078393827,order_6C4E6C5A82104C,rcpt_81e2d64876,upi,,,,
pay_8915D5116E5441,payment,0,256777,263031,INR,5300,954,0,1,1786230000,1786435200,setl_7499C4AA34DF4B,pay_8915D5116E5441,UTR985672237350,order_101668CBC18E47,rcpt_c9facb3466,netbanking,,,,
pay_C3ABD50A0ABB49,payment,0,124775,127791,INR,2556,460,0,1,1785196800,1785369600,setl_6E19EA2B392F44,pay_C3ABD50A0ABB49,UTR263079518088,order_ED96464A2E3B47,rcpt_891ea3a6e3,wallet,,,,
pay_26F05796D9264F,payment,0,1890628,1936326,INR,38727,6971,0,1,1783623600,1783807200,setl_54B3A0D13FC846,pay_26F05796D9264F,UTR810329067983,order_668D826A918C4A,rcpt_6dddb6fc47,card,Visa,SBIN,debit,
pay_697C77E8095B4A,payment,0,828121,848136,INR,16962,3053,0,1,1785110400,1785369600,setl_6E19EA2B392F44,pay_697C77E8095B4A,UTR548363804644,order_2DF8880B779541,rcpt_155873864d,upi,,,,
pay_6D51C3197D4443,payment,0,24323137,24911038,INR,498221,89680,0,1,1785376800,1785560400,setl_9C0EA57E3BAC47,pay_6D51C3197D4443,UTR833377273662,order_0E0D17CAFB8547,rcpt_71f31c1667,upi,,,,
pay_A46B506CD9084C,payment,0,39838,40801,INR,816,147,0,1,1783504800,1783681200,setl_01DD4F9BC26841,pay_A46B506CD9084C,UTR343806598488,order_955894A98DBC4C,rcpt_8d269b3002,card,MasterCard,UTIB,debit,
pay_EB7652B08DCE4F,payment,0,1669198,₹1709543,INR,34191,6154,0,1,1786320000,1786492800,setl_5FA3E2AE37894D,pay_EB7652B08DCE4F,UTR307688396009,order_F9BD49F55BF048,rcpt_049fd06f9c,card,RuPay,UTIB,credit,
pay_65BBC5CE55E34C,payment,0,2855768,2924793,INR,58496,10529,0,1,1784678400,1784851200,setl_FFFF9FE63E7F4D,pay_65BBC5CE55E34C,UTR762177571899,order_12C1E972B6774D,rcpt_bf418eb395,upi,,,,
pay_42BC63DE182740,payment,0,254708,260864,INR,5217,939,0,1,1785870000,1786078800,setl_8D69EC8704F741,pay_42BC63DE182740,UTR885352648608,order_0E6B1A43E3E04A,rcpt_2e45a6814b,netbanking,,,,
pay_94FCFEDBDF684E,payment,0,9769,10005,INR,200,36,0,1,1783227600,1783436400,setl_3388172A166B4D,pay_94FCFEDBDF684E,UTR254932609532,order_D3E1B6EDB95041,rcpt_19d975d5be,wallet,,,,
pay_7CCF4CACDD3741,payment,0,76901,78759,INR,1575,283,0,1,1784754000,1784959200,setl_463EF21FF45840,pay_7CCF4CACDD3741,UTR772634180999,order_07956227203047,rcpt_21241677b5,upi,,,,
pay_3E34A24681C548,payment,0,145829,149354,INR,2987,538,0,1,1784545200,1784732400,setl_D2832E923CD742,pay_3E34A24681C548,UTR860578483683,order_C8DCF00581F346,rcpt_2cad8de5a9,card,MasterCard,ICIC,credit,
pay_E3E8F3166C3A42,payment,0,2226568,2280385,INR,45608,8209,0,1,1784959200,1785150000,setl_0D0DBBF8BAE648,pay_E3E8F3166C3A42,UTR498616115574,order_1794E5CDEFF14C,rcpt_02b6856d2f,netbanking,,,,
pay_A56C9E3C3C2E4C,payment,0,92450,94685,INR,1894,341,0,1,1786536000,1786744800,setl_CC0CF5AEEF7E49,pay_A56C9E3C3C2E4C,UTR532469915119,order_F8C13F24D2094B,rcpt_035d9f461d,card,RuPay,HDFC,debit,
pay_35C7FAE0596844,payment,0,2580970,2643610,INR,53085,9555,0,1,1786017600,1786226400,setl_98B4CE3E723A4A,pay_35C7FAE0596844,UTR758559313227,order_9F5F560202F847,rcpt_89deedff69,card,MasterCard,SBIN,debit,
pay_BBA25D463B6A4B,payment,0,216016,221237,INR,4425,796,0,1,1786752000,1786924800,setl_3AEBB3FB29AD46,pay_BBA25D463B6A4B,UTR744493477121,order_194BBEF77B9B49,rcpt_04042f4547,card,Amex,HDFC,debit,
pay_F72592044A304C,payment,0,2161555,2213801,INR,44276,7970,0,1,1782997200,1783195200,setl_73E42C17BAB946,pay_F72592044A304C,UTR592768745073,order_0B671DB4231548,rcpt_e0ee489ed8,upi,,,,
pay_47E9C41EA0AF47,payment,0,3663565,3752115,INR,75042,13508,0,1,1783987200,1784160000,setl_BD87F397A26D43,pay_47E9C41EA0AF47,UTR239068510612,order_20EBCB0F8D2A4D,rcpt_2a45535a44,upi,,,,
pay_FADC9D77C1E44B,payment,0,81148,83109,INR,1662,299,0,1,1783508400,1783710000,setl_01DD4F9BC26841,pay_FADC9D77C1E44B,UTR001190687588,ordre_7FADB88A975342,rcpt_b04b22421e,card,MasterCard,ICIC,credit,
pay_15DF75751C3246,payment,0,192563,197217,INR,3944,710,0,1,1786132800,1786305600,setl_A79770F9F69A43,pay_15DF75751C3246,UTR389792760238,order_CE2C222DDFFB43,rcpt_495a20da49,card,Amex,HDFC,debit,
pay_59CABC9462804E,payment,0,297420,304780,INR,6237,1123,0,1,1786438800,1786647600,setl_763973C2998C43,pay_59CABC9462804E,UTR543127976419,order_93CF007345AC45,rcpt_5c753d1513,card,Amex,KKBK,credit,
pay_7DBAC73361D94D,payment,0,82334,84324,INR,1686,304,0,1,1784505600,1784764800,setl_89BEF1B456534C,pay_7DBAC73361D94D,UTR532380012828,order_BCB0132D8EFA45,rcpt_2a6b2046cd,upi,,,,
pay_ECAAD69C4B884E,payment,0,113785,116536,INR,2331,420,0,1,1785560400,1785758400,setl_E6720EEB6C1545,pay_ECAAD69C4B884E,UTR736196789597,order_EFB6FD47325F4A,rcpt_1b8a74fba6,card,Visa,KKBK,debit,
pay_1A61EBC1CDEE45,payment,0,279631,286390,INR,5728,1031,0,1,1783670400,1783854000,setl_199A1B2F048141,pay_1A61EBC1CDEE45,UTR631028053649,order_035794A73A0143,rcpt_b88c1be70d,upi,,,,
pay_02527AD4E62E49,payment,0,278610,285344,INR,5707,1027,0,1,1784469600,1784653200,setl_0E41B5F1014843,pay_02527AD4E62E49,UTR702415732793,order_F0B8892697924E,rcpt_c19bc70ddc,upi,,,,
pay_0AC55B49F24D4F,payment,0,54080,55387,INR,1108,199,0,1,1785016800,1785222000,setl_0A8F8C20576E43,pay_0AC55B49F24D4F,UTR518317393217,order_C580DD22710A48,rcpt_0a3aa88f84,upi,,,,
pay_586377DF5EF546,payment,0,147947,151522,INR,3030,545,0,1,1786222800,1786399200,setl_7A46368D2FA045,pay_586377DF5EF546,UTR173388345238,order_474D86446A7242,rcpt_4737e96402,upi,,,,
pay_E68E383F29B144,payment,0,13905616,14241720,INR,284834,51270,0,1,1784818800,1785423600,setl_6E19EA2B392F44,pay_E68E383F29B144,UTR538865391081,order_043CFF47312C45,rcpt_e78454961f,upi,,,,
pay_171AFE45FBD942,payment,0,154733,158472,INR,3169,570,0,1,1785661200,1785870000,setl_4BC7782DCCEE42,pay_171AFE45FBD942,UTR610641286770,order_C1756818154142,rcpt_01bfcb051b,card,RuPay,SBIN,debit,
pay_D9C54BC8019B42,payment,0,265945,272372,INR,5447,980,0,1,1785715200,1785888000,setl_B59212048DCF4E,pay_D9C54BC8019B42,UTR477798927873,order_4D4C91892FF94A,rcpt_fdfdf6c4be,upi,,,,
pay_1A3BD458C2404F,payment,0,108616,111241,INR,2225,400,0,1,1786784400,1787821200,setl_455BF7FF35AE48,pay_1A3BD458C2404F,UTR087006615475,order_597F8771F7FA43,rcpt_e37d48cb80,card,Amex,HDFC,debit,
pay_565DDE503E6148,payment,0,251603,257685,INR,5154,928,0,1,1784451600,1784642400,setl_0E41B5F1014843,pay_565DDE503E6148,UTR830858859524,order_C20F6D0D765743,rcpt_2a97f3e531,card,Visa,HDFC,debit,
pay_85662F2867A64D,payment,0,263704,270078,INR,5402,972,0,1,1783987200,1784160000,setl_BD87F397A26D43,pay_85662F2867A64D,UTR740319412569,order_F0F5C71F4CB447,rcpt_2697cd0128,card,MasterCard,HDFC,debit,
pay_7F8DA6C9091348,payment,0,33496,34306,INR,686,124,0,1,1783382400,1783555200,setl_DD4E15A737FB4C,pay_7F8DA6C9091348,UTR799991660091,order_BB82C405765F43,rcpt_7fcd2a2b4c,upi,,,,
pay_0CDF5C7F9EA64A,payment,0,180495,184857,INR,3697,665,0,1,1783184400,1783375200,setl_70A1353F42C44C,pay_0CDF5C7F9EA64A,UTR545410912183,order_1AF3605B1C9A4A,rcpt_dda5a375a0,card,RuPay,ICIC,debit,
pay_33F0464FBC4943,payment,0,1476517,1512023,INR,30090,5416,0,1,1783148400,1783335600,setl_70A1353F42C44C,pay_33F0464FBC4943,UTR171396309067,order_ED982CC4474849,rcpt_e3821bc312,card,Amex,HDFC,credit,
pay_4A1ECDC9C3CA48,payment,0,63034,64557,INR,1291,232,0,1,1785081600,1785261600,setl_0A8F8C20576E43,pay_4A1ECDC9C3CA48,UTR414343320356,order_BFD77FECC1AC46,rcpt_edda677616,upi,,,,
pay_CCC7BCB1C3EB4E,payment,0,149232,152839,INR,3057,550,0,1,1783652400,1783836000,setl_199A1B2F048141,pay_CCC7BCB1C3EB4E,UTR467802236487,order_BBC58474B13B44,rcpt_875dc4d799,upi,,,,
pay_80A15056A12640,payment,0,828681,848710,INR,16974,3055,0,1,1783018800,1783224000,setl_2ECB28C699C041,pay_80A15056A12640,UTR024253499787,order_158CE25E223D46,rcpt_85116052fe,card,MasterCard,KKBK,credit,
pay_775F1F1409604D,payment,0,291363,298405,INR,5968,1074,0,1,1786273200,1786467600,setl_7499C4AA34DF4B,pay_775F1F1409604D,UTR237244150028,order_133E0231FAB045,rcpt_055c2fe6df,upi,,,,
pay_60FF4B70AA7649,payment,0,1739592,1781639,INR,35633,6414,0,1,1786784400,1786957200,setl_3AEBB3FB29AD46,pay_60FF4B70AA7649,UTR956444044649,order_655291000BD84B,rcpt_7e60b23f03,netbanking,,,,
pay_69483E6FAEE341,payment,0,155180,158931,INR,3179,572,0,1,1783465200,1783659600,setl_01DD4F9BC26841,pay_69483E6FAEE341,UTR326248762878,ordre_EEB003F1E6694D,rcpt_d364f39b2f,upi,,,,
pay_39085A4F570C41,payment,0,52190,53451,INR,1069,192,0,1,1784502000,1784696400,setl_D2832E923CD742,pay_39085A4F570C41,UTR627403412199,order_F0B106D9FF7A48,rcpt_76156f5356,card,Visa,ICIC,debit,
pay_6738FDA890AA45,payment,0,176396,180659,INR,3613,650,0,1,1786046400,1786233600,setl_A79770F9F69A43,pay_6738FDA890AA45,UTR405214122776,order_FA3A91D6E1864C,rcpt_c8ff60b017,card,Visa,UTIB,credit,
pay_E136070A244F4D,payment,0,125563,128598,INR,2572,463,0,1,1784224800,1784408400,setl_12A07E2F40C342,pay_E136070A244F4D,UTR299301129892,order_04F856A654CA41,rcpt_2580d2d1d5,upi,,,,
pay_C577D84EE78147,payment,0,263025,269383,INR,5388,970,0,1,1783573200,1783789200,setl_54B3A0D13FC846,pay_C577D84EE78147,UTR804430242549,order_2691B1A674C842,rcpt_f75e907f3a,upi,,,,
pay_39085A4F570C41,payment,0,52190,53451,INR,1069,192,0,1,1784502000,1784696400,setl_D2832E923CD742,pay_39085A4F570C41,UTR627403412199,order_F0B106D9FF7A48,rcpt_534b971a54,card,Amex,UTIB,credit,
pay_C92AC659DA4D47,payment,0,288155,295119,INR,5902,1062,0,1,1785376800,1785585600,setl_9C0EA57E3BAC47,pay_C92AC659DA4D47,UTR838022347246,order_2F116FDCC5E24F,rcpt_d302f04f9e,card,RuPay,UTIB,debit,
pay_257C46A061E44F,payment,0,889116,910606,INR,18212,3278,0,1,1785099600,1785312000,setl_B27B70A09BB842,pay_257C46A061E44F,UTR230480180536,order_2104D5E2E55942,rcpt_677a9b5e67,card,MasterCard,UTIB,debit,
pay_432E4A72002646,payment,0,828121,848136,INR,16962,3053,0,1,1785110400,1785283200,setl_B27B70A09BB842,pay_432E4A72002646,UTR216134105670,order_2DF8880B779541,rcpt_7cd8a57c67,card,MasterCard,HDFC,debit,
pay_5D03839B70E246,payment,0,93137,₹95388,INR,1908,343,0,1,1783728000,1783900800,setl_7B022C0E9D6C4E,pay_5D03839B70E246,UTR862132395821,order_A3BD9E4F9C4148,rcpt_a71969dc58,netbanking,,,,
pay_226872DCF70C43,payment,0,274168,280795,INR,5616,1011,0,1,1785970800,1786186800,setl_98B4CE3E723A4A,pay_226872DCF70C43,UTR582904147503,order_96AB121D568941,rcpt_29567d28b8,card,Visa,UTIB,debit,
pay_D363C9CF70344A,payment,0,243725,249616,INR,4992,899,0,1,1783065600,1783238400,setl_2ECB28C699C041,pay_D363C9CF70344A,UTR379824331160,order_4ED40E01F4644D,rcpt_79560a31ad,upi,,,,
pay_F56CC952EFBD4F,payment,0,75207,77025,INR,1541,277,0,1,1784764800,1784973600,setl_463EF21FF45840,pay_F56CC952EFBD4F,UTR417836853017,order_20679C7D53344E,rcpt_83c05ddc03,upi,,,,
pay_24C22B54CDB745,payment,0,3472790,3472790,INR,0,0,0,1,1784937600,1785110400,setl_0D0DBBF8BAE648,pay_24C22B54CDB745,UTR542080997363,order_8CF5B17BB8234C,rcpt_8a9fb2b2d2,upi,,,,
pay_EDE81892395147,payment,0,17580909,18005847,INR,360117,64821,0,1,1784329200,1784530800,setl_25C6DD671D6E4A,pay_EDE81892395147,UTR965085310437,order_EB3D26CDAF4343,rcpt_9303d057f8,netbanking,,,,
pay_1D82F2BBD6E34D,payment,0,37045,37941,INR,759,137,0,1,1786381200,1786572000,setl_5FA3E2AE37894D,pay_1D82F2BBD6E34D,UTR780918576244,order_68909E85768E40,rcpt_c000992e00,netbanking,,,,
pay_348F566CB79945,payment,0,626337,641476,INR,12829,2310,0,1,1786665600,1786838400,setl_B2547F4DD47943,pay_348F566CB79945,UTR021542921587,order_E6DC18F582124E,rcpt_c31fa2f307,netbanking,,,,
pay_0631EA42359949,payment,0,950127,973092,INR,19462,3503,0,1,1783213200,1783818000,setl_199A1B2F048141,pay_0631EA42359949,UTR881436758744,order_191F96BF3A1649,rcpt_50e822cc61,card,RuPay,SBIN,credit,
pay_5AF6E1CB849543,payment,0,181947,186345,INR,3727,671,0,1,1786633200,1786838400,setl_B2547F4DD47943,pay_5AF6E1CB849543,UTR532699501570,order_76BE8598829642,rcpt_bbb745e86d,card,Visa,HDFC,credit,
pay_6FB35495182B4E,payment,0,2388088,2445809,INR,48916,8805,0,1,1785981600,1786158000,setl_98B4CE3E723A4A,pay_6FB35495182B4E,UTR746820129029,order_5AF57DA8A6164A,rcpt_dceb7d7990,card,Visa,HDFC,debit,
pay_854C7DEA108149,payment,0,1848124,1892794,INR,37856,6814,0,1,1783969200,1784145600,setl_8FCBDEFEAEB945,pay_854C7DEA108149,UTR669625887172,order_0FDEEB410E2449,rcpt_8b1f41e945,card,Visa,HDFC,credit,
pay_A3C76B3CCE6C42,payment,0,9595,9827,INR,196,36,0,1,1784937600,1785110400,setl_0D0DBBF8BAE648,pay_A3C76B3CCE6C42,UTR648066158624,order_E6DE67BC8E2348,rcpt_2c8f572acf,card,RuPay,KKBK,credit,
pay_7EAD998047E54F,payment,0,1782787,1825878,INR,36518,6573,0,1,1784613600,1784818800,setl_89BEF1B456534C,pay_7EAD998047E54F,UTR721920872561,order_6AE6BA00F9F544,rcpt_dc1f8c04f6,card,Amex,SBIN,debit,
pay_72EF31F5CA7343,payment,0,57094,58473,INR,1169,210,0,1,1784372400,1784563200,setl_25C6DD671D6E4A,pay_72EF31F5CA7343,UTR545408355569,order_8EA96A69810A49,rcpt_6f2ce58d47,card,Visa,UTIB,credit,
pay_031EA1E909D048,payment,0,1893287,1939049,INR,38781,6981,0,1,1786744800,1786942800,setl_3AEBB3FB29AD46,pay_031EA1E909D048,UTR180250092296,order_84F3AA83FC8145,rcpt_4880668f77,upi,,,,
pay_EDEC14A42B0740,payment,0,251767,257852,INR,5157,928,0,1,1783735200,1783922400,setl_7B022C0E9D6C4E,pay_EDEC14A42B0740,UTR274691378836,order_7947E73A416649,rcpt_c5ed9ef351,card,MasterCard,KKBK,credit,
pay_FA6C92E28D324F,payment,0,125245,128272,INR,2565,462,0,1,1783321200,1783508400,setl_888946A84E3C44,pay_FA6C92E28D324F,UTR226217666590,order_DCFAF10DCE3D49,rcpt_4c8d2426fb,upi,,,,
pay_506F7037426442,payment,0,1401876,1435760,INR,28715,5169,0,1,1785682800,1785870000,setl_4BC7782DCCEE42,pay_506F7037426442,UTR110171884517,order_FEE1F17B500C44,rcpt_08e5ca5058,card,Visa,SBIN,debit,
pay_24CBE6C1648B4B,payment,0,252273,258522,INR,5296,953,0,1,1785099600,1785276000,setl_0A8F8C20576E43,pay_24CBE6C1648B4B,UTR825732168956,order_AA2970CED17844,rcpt_08d8f2657b,upi,,,,
pay_5E4E020003F944,payment,0,101370,103820,INR,2076,374,0,1,1785974400,1786186800,setl_98B4CE3E723A4A,pay_5E4E020003F944,UTR014787668031,order_EFDB89EA7A4540,rcpt_b943b57ad7,card,MasterCard,KKBK,debit,
pay_EDCD1A5F32BA4B,payment,0,140037,143421,INR,2868,516,0,1,1786147200,1786363200,setl_7A46368D2FA045,pay_EDCD1A5F32BA4B,UTR391076013650,order_5BFE99031A5146,rcpt_bed9bfda8d,netbanking,,,,
pay_BD8DD11E5B614C,payment,0,137406,140728,INR,2815,507,0,1,1785704400,1785880800,setl_4BC7782DCCEE42,pay_BD8DD11E5B614C,UTR960715598483,order_FCCC1B2EA2DF43,rcpt_be903f9f16,card,Visa,ICIC,debit,
pay_A5A47334BA5141,payment,0,82478,84471,INR,1689,304,0,1,1782874800,1783054800,setl_6D5CBCA99C064A,pay_A5A47334BA5141,UTR280029947930,order_855BE77209A847,rcpt_abb97ba366,upi,,,,
pay_ED413CB0E93144,payment,0,36700,37587,INR,752,135,0,1,1783792800,1784743200,setl_D2832E923CD742,pay_ED413CB0E93144,UTR825927928180,order_D41403CF591149,rcpt_cd1e884119,upi,,,,
pay_DBE87F2F417C45,payment,0,192207,196853,INR,3937,709,0,1,1783836000,1784008800,setl_72CD3C6DA52049,pay_DBE87F2F417C45,UTR402891212305,order_5B8D30A986894E,rcpt_de27fa3e90,card,Amex,UTIB,debit,
pay_B1A91347DB5D44,payment,0,129096,132216,INR,2644,476,0,1,1786060800,1786320000,setl_7A46368D2FA045,pay_B1A91347DB5D44,UTR455431665782,order_96CA61841D034F,rcpt_d43b07e8ae,card,Visa,SBIN,debit,
pay_12B97FFD47634E,payment,0,243958,249854,INR,4997,899,0,1,1785790800,1785974400,setl_B470DD9938314C,pay_12B97FFD47634E,UTR038508626550,order_779E336AD4CF49,rcpt_2538d957d1,upi,,,,
pay_7BC6C9B74FDE45,payment,0,251454,257532,INR,5151,927,0,1,1785888000,1786089600,setl_8D69EC8704F741,pay_7BC6C9B74FDE45,UTR342148130053,order_91F56C99E7EF40,rcpt_717223115a,card,MasterCard,SBIN,debit,
pay_C5EE53A0DC1A4E,payment,0,1206271,1235427,INR,24708,4448,0,1,1784764800,1785024000,setl_4D086E650CDE4D,pay_C5EE53A0DC1A4E,UTR594674322140,order_9BEE153D5E224D,rcpt_5746b1ecd6,upi,,,,
pay_C69A512BE5B14C,payment,0,166089,170103,INR,3402,612,0,1,1785625200,1785841200,setl_4BC7782DCCEE42,pay_C69A512BE5B14C,UTR764026220563,order_12E9C425B5E341,rcpt_6acbb57938,upi,,,,
pay_4EFB974D9A7E47,payment,0,290747,297774,INR,5955,1072,0,1,1782936000,1783126800,setl_73E42C17BAB946,pay_4EFB974D9A7E47,UTR216103982261,order_C3958346483447,rcpt_47d642fdeb,upi,,,,
pay_92405F673C814E,payment,0,641903,657418,INR,13148,2367,0,1,1784113200,1784286000,setl_26BEFC47481D4A,pay_92405F673C814E,UTR303112407411,order_67AD8C8983F049,rcpt_1fcf7a9147,wallet,,,,
pay_E00BC018F2D640,payment,0,2209411,2262813,INR,45256,8146,0,1,1783598400,1783771200,setl_54B3A0D13FC846,pay_E00BC018F2D640,UTR773062627474,order_D81AAF31ACF144,rcpt_1fb062244e,upi,,,,
pay_2CE19484FA2A44,payment,0,19503,19975,INR,400,72,0,1,1785625200,1785798000,setl_E6720EEB6C1545,pay_2CE19484FA2A44,UTR304811705890,order_A68B2B4712F14E,rcpt_cb14575d33,card,RuPay,SBIN,credit,
pay_E60FB6808F8544,payment,0,209396,214457,INR,4289,772,0,1,1784700000,1784916000,setl_FFFF9FE63E7F4D,pay_E60FB6808F8544,UTR360892873989,order_4C5286F8B62C43,rcpt_2e4e12c5f5,upi,,,,
pay_723202408F2148,payment,0,218648,223933,INR,4479,806,0,1,1784656800,1784869200,setl_FFFF9FE63E7F4D,pay_723202408F2148,UTR881616785300,order_1F01731A232040,rcpt_619ee7d003,upi,,,,
pay_31B9CB40918442,payment,0,197296,202064,INR,4041,727,0,1,1786698000,1786870800,setl_B2547F4DD47943,pay_31B9CB40918442,UTR285047308064,order_4C3E5B6E00644F,rcpt_67a7039a0d,card,RuPay,KKBK,debit,
pay_F740F2C47E8346,payment,0,186369,190873,INR,3817,687,0,1,1783951200,1784167200,setl_BD87F397A26D43,pay_F740F2C47E8346,UTR474615967469,order_888159C9A8C042,rcpt_1f6943628e,card,RuPay,HDFC,debit,
pay_A6F206CCE3ED4C,payment,0,55837,57187,INR,1144,206,0,1,1784077200,1784257200,setl_26BEFC47481D4A,pay_A6F206CCE3ED4C,UTR836049368618,order_97D0BF87579248,rcpt_ef4076f7d8,wallet,,,,
pay_04983861838747,payment,0,1172213,1200546,INR,24011,4322,0,1,1785142800,1785358800,setl_B27B70A09BB842,pay_04983861838747,UTR989482825605,order_5CC399A3793347,rcpt_54ee75c854,card,Amex,KKBK,credit,
pay_7BC6C9B74FDE45,payment,0,251454,257532,INR,5151,927,0,1,1785888000,1786089600,setl_8D69EC8704F741,pay_7BC6C9B74FDE45,UTR342148130053,order_91F56C99E7EF40,rcpt_6916ca3261,card,RuPay,UTIB,credit,
pay_F490107A41A146,payment,0,47711,48864,INR,977,176,0,1,1783364400,1783551600,setl_888946A84E3C44,pay_F490107A41A146,UTR709348861355,order_4C8A6A98079B41,rcpt_e1ab0fa492,netbanking,,,,
pay_A7CD40A87FF443,payment,0,149093,152697,INR,3054,550,0,1,1783310400,1783501200,setl_888946A84E3C44,pay_A7CD40A87FF443,UTR065407322773,order_3FB09460AE2A46,rcpt_823d156cb3,upi,,,,
pay_0080FD54012445,payment,0,124359,127364,INR,2547,458,0,1,1786741200,1787432400,setl_415C9135303A43,pay_0080FD54012445,UTR458120101596,order_7E6C341236374A,rcpt_be9ea54b7e,card,RuPay,ICIC,credit,
pay_E6F5EB1F407E47,payment,0,11091459,11359544,INR,227191,40894,0,1,1784538000,1784714400,setl_D2832E923CD742,pay_E6F5EB1F407E47,UTR428304085161,order_3227C0F79DC542,rcpt_7272024ce3,wallet,,,,
pay_F8DCFE2A9AE94E,payment,0,2141798,2193566,INR,43871,7897,0,1,1784570400,1785175200,setl_0D0DBBF8BAE648,pay_F8DCFE2A9AE94E,UTR531154837972,order_7C6835F4EE1249,rcpt_ff389fe4e2,upi,,,,
pay_D84921CD97E14E,payment,0,2023023,2071920,INR,41438,7459,0,1,1783969200,1784145600,setl_8FCBDEFEAEB945,pay_D84921CD97E14E,UTR603238547086,order_5B759F5A0A6B4A,rcpt_1af48c6051,upi,,,,
pay_E374A73A6A5B44,payment,0,12750,13058,INR,261,47,0,1,1785891600,1786071600,setl_8D69EC8704F741,pay_E374A73A6A5B44,UTR307269919894,order_82E24F9C148647,rcpt_fada60cee4,upi,,,,
pay_78EABCD69F0F41,payment,0,168613,172689,INR,3454,622,0,1,1783040400,1783242000,setl_2ECB28C699C041,pay_78EABCD69F0F41,UTR341226793608,order_CCBD7661790144,rcpt_1c86d4752b,wallet,,,,
pay_74B14D2E622643,payment,0,197935,202719,INR,4054,730,0,1,1786208400,1787158800,setl_E3787E868AA942,pay_74B14D2E622643,UTR684765172016,order_B199314CA3AC4E,rcpt_229799e380,card,RuPay,HDFC,credit,
pay_2D17DE119FFD4A,payment,0,174992,179221,INR,3584,645,0,1,1784113200,1784322000,setl_26BEFC47481D4A,pay_2D17DE119FFD4A,UTR203909363986,order_F2D34ACE402840,rcpt_a4f6157d02,upi,,,,
pay_787DF8163CAB4C,payment,0,1280078,1310954,INR,26166,4710,0,1,1785931200,1786129200,setl_8D69EC8704F741,pay_787DF8163CAB4C,UTR851585849844,order_AD76D79B6AA747,rcpt_b93356366e,wallet,,,,
pay_08266F50304643,payment,0,71813,73549,INR,1471,265,0,1,1785459600,1785978000,setl_B470DD9938314C,pay_08266F50304643,UTR629353173702,order_44223BD07A9549,rcpt_b23e78cdd7,upi,,,,
pay_40EDFE6C8CD34D,payment,0,235846,241311,INR,4631,834,0,1,1785034800,1785207600,setl_0A8F8C20576E43,pay_40EDFE6C8CD34D,UTR320046447431,order_4F2EA1C9386643,rcpt_f7d52fedd2,upi,,,,
pay_E43B62C7B0C54D,payment,0,1726540,1768271,INR,35365,6366,0,1,1783353600,1783562400,setl_DD4E15A737FB4C,pay_E43B62C7B0C54D,UTR930141177855,order_B6E2564719D445,rcpt_5f60b3ec71,card,RuPay,HDFC,debit,
pay_CAB703F3154A45,payment,0,15956,16342,INR,327,59,0,1,1783342800,1783540800,setl_888946A84E3C44,pay_CAB703F3154A45,UTR725946942963,order_332F020D09C14C,rcpt_16a45fecbb,card,Visa,UTIB,credit,
pay_E4BA004571FF40,payment,0,66197,67797,INR,1356,244,0,1,1785704400,1785877200,setl_4BC7782DCCEE42,pay_E4BA004571FF40,UTR083041254598,order_223DC4E0C1AA4F,rcpt_eefd55a409,upi,,,,
pay_731F1E1778B94D,payment,0,11185595,11455955,INR,229119,41241,0,1,1783724400,1783936800,setl_7B022C0E9D6C4E,pay_731F1E1778B94D,UTR055717442445,order_2BA6ACE6363B46,rcpt_91dfa96345,card,RuPay,KKBK,credit,
pay_C2D51DD585D645,payment,0,240161,245965,INR,4919,885,0,1,1784361600,1784577600,setl_25C6DD671D6E4A,pay_C2D51DD585D645,UTR099520730538,order_8ED6F6176C924B,rcpt_b4ef80d4d5,card,RuPay,HDFC,credit,
pay_83BCCDE77E3D4C,payment,0,246610,252570,INR,5051,909,0,1,1786723200,1786921200,setl_B2547F4DD47943,pay_83BCCDE77E3D4C,UTR065345007439,order_65C16FE4769B40,rcpt_a1b4b6a035,card,RuPay,KKBK,credit,
pay_261AB1C3384242,payment,0,58861,60284,INR,1206,217,0,1,1785175200,1785693600,setl_F41276F89E0D44,pay_261AB1C3384242,UTR069689775170,order_9A4053BE663D44,rcpt_730ac9ef55,upi,,,,
pay_EF8093A5B98B40,payment,0,77925,79808,INR,1596,287,0,1,1782957600,1783148400,setl_73E42C17BAB946,pay_EF8093A5B98B40,UTR560376382366,order_A82EF1D5B89548,rcpt_8275761ce3,netbanking,,,,
pay_472893CFD61646,payment,0,1244841,₹1274930,INR,25499,4590,0,1,1786233600,1786406400,setl_7499C4AA34DF4B,pay_472893CFD61646,UTR923347945444,order_7FBC9A743EFD4D,rcpt_c5dcc2d951,card,MasterCard,KKBK,debit,
pay_30A976D632C14D,payment,0,257898,264132,INR,5283,951,0,1,1783882800,1784080800,setl_8FCBDEFEAEB945,pay_30A976D632C14D,UTR803523528269,order_6C73114454DB48,rcpt_2534622384,card,MasterCard,UTIB,credit,
pay_30BEF461C5434B,payment,0,130673,133832,INR,2677,482,0,1,1786302000,1786482000,setl_7499C4AA34DF4B,pay_30BEF461C5434B,UTR135486591036,order_F1096019659E42,rcpt_660f12d41b,card,MasterCard,ICIC,debit,
pay_4E40620A659D46,payment,0,26664,27308,INR,546,98,0,1,1784178000,1784368800,setl_12A07E2F40C342,pay_4E40620A659D46,UTR731732560685,order_6B84D83A46344E,rcpt_a438166a37,upi,,,,
pay_FBA697089C4B4C,payment,0,346123,354489,INR,7090,1276,0,1,1784592000,1784790000,setl_89BEF1B456534C,pay_FBA697089C4B4C,UTR196147495185,order_3A3FE4742BDC44,rcpt_614482ec38,upi,,,,
pay_94B3424212AE4A,payment,0,283358,290207,INR,5804,1044,0,1,1784592000,1784764800,setl_89BEF1B456534C,pay_94B3424212AE4A,UTR901864932551,order_D2BD3A327BA245,rcpt_452eacb1aa,card,RuPay,KKBK,credit,
pay_A923DF6CCE2340,payment,0,32654,33444,INR,669,120,0,1,1785196800,1785369600,setl_6E19EA2B392F44,pay_A923DF6CCE2340,UTR698012651824,order_28BFBE0AF5AA4B,rcpt_ae4ece9626,upi,,,,
pay_5FACE7A3C6ED41,payment,0,233446,239089,INR,4782,861,0,1,1785574800,1785780000,setl_E6720EEB6C1545,pay_5FACE7A3C6ED41,UTR277650596337,order_DF2F9EE158F242,rcpt_b3f0210a0a,netbanking,,,,
pay_1033E2DF4ED342,payment,0,109779,112433,INR,2249,405,0,1,1784350800,1785560400,setl_9C0EA57E3BAC47,pay_1033E2DF4ED342,UTR013160515617,order_A31C52A41FFE47,rcpt_a3fd028089,upi,,,,
pay_0C258D213CBD4C,payment,0,81820,83798,INR,1676,302,0,1,1786438800,1786651200,setl_763973C2998C43,pay_0C258D213CBD4C,UTR089053983649,order_65DE9FE1968E41,rcpt_23d614b9d2,netbanking,,,,
pay_30F49115E45744,payment,0,690355,707041,INR,14141,2545,0,1,1783137600,1783353600,setl_70A1353F42C44C,pay_30F49115E45744,UTR701662989915,order_A0301AE7855348,rcpt_ddd8592378,upi,,,,
pay_7B3898C1F66E44,payment,0,1686726,1727495,INR,34550,6219,0,1,1786474800,1786651200,setl_763973C2998C43,pay_7B3898C1F66E44,UTR772383781835,order_D56BAC0128AD48,rcpt_617291cf5a,netbanking,,,,
pay_DED8FA76B71B48,payment,0,143953,143953,INR,0,0,0,1,1784678400,1784851200,setl_FFFF9FE63E7F4D,pay_DED8FA76B71B48,UTR832017177198,order_FB2D81FED3EE4A,rcpt_702c09b7b6,netbanking,,,,
pay_2F5046940D334E,payment,0,121786,124730,INR,2495,449,0,1,1786572000,1786762800,setl_F2E155DF04C742,pay_2F5046940D334E,UTR959736930225,order_702EA989DD0347,rcpt_ac999deec8,upi,,,,
pay_0E2301CD780A46,payment,0,109555,₹112203,INR,2244,404,0,1,1784678400,1784851200,setl_FFFF9FE63E7F4D,pay_0E2301CD780A46,UTR541934440268,order_262828F4E62348,rcpt_a71f628e2a,card,RuPay,HDFC,credit,
pay_A44A3A9BBFE44F,payment,0,155122,159020,INR,3303,595,0,1,1783602000,1783807200,setl_54B3A0D13FC846,pay_A44A3A9BBFE44F,UTR036392755899,order_F853E037F78A42,rcpt_2622b1ea02,wallet,,,,
pay_10767A0802A549,payment,0,88643,90786,INR,1816,327,0,1,1786413600,1786597200,setl_763973C2998C43,pay_10767A0802A549,UTR453336780784,ordre_FA140DC3D1194E,rcpt_d0b75a44d8,card,MasterCard,HDFC,credit,
pay_17CD53A19A4F42,payment,0,471194,482583,INR,9652,1737,0,1,1783486800,1783684800,setl_01DD4F9BC26841,pay_17CD53A19A4F42,UTR795442871906,order_4A8E09C9A2724C,rcpt_2d4ea142c7,card,Amex,UTIB,credit,
pay_7705C6D772A446,payment,0,20574,21071,INR,421,76,0,1,1785542400,1785715200,setl_E6720EEB6C1545,pay_7705C6D772A446,UTR438559770565,order_D5D2B079753B40,rcpt_6bd19dc12a,netbanking,,,,
pay_30D11F365B8C41,payment,0,1588753,1627154,INR,32543,5858,0,1,1786446000,1786654800,setl_763973C2998C43,pay_30D11F365B8C41,UTR909013678269,order_9AC7CB26A6D84A,rcpt_7326b6f86b,card,MasterCard,UTIB,credit,
pay_1F3176E760F947,payment,0,471124,482511,INR,9650,1737,0,1,1784235600,1784448000,setl_5F1DDEA0EE6C46,pay_1F3176E760F947,UTR946655217952,order_E3971F585B284E,rcpt_d85226c3c1,card,Amex,SBIN,debit,
pay_6738FDA890AA45,payment,0,176396,180659,INR,3613,650,0,1,1786046400,1786233600,setl_A79770F9F69A43,pay_6738FDA890AA45,UTR405214122776,order_FA3A91D6E1864C,rcpt_ca27f52b80,card,Visa,UTIB,credit,
pay_2F646B2895A743,payment,0,14683605,15038514,INR,300770,54139,0,1,1783407600,1783584000,setl_DD4E15A737FB4C,pay_2F646B2895A743,UTR478856207844,order_4BF9651A74D14A,rcpt_d6da02c832,card,Visa,KKBK,credit,
pay_7D5D7181224C41,payment,0,196575,201327,INR,4027,725,0,1,1783231200,1783425600,setl_3388172A166B4D,pay_7D5D7181224C41,UTR041164204428,order_297256A9684841,rcpt_a41a98965c,card,MasterCard,KKBK,credit,
pay_46B11284455348,payment,0,887676,909132,INR,18183,3273,0,1,1784541600,1784739600,setl_D2832E923CD742,pay_46B11284455348,UTR972696040067,order_F52499BC54FF4F,rcpt_990a36cfc3,card,MasterCard,KKBK,credit,
pay_EF32871BD03D48,payment,0,40573,41554,INR,831,150,0,1,1783814400,1784073600,setl_8FCBDEFEAEB945,pay_EF32871BD03D48,UTR556349563377,order_311D79E6154D4A,rcpt_1beb5dde43,upi,,,,
pay_DC83EC47646549,payment,0,20164,20651,INR,413,74,0,1,1783296000,1783555200,setl_DD4E15A737FB4C,pay_DC83EC47646549,UTR515692132035,order_073EC069A20243,rcpt_ac86e08849,upi,,,,
pay_EB6D762BE3FC4E,payment,0,78725,80628,INR,1613,290,0,1,1785603600,1785798000,setl_E6720EEB6C1545,pay_EB6D762BE3FC4E,UTR556849377446,order_63743E3F9F574C,rcpt_9a24a529fb,card,MasterCard,UTIB,debit,
pay_E638B256BB564E,payment,0,2054432,2104089,INR,42082,7575,0,1,1783454400,1783645200,setl_01DD4F9BC26841,pay_E638B256BB564E,UTR609178833313,order_4B07EAD467EF47,rcpt_ea5d4250cb,netbanking,,,,
pay_F1EF360B075C42,payment,0,641108,656604,INR,13132,2364,0,1,1783526400,1783720800,setl_01DD4F9BC26841,pay_F1EF360B075C42,UTR564039940112,order_0223495B13E346,rcpt_bb3953c01a,card,Amex,ICIC,credit,
pay_59ECC36A5B8545,payment,0,202533,207429,INR,4149,747,0,1,1786057200,1786237200,setl_A79770F9F69A43,pay_59ECC36A5B8545,UTR585936216551,order_D2E8C1531EC647,rcpt_a9f38114b1,upi,,,,
pay_A97CEE9BC0C545,payment,0,232379,237996,INR,4760,857,0,1,1784246400,1784419200,setl_5F1DDEA0EE6C46,pay_A97CEE9BC0C545,UTR524603691053,order_28DEFAB40E9A40,rcpt_eadbdbc979,card,MasterCard,SBIN,debit,
pay_5DC7F0944BDA40,payment,0,255545,261721,INR,5234,942,0,1,1785607200,1785812400,setl_4BC7782DCCEE42,pay_5DC7F0944BDA40,UTR656735933186,order_B0C91834D4EC44,rcpt_09d8cf97e4,upi,,,,
pay_D84921CD97E14E,payment,0,2023023,2071920,INR,41438,7459,0,1,1783969200,1784145600,setl_8FCBDEFEAEB945,pay_D84921CD97E14E,UTR603238547086,order_5B759F5A0A6B4A,rcpt_5b0892eedf,card,Amex,ICIC,credit,
pay_DB87662018CD40,payment,0,69918,71608,INR,1432,258,0,1,1783681200,1783890000,setl_199A1B2F048141,pay_DB87662018CD40,UTR533822315003,order_FD8F253B98AC41,rcpt_ab5dc14899,card,MasterCard,HDFC,credit,
pay_21853309CFAC46,payment,0,1660546,1700683,INR,34014,6123,0,1,1785344400,1785528000,setl_FC6EDD4946DB47,pay_21853309CFAC46,UTR269554652852,oredr_12128606698B44,rcpt_75e3ff975f,upi,,,,
pay_32132F649AF744,payment,0,136207,139499,INR,2790,502,0,1,1786435200,1786629600,setl_763973C2998C43,pay_32132F649AF744,UTR425225751113,order_DAB515F93AA249,rcpt_6a2a879e25,card,MasterCard,KKBK,credit,
pay_374FE17A209742,payment,0,164730,168711,INR,3374,607,0,1,1783332000,1783544400,setl_888946A84E3C44,pay_374FE17A209742,UTR260663307828,order_4D2DDBEBA86447,rcpt_03464c4f32,upi,,,,
pay_A660EF184C4649,payment,0,105229,107772,INR,2155,388,0,1,1785351600,1785538800,setl_FC6EDD4946DB47,pay_A660EF184C4649,UTR739866559325,order_7BA21C02398D4B,rcpt_0f90fffaf1,netbanking,,,,
pay_1A61EBC1CDEE45,payment,0,279631,286390,INR,5728,1031,0,1,1783670400,1783854000,setl_199A1B2F048141,pay_1A61EBC1CDEE45,UTR631028053649,order_035794A73A0143,rcpt_541af450ec,card,RuPay,UTIB,credit,
pay_7EDED819C2224C,payment,0,248941,254958,INR,5099,918,0,1,1786744800,1787954400,setl_68E6306F2FBC40,pay_7EDED819C2224C,UTR306617830213,order_98BD7928C45D48,rcpt_6f3eb98eb8,netbanking,,,,
pay_79B0A331D6F24E,payment,0,15153,15519,INR,310,56,0,1,1786752000,1786924800,setl_3AEBB3FB29AD46,pay_79B0A331D6F24E,UTR687235887824,order_8581AABE1DA14E,rcpt_5fe143845e,card,RuPay,KKBK,debit,
pay_0DE8F9CE9C0947,payment,0,111655,111655,INR,0,0,0,1,1786579200,1786752000,setl_F2E155DF04C742,pay_0DE8F9CE9C0947,UTR338636560117,order_20EE2BED1BD144,rcpt_88a6181998,upi,,,,
pay_E81BFFCF067747,payment,0,89947,92121,INR,1842,332,0,1,1785715200,1785888000,setl_B59212048DCF4E,pay_E81BFFCF067747,UTR082412660352,order_48DE2004A8EE4B,rcpt_d2bc5cfbb6,card,MasterCard,SBIN,credit,
pay_A3F6260FB81744,payment,0,18473,18919,INR,378,68,0,1,1785913200,1786107600,setl_8D69EC8704F741,pay_A3F6260FB81744,UTR591060120309,order_9248EB226E2344,rcpt_64b8b6e3f6,netbanking,,,,
pay_503F43FC8B6B40,payment,0,15464,15464,INR,0,0,0,1,1784160000,1784332800,setl_12A07E2F40C342,pay_503F43FC8B6B40,UTR569052957765,order_F25205E2F4F548,rcpt_c5b756dca3,card,Visa,ICIC,debit,
pay_E8B9203763B64F,payment,0,125966,129010,INR,2580,464,0,1,1783281600,1783490400,setl_888946A84E3C44,pay_E8B9203763B64F,UTR683999326855,order_D76111E26A2948,rcpt_78d5e52c4f,wallet,,,,
pay_C0525E0B28EB46,payment,0,1164444,1192589,INR,23852,4293,0,1,1786395600,1786608000,setl_763973C2998C43,pay_C0525E0B28EB46,UTR869419319910,order_749B4BD1D6EB4F,rcpt_4f6695fdc4,card,Amex,SBIN,debit,
pay_5BB3F29489AF48,payment,0,2208295,2261745,INR,45297,8153,0,1,1783350000,1783540800,setl_888946A84E3C44,pay_5BB3F29489AF48,UTR247002187267,order_D09843F729C44F,rcpt_dbe83dbaba,upi,,,,
pay_18FAC86F021745,payment,0,110568,113241,INR,2265,408,0,1,1784545200,1784743200,setl_D2832E923CD742,pay_18FAC86F021745,UTR333584094619,order_12E6329532A74C,rcpt_0d12097892,netbanking,,,,
pay_02A9BB7B447C42,payment,0,916755,938913,INR,18778,3380,0,1,1786690800,1786903200,setl_B2547F4DD47943,pay_02A9BB7B447C42,UTR145947609088,order_B3542E36C2A54C,rcpt_ea398ae774,card,Amex,SBIN,credit,
pay_41874458B19F49,payment,0,59063,₹60491,INR,1210,218,0,1,1786233600,1786406400,setl_7499C4AA34DF4B,pay_41874458B19F49,UTR606353227673,order_CC2ECC38022542,rcpt_04ac2555bc,upi,,,,
pay_B1668B683FDE47,payment,0,276970,283664,INR,5673,1021,0,1,1784728800,1784912400,setl_FFFF9FE63E7F4D,pay_B1668B683FDE47,UTR312853900758,order_4ED87CE2D20E48,rcpt_5c99dfee37,upi,,,,
pay_2E71CD3655FA48,payment,0,135998,139285,INR,2786,501,0,1,1783314000,1783508400,setl_888946A84E3C44,pay_2E71CD3655FA48,UTR867232563492,order_7A78841D1E204E,rcpt_cdbcba272d,card,MasterCard,ICIC,credit,
pay_1A59A498324B4E,payment,0,40318,41293,INR,826,149,0,1,1783864800,1784037600,setl_72CD3C6DA52049,pay_1A59A498324B4E,UTR758643013152,order_4F3CA6972CA548,rcpt_b9a85ea872,upi,,,,
pay_921394776A0346,payment,0,2288112,2343416,INR,46868,8436,0,1,1783756800,1783965600,setl_7B022C0E9D6C4E,pay_921394776A0346,UTR215606121790,order_4FDFF0E5572B41,rcpt_7a0eeacca5,card,Visa,HDFC,credit,
pay_364658FF9E6A4D,payment,0,1274054,1304848,INR,26097,4697,0,1,1785024000,1785196800,setl_0A8F8C20576E43,pay_364658FF9E6A4D,UTR830027543595,order_4DC8B9B03A824F,rcpt_a42ddd0692,card,MasterCard,SBIN,credit,
pay_ED944AD2ED8747,payment,0,33496,34306,INR,686,124,0,1,1783382400,1783641600,setl_01DD4F9BC26841,pay_ED944AD2ED8747,UTR055384391075,order_BB82C405765F43,rcpt_a470adc830,upi,,,,
pay_D8BD75834CAE46,payment,0,91371,93580,INR,1872,337,0,1,1786536000,1786716000,setl_CC0CF5AEEF7E49,pay_D8BD75834CAE46,UTR159329744794,order_77BD950C745C4D,rcpt_1da0adad88,card,RuPay,ICIC,credit,
pay_65F1BF367C3046,payment,0,124816,127833,INR,2557,460,0,1,1785618000,1785819600,setl_4BC7782DCCEE42,pay_65F1BF367C3046,UTR354876978123,order_AA3B30048FBF42,rcpt_a60097bcec,card,Visa,SBIN,credit,
pay_3F65BF54B0BA46,payment,0,287802,294758,INR,5895,1061,0,1,1785294000,1785506400,setl_FC6EDD4946DB47,pay_3F65BF54B0BA46,UTR140772562244,order_4A6A1D191C2B42,rcpt_f470088c40,wallet,,,,
pay_4EBB86A5D9FF48,payment,0,1365958,1398973,INR,27979,5036,0,1,1784163600,1784361600,setl_12A07E2F40C342,pay_4EBB86A5D9FF48,UTR051937002973,order_90D8F05D659B40,rcpt_3f41c50c98,upi,,,,
pay_5AF8B34A87AA49,payment,0,1350249,₹1382885,INR,27658,4978,0,1,1782950400,1783123200,setl_73E42C17BAB946,pay_5AF8B34A87AA49,UTR887633116655,order_BE31E4255C4C4C,rcpt_8a9e67154d,upi,,,,
pay_03815232C82A48,payment,0,125319,128348,INR,2567,462,0,1,1786402800,1786597200,setl_763973C2998C43,pay_03815232C82A48,UTR381245703300,order_64D9C5DE2ACD4A,rcpt_d9fceb9ebc,card,Amex,UTIB,credit,
pay_DB250282D57B4E,payment,0,146041,149570,INR,2991,538,0,1,1785063600,1785240000,setl_0A8F8C20576E43,pay_DB250282D57B4E,UTR616346573503,order_7420E40B6E0549,rcpt_0b493f9972,card,MasterCard,ICIC,debit,
pay_0D572A4E53E447,payment,0,45087,46177,INR,924,166,0,1,1783659600,1783843200,setl_199A1B2F048141,pay_0D572A4E53E447,UTR482016848646,order_3D09BEB7127443,rcpt_18eff33eaa,netbanking,,,,
pay_0D836EC876A341,payment,0,120454,123365,INR,2467,444,0,1,1784829600,1785013200,setl_463EF21FF45840,pay_0D836EC876A341,UTR294203739895,order_1324C02AAD6744,rcpt_4b8b68b9ff,wallet,,,,
pay_B8A1C4DDC36D40,payment,0,291571,298618,INR,5972,1075,0,1,1786057200,1786273200,setl_A79770F9F69A43,pay_B8A1C4DDC36D40,UTR948371933849,order_D8A1641F3C0F41,rcpt_406a7a22b1,upi,,,,
pay_575B92272D004C,payment,0,275602,282263,INR,5645,1016,0,1,1783706400,1783900800,setl_7B022C0E9D6C4E,pay_575B92272D004C,UTR698787606611,order_6187F4CD4F5C48,rcpt_d8a4f5e468,card,MasterCard,KKBK,debit,
pay_2258739E704B48,payment,0,181831,186225,INR,3724,670,0,1,1786665600,1786838400,setl_B2547F4DD47943,pay_2258739E704B48,UTR488915736591,order_D58A409985774A,rcpt_2a6cd11ca2,netbanking,,,,
pay_26B2AD2ACE2A4D,payment,0,2786625,2853979,INR,57080,10274,0,1,1785708000,1785902400,setl_B59212048DCF4E,pay_26B2AD2ACE2A4D,UTR800528137816,order_608B489DF3A942,rcpt_5762d4ac2a,card,MasterCard,KKBK,credit,
pay_DABFCAC0ADDD4B,payment,0,170141,174253,INR,3485,627,0,1,1785229200,1785434400,setl_6E19EA2B392F44,pay_DABFCAC0ADDD4B,UTR045530340094,order_048DA29EBE694D,rcpt_662a97d531,card,RuPay,SBIN,debit,
pay_8571E02B215C4C,payment,0,114220,116981,INR,2340,421,0,1,1783875600,1784059200,setl_72CD3C6DA52049,pay_8571E02B215C4C,UTR579575572021,order_6D9F54EBB0B345,rcpt_6699af581f,wallet,,,,
pay_1B277FC2925845,payment,0,2344480,2401147,INR,48023,8644,0,1,1784037600,1784221200,setl_BD87F397A26D43,pay_1B277FC2925845,UTR683132938494,order_4F1A64D710BF4C,rcpt_086c8399af,card,MasterCard,KKBK,debit,
pay_D73E7B9F515846,payment,0,20165,20653,INR,413,74,0,1,1783296000,1783468800,setl_888946A84E3C44,pay_D73E7B9F515846,UTR315642455686,order_073EC069A20243,rcpt_19a5baa467,upi,,,,
pay_45079EC341A744,payment,0,131940,135130,INR,2703,487,0,1,1784800800,1784995200,setl_463EF21FF45840,pay_45079EC341A744,UTR849045870328,order_BBDC05F901F045,rcpt_7565c50d55,upi,,,,
pay_1E39E4F5CF5E4F,payment,0,105236,107780,INR,2156,388,0,1,1784844000,1785031200,setl_4D086E650CDE4D,pay_1E39E4F5CF5E4F,UTR007504506588,order_6123D84D38B749,rcpt_c363190f13,card,MasterCard,UTIB,credit,
pay_3345263A6BA045,payment,0,290263,297279,INR,5946,1070,0,1,1783602000,1783778400,setl_54B3A0D13FC846,pay_3345263A6BA045,UTR787259589359,order_821F40B4C8C84B,rcpt_47e61827db,card,Amex,KKBK,credit,
pay_936906642D0E42,payment,0,1033275,1058250,INR,21165,3810,0,1,1783220400,1783404000,setl_3388172A166B4D,pay_936906642D0E42,UTR375608486628,order_FC0528CA9A594B,rcpt_d74022a2ab,upi,,,,
pay_7B62D2CB26524D,payment,0,1030214,1055114,INR,21102,3798,0,1,1784725200,1784937600,setl_463EF21FF45840,pay_7B62D2CB26524D,UTR271715513121,order_2801E6AA40B641,rcpt_b1118498ef,card,MasterCard,SBIN,debit,
pay_DDC0CC94358D4D,payment,0,21993,21993,INR,0,0,0,1,1786233600,1786406400,setl_7499C4AA34DF4B,pay_DDC0CC94358D4D,UTR730696112890,order_58C05E48B9794F,rcpt_596fcf14ff,card,RuPay,ICIC,credit,
pay_C787C0EDA48849,payment,0,173250,177438,INR,3549,639,0,1,1785337200,1785531600,setl_FC6EDD4946DB47,pay_C787C0EDA48849,UTR592771942942,order_21324454AD764E,rcpt_013f14da4d,card,Visa,KKBK,credit,
pay_0ED2D5B7729D46,payment,0,147459,151023,INR,3020,544,0,1,1786737600,1786928400,setl_3AEBB3FB29AD46,pay_0ED2D5B7729D46,UTR888274925109,order_E0A2182E982845,rcpt_ca1aaba1e2,card,RuPay,SBIN,credit,
pay_6F36122576864F,payment,0,111274,113963,INR,2279,410,0,1,1783771200,1783962000,setl_7B022C0E9D6C4E,pay_6F36122576864F,UTR674350332161,order_E326827B243946,rcpt_140d49ebcb,card,MasterCard,KKBK,credit,
pay_C00921A1710F48,payment,0,201847,206725,INR,4134,744,0,1,1784638800,1784818800,setl_89BEF1B456534C,pay_C00921A1710F48,UTR436434254962,order_47080AFB33CC46,rcpt_b28cb8da24,upi,,,,
pay_81A428FF478D45,payment,0,283358,290207,INR,5804,1044,0,1,1784592000,1784851200,setl_FFFF9FE63E7F4D,pay_81A428FF478D45,UTR003608978820,order_D2BD3A327BA245,rcpt_acd77c5518,card,MasterCard,KKBK,credit,
pay_5B80B30B1F2A4B,payment,0,228219,233735,INR,4675,841,0,1,1784016000,1784196000,setl_BD87F397A26D43,pay_5B80B30B1F2A4B,UTR003019242151,order_883B4333F06A4C,rcpt_4af14a98a9,netbanking,,,,
pay_DB04D31D903146,payment,0,278165,284889,INR,5698,1026,0,1,1786590000,1786777200,setl_F2E155DF04C742,pay_DB04D31D903146,UTR451825350701,order_4D3324ECEFC443,rcpt_e203376d02,upi,,,,
pay_718F6010ED2343,payment,0,1351071,1383727,INR,27675,4981,0,1,1784246400,1784437200,setl_5F1DDEA0EE6C46,pay_718F6010ED2343,UTR336251950987,order_304E93F75D5F4E,rcpt_1ed5c1991a,upi,,,,
pay_296761F3EF3846,payment,0,251975,258065,INR,5161,929,0,1,1784001600,1784185200,setl_BD87F397A26D43,pay_296761F3EF3846,UTR968674118799,order_26A8F3B5779244,rcpt_abec52fa50,upi,,,,
pay_916C6F173E1F47,payment,0,248549,254775,INR,5276,950,0,1,1783479600,1783684800,setl_01DD4F9BC26841,pay_916C6F173E1F47,UTR767760698307,order_8C598994988646,rcpt_8afed4c2f1,wallet,,,,
pay_0167DD37166F45,payment,0,1299719,1331134,INR,26623,4792,0,1,1786086000,1786284000,setl_A79770F9F69A43,pay_0167DD37166F45,UTR490384583455,order_D556C13CF14B42,rcpt_f2da827b8e,upi,,,,
pay_8E1554FE95BE4C,payment,0,255985,262172,INR,5243,944,0,1,1785236400,1785445200,setl_6E19EA2B392F44,pay_8E1554FE95BE4C,UTR986853910150,order_AD6DEFA8422F4A,rcpt_83e33096b2,card,Amex,HDFC,credit,
pay_087A8653D43E49,payment,0,22574689,23120329,INR,462407,83233,0,1,1785175200,1785355200,setl_B27B70A09BB842,pay_087A8653D43E49,UTR610345993035,order_9E15C90BD5A44A,rcpt_f9107d5b9c,card,RuPay,KKBK,credit,
pay_5D7D965824544D,payment,0,130561,133717,INR,2674,482,0,1,1785542400,1785715200,setl_E6720EEB6C1545,pay_5D7D965824544D,UTR840139681859,order_B4A0CCB2C10743,rcpt_3954fbd161,card,RuPay,HDFC,debit,
pay_9706436A578146,payment,0,228064,233577,INR,4672,841,0,1,1784228400,1784430000,setl_5F1DDEA0EE6C46,pay_9706436A578146,UTR655143799537,order_0DAD47CB5A5340,rcpt_543a5f902f,upi,,,,
pay_972EFA23BE2546,payment,0,97299,99651,INR,1993,359,0,1,1783760400,1783936800,setl_7B022C0E9D6C4E,pay_972EFA23BE2546,UTR255546755602,order_167E837BEF8847,rcpt_0e36226637,card,Visa,ICIC,credit,
pay_75BFA84F943044,payment,0,144195,147681,INR,2954,532,0,1,1785848400,1786060800,setl_8D69EC8704F741,pay_75BFA84F943044,UTR388667897158,order_5E28C91F46FD4F,rcpt_b8c1854d5c,netbanking,,,,
pay_D68E1A823C184C,payment,0,1455887,1491077,INR,29822,5368,0,1,1783072800,1783249200,setl_2ECB28C699C041,pay_D68E1A823C184C,UTR509864394151,order_C5F45ABF401B4F,rcpt_3223067ad7,upi,,,,
pay_D0115FBC32024C,payment,0,257348,263568,INR,5271,949,0,1,1786233600,1786442400,setl_7499C4AA34DF4B,pay_D0115FBC32024C,UTR868798509321,order_EC13BA4B58404A,rcpt_30f816baca,card,Amex,HDFC,debit,
pay_AB745D80ABF04E,payment,0,177395,181683,INR,3634,654,0,1,1784685600,1784901600,setl_FFFF9FE63E7F4D,pay_AB745D80ABF04E,UTR702254102569,order_9C24F9A10D1B48,rcpt_cabbd3c977,card,RuPay,ICIC,debit,
pay_F007C496DC124E,payment,0,280148,286919,INR,5738,1033,0,1,1784980800,1785186000,setl_0D0DBBF8BAE648,pay_F007C496DC124E,UTR568616156254,order_5453CC13C92341,rcpt_3e5f13b63c,card,RuPay,KKBK,credit,
pay_9CCD005DAC924B,payment,0,53624,54887,INR,1070,193,0,1,1784178000,1784361600,setl_12A07E2F40C342,pay_9CCD005DAC924B,UTR026355584139,order_898C430125914E,rcpt_15846a983a,upi,,,,
pay_001342CDAFB744,payment,0,15994371,16380602,INR,327314,58917,0,1,1783065600,1783245600,setl_2ECB28C699C041,pay_001342CDAFB744,UTR768834481497,order_571FC1AC0B3F48,rcpt_45e98362ac,card,MasterCard,UTIB,credit,
pay_03AC1DC4407F44,payment,0,1296334,1327760,INR,26632,4794,0,1,1785729600,1785945600,setl_B59212048DCF4E,pay_03AC1DC4407F44,UTR011493050343,order_4F1A66D46A5440,rcpt_9084b33e7f,upi,,,,
pay_6E3A1B54F6D74D,payment,0,256676,262880,INR,5258,946,0,1,1784962800,1785146400,setl_0D0DBBF8BAE648,pay_6E3A1B54F6D74D,UTR923416534054,order_E1E9420CEA1B49,rcpt_20b7d1b418,card,RuPay,ICIC,debit,
pay_E396B407D2B941,payment,0,203581,208502,INR,4170,751,0,1,1783353600,1783555200,setl_DD4E15A737FB4C,pay_E396B407D2B941,UTR133540637772,order_394367F9255B49,rcpt_685bdb2558,card,Visa,ICIC,debit,
pay_04F5C7E8A3BD48,payment,0,11973,12262,INR,245,44,0,1,1786323600,1786510800,setl_5FA3E2AE37894D,pay_04F5C7E8A3BD48,UTR084612506165,order_EDE5F6CF7A014B,rcpt_a7c9905a45,upi,,,,
pay_02E157F9C0B849,payment,0,14463428,14813015,INR,296260,53327,0,1,1786651200,1786856400,setl_B2547F4DD47943,pay_02E157F9C0B849,UTR480667351857,order_641D4AC70EAC46,rcpt_034f1dc94a,card,Visa,HDFC,debit,
pay_7C6A7D3DC51145,payment,0,19395,19863,INR,397,71,0,1,1785823200,1786028400,setl_B470DD9938314C,pay_7C6A7D3DC51145,UTR328917516704,order_FB079918C1064D,rcpt_8f058146dc,card,MasterCard,KKBK,debit,
pay_462AE01E33844B,payment,0,18637,19088,INR,382,69,0,1,1784196000,1784412000,setl_12A07E2F40C342,pay_462AE01E33844B,UTR917062592789,order_943BFA5BA10C49,rcpt_18a7724441,card,Visa,HDFC,credit,
pay_CBCA2FF73D6741,payment,0,430206,440604,INR,8812,1586,0,1,1783555200,1783728000,setl_54B3A0D13FC846,pay_CBCA2FF73D6741,UTR189939614171,order_EE1F5C5E9DAA42,rcpt_5e615b0ff5,wallet,,,,
pay_B2E8CA7DCB2046,payment,0,9763,9999,INR,200,36,0,1,1783018800,1783220400,setl_2ECB28C699C041,pay_B2E8CA7DCB2046,UTR843758242499,order_E9F0E629DAAD45,rcpt_014e0b52e7,upi,,,,
pay_75348466CD4644,payment,0,572655,586496,INR,11730,2111,0,1,1784552400,1784739600,setl_D2832E923CD742,pay_75348466CD4644,UTR564687561615,order_4947AA838F8F49,rcpt_1ef0b35258,wallet,,,,
pay_2779DC3F003049,payment,0,462510,473690,INR,9474,1706,0,1,1783036800,1783209600,setl_2ECB28C699C041,pay_2779DC3F003049,UTR933589743752,order_36EF2BB9D3A34D,rcpt_1d2309baec,card,MasterCard,UTIB,credit,
pay_4450CEA054EE48,payment,0,253693,259825,INR,5197,935,0,1,1783656000,1783872000,setl_199A1B2F048141,pay_4450CEA054EE48,UTR274100731000,order_E7AEF85C0ABA4E,rcpt_d2c36926cd,card,Amex,HDFC,debit,
pay_C734DF5EB0D442,payment,0,33805,34622,INR,692,125,0,1,1783872000,1784062800,setl_72CD3C6DA52049,pay_C734DF5EB0D442,UTR260776863758,order_E70921EDF53C4B,rcpt_3b7708a74b,upi,,,,
pay_1B6A4D91CF0443,payment,0,210728,215821,INR,4316,777,0,1,1785898800,1786114800,setl_8D69EC8704F741,pay_1B6A4D91CF0443,UTR456130457970,order_AEE4CD19271741,rcpt_0f9c2ab570,card,Amex,HDFC,debit,
pay_5404D74CDF264E,payment,0,834131,854292,INR,17086,3075,0,1,1785060000,1785236400,setl_0A8F8C20576E43,pay_5404D74CDF264E,UTR601720394542,order_8D93C98BD9B54D,rcpt_c507dd496e,upi,,,,
pay_55A8D320282C45,payment,0,31750,32517,INR,650,117,0,1,1783044000,1784253600,setl_26BEFC47481D4A,pay_55A8D320282C45,UTR784951939545,order_B19FEF2600E94A,rcpt_a8db3f21b7,card,Amex,ICIC,debit,
pay_B052A1843A5441,payment,0,1824362,1868457,INR,37369,6726,0,1,1785258000,1785441600,setl_6E19EA2B392F44,pay_B052A1843A5441,UTR198034913197,order_506E20AADAD541,rcpt_de3c4c4628,card,Amex,UTIB,credit,
pay_8867F70EE76243,payment,0,155706,159469,INR,3189,574,0,1,1783083600,1783256400,setl_2ECB28C699C041,pay_8867F70EE76243,UTR595049445636,order_30DE646805CA4B,rcpt_0390bcf0bc,card,MasterCard,KKBK,credit,
pay_2E7D9E92912145,payment,0,106663,₹109241,INR,2185,393,0,1,1784246400,1784419200,setl_5F1DDEA0EE6C46,pay_2E7D9E92912145,UTR124305974654,order_A6A2781EE1404C,rcpt_ca8ce8721e,card,Amex,ICIC,debit,
pay_175CB33A4DE44E,payment,0,239869,245666,INR,4913,884,0,1,1785438000,1785628800,setl_F41276F89E0D44,pay_175CB33A4DE44E,UTR124537780339,order_DB2F940DFB5243,rcpt_32867f6b73,upi,,,,
pay_0FC8BE9EB24344,payment,0,273701,280182,INR,5492,989,0,1,1785794400,1785974400,setl_B470DD9938314C,pay_0FC8BE9EB24344,UTR064742896610,order_11EBF81854D143,rcpt_676dbca8d6,card,RuPay,UTIB,debit,
pay_B3AB3AA960ED4B,payment,0,133754,136987,INR,2740,493,0,1,1785582000,1785762000,setl_E6720EEB6C1545,pay_B3AB3AA960ED4B,UTR656185111297,order_E32F3A1F25DC41,rcpt_b1ac33b825,upi,,,,
pay_652B9934102045,payment,0,234357,240021,INR,4800,864,0,1,1783789200,1783990800,setl_72CD3C6DA52049,pay_652B9934102045,UTR063018928232,order_FA64400534F046,rcpt_5e754d3cb4,wallet,,,,
pay_677740F3C00043,payment,0,44426,45500,INR,910,164,0,1,1784764800,1784937600,setl_463EF21FF45840,pay_677740F3C00043,UTR402836539594,order_8E298868773349,rcpt_dea039e317,netbanking,,,,
pay_91F3A0095B9546,payment,0,952780,975809,INR,19516,3513,0,1,1785103200,1786312800,setl_A79770F9F69A43,pay_91F3A0095B9546,UTR759690306514,order_9D06EABD4C6845,rcpt_6b2f80bfba,card,Visa,ICIC,credit,
pay_37A67A8C6CFF41,payment,0,1783134,1826234,INR,36525,6575,0,1,1785319200,1786010400,setl_B470DD9938314C,pay_37A67A8C6CFF41,UTR416726992562,order_174F3F56B7C243,rcpt_2b383fd226,card,RuPay,ICIC,credit,
pay_500A9E83635346,payment,0,54276,55588,INR,1112,200,0,1,1785801600,1785974400,setl_B470DD9938314C,pay_500A9E83635346,UTR754955395265,order_C5A9F1FC7FFF4A,rcpt_ae15ca8125,upi,,,,
pay_92405F673C814E,payment,0,641903,657418,INR,13148,2367,0,1,1784113200,1784286000,setl_26BEFC47481D4A,pay_92405F673C814E,UTR303112407411,order_67AD8C8983F049,rcpt_9724570fc0,card,Amex,ICIC,debit,
pay_F4DA612CCF7347,payment,0,218948,224240,INR,4485,807,0,1,1782867600,1783054800,setl_6D5CBCA99C064A,pay_F4DA612CCF7347,UTR942274130559,order_B9FC9F9799BE46,rcpt_09f4e3db58,card,MasterCard,ICIC,debit,
pay_4EFB974D9A7E47,payment,0,290747,297774,INR,5955,1072,0,1,1782936000,1783126800,setl_73E42C17BAB946,pay_4EFB974D9A7E47,UTR216103982261,order_C3958346483447,rcpt_02a909df3e,card,MasterCard,ICIC,debit,
pay_547229CA350E44,payment,0,27893,28567,INR,571,103,0,1,1784905200,1785096000,setl_4D086E650CDE4D,pay_547229CA350E44,UTR908655003008,order_CDEF88D9C2F84D,rcpt_632bbad2f9,upi,,,,
pay_70964926671341,payment,0,213428,218587,INR,4372,787,0,1,1785600000,1785794400,setl_E6720EEB6C1545,pay_70964926671341,UTR768338660300,order_35FD1373E41D4D,rcpt_17eda30794,upi,,,,
pay_571C3D223B4849,payment,0,10622,10879,INR,218,39,0,1,1785859200,1786039200,setl_B470DD9938314C,pay_571C3D223B4849,UTR099956232031,order_96050B16E0E54A,rcpt_5f037ff3a4,upi,,,,
pay_C5B0A3C87E3143,payment,0,97540,99898,INR,1998,360,0,1,1784347200,1784538000,setl_25C6DD671D6E4A,pay_C5B0A3C87E3143,UTR559297437385,order_1D13C7C2D2F549,rcpt_1032c54674,card,MasterCard,ICIC,debit,
pay_5695296C340F49,payment,0,249792,255830,INR,5117,921,0,1,1786208400,1786392000,setl_7A46368D2FA045,pay_5695296C340F49,UTR970198569070,order_4A3888FC0EE942,rcpt_50828ead04,wallet,,,,
pay_EB8CF054F8784C,payment,0,170328,174445,INR,3489,628,0,1,1786615200,1786831200,setl_F2E155DF04C742,pay_EB8CF054F8784C,UTR055268702672,order_0F720A6FE93C4D,rcpt_c83e348108,card,Amex,HDFC,credit,
pay_DD52E3336D7B41,payment,0,56481,57846,INR,1157,208,0,1,1784131200,1784304000,setl_26BEFC47481D4A,pay_DD52E3336D7B41,UTR108611656407,order_19B4021CC67242,rcpt_40659f7816,card,MasterCard,SBIN,credit,
pay_AEE2CD1C88984B,payment,0,205926,210903,INR,4218,759,0,1,1783526400,1783713600,setl_01DD4F9BC26841,pay_AEE2CD1C88984B,UTR603298712622,order_3F9395005E9D42,rcpt_ac9b650578,card,MasterCard,KKBK,debit,
pay_8328C05E5F264B,payment,0,86493,88584,INR,1772,319,0,1,1785114000,1786150800,setl_98B4CE3E723A4A,pay_8328C05E5F264B,UTR292251527276,order_B156EFCBE3AC49,rcpt_f65711e24c,upi,,,,
pay_F21AD60E961E4B,payment,0,248453,254458,INR,5089,916,0,1,1786705200,1787223600,setl_921A7E74C47A4E,pay_F21AD60E961E4B,UTR138992388900,order_D7C5C46B22EC4C,rcpt_402280e4b6,card,MasterCard,UTIB,credit,
pay_53ABE619D4BD43,payment,0,280295,287069,INR,5741,1033,0,1,1784250000,1784440800,setl_5F1DDEA0EE6C46,pay_53ABE619D4BD43,UTR862117874386,order_6AD669B8BA1A46,rcpt_7af14ab60c,upi,,,,
pay_8E808CC0789D4C,payment,0,90409,92594,INR,1852,333,0,1,1784707200,1784905200,setl_FFFF9FE63E7F4D,pay_8E808CC0789D4C,UTR121146759430,order_168CBC9CD73243,rcpt_174020488c,netbanking,,,,
pay_76DF469ABF9242,payment,0,1003958,1028224,INR,20564,3702,0,1,1785420000,1785600000,setl_9C0EA57E3BAC47,pay_76DF469ABF9242,UTR383547020234,order_14F1668ECA404C,rcpt_267ea5c6ea,card,Visa,HDFC,debit,
pay_7D22E928900F47,payment,0,3646844,3734990,INR,74700,13446,0,1,1784336400,1784534400,setl_25C6DD671D6E4A,pay_7D22E928900F47,UTR113325019295,order_55D156C33ACA4F,rcpt_ab566a762f,upi,,,,
pay_56DE43188CA44B,payment,0,10711323,10970367,INR,219529,39515,0,1,1786647600,1786852800,setl_B2547F4DD47943,pay_56DE43188CA44B,UTR023683827319,order_5B83B4562A4B4D,rcpt_f73ffda98b,card,Amex,KKBK,credit,
pay_8AB046290B8940,payment,0,68215,69863,INR,1397,251,0,1,1786582800,1786759200,setl_F2E155DF04C742,pay_8AB046290B8940,UTR479699536101,order_C045F3109EC14A,rcpt_acb340c02f,card,Visa,ICIC,credit,
pay_65D66BF5983046,payment,0,1428324,1462847,INR,29257,5266,0,1,1782864000,1783036800,setl_6D5CBCA99C064A,pay_65D66BF5983046,UTR676913182087,order_B44057C7EC0E4D,rcpt_935bedca0b,upi,,,,
pay_DE40757F13464F,payment,0,226051,231514,INR,4630,833,0,1,1784502000,1784703600,setl_D2832E923CD742,pay_DE40757F13464F,UTR280430415759,order_D4FB313F370940,rcpt_cd2412612e,upi,,,,
pay_FB0B221830B441,payment,0,74902,76712,INR,1534,276,0,1,1785834000,1786006800,setl_B470DD9938314C,pay_FB0B221830B441,UTR522873343957,order_023D3D24273147,rcpt_e316e87f4f,card,Visa,SBIN,credit,
pay_4313236E087C41,payment,0,631644,646911,INR,12938,2329,0,1,1785276000,1785463200,setl_FC6EDD4946DB47,pay_4313236E087C41,UTR353680710058,order_180B1B979F2748,rcpt_7737fd6906,wallet,,,,
pay_E24E1EA3A8724A,payment,0,80806,80806,INR,0,0,0,1,1782950400,1783123200,setl_73E42C17BAB946,pay_E24E1EA3A8724A,UTR080630333681,order_EBD0C305161441,rcpt_9dc35f88c0,card,Visa,UTIB,debit,
pay_F421FFD240CF44,payment,0,712784,730012,INR,14600,2628,0,1,1784764800,1784948400,setl_463EF21FF45840,pay_F421FFD240CF44,UTR416764519656,order_3DE611E394234F,rcpt_4b798bee91,card,MasterCard,UTIB,credit,
pay_288364071AFE4F,payment,0,2376860,2434309,INR,48686,8763,0,1,1783792800,1783990800,setl_72CD3C6DA52049,pay_288364071AFE4F,UTR956373406741,order_213D7EB7C17A4C,rcpt_fb595c48f7,card,RuPay,ICIC,debit,
pay_1B208D84026D43,payment,0,209897,214970,INR,4299,774,0,1,1786186800,1786381200,setl_7A46368D2FA045,pay_1B208D84026D43,UTR968958578950,order_F9C2E074B54248,rcpt_528aeb70e8,card,Visa,KKBK,debit,
pay_4A149268BF5F49,payment,0,23755,23755,INR,0,0,0,1,1786060800,1786233600,setl_A79770F9F69A43,pay_4A149268BF5F49,UTR852980991125,order_B9CA417FD9FE48,rcpt_302f2b1925,card,Visa,SBIN,debit,
pay_0FC2336F671546,payment,0,76562,78307,INR,1479,266,0,1,1785348000,1785535200,setl_FC6EDD4946DB47,pay_0FC2336F671546,UTR498096874788,order_CDCB4C5A14954B,rcpt_3df2a1566f,card,MasterCard,HDFC,credit,
pay_934D4849791D4E,payment,0,1592049,1630530,INR,32611,5870,0,1,1784592000,1784764800,setl_89BEF1B456534C,pay_934D4849791D4E,UTR698004537005,order_00128E5AB3F84C,rcpt_63f0aa8415,card,RuPay,ICIC,debit,
pay_61DDA7C9305546,payment,0,282154,288973,INR,5779,1040,0,1,1785664800,1785877200,setl_4BC7782DCCEE42,pay_61DDA7C9305546,UTR654366583742,order_DA5BDF2AA48541,rcpt_7999acc3d7,upi,,,,
pay_613F3B6B1D9E41,payment,0,50041,50041,INR,0,0,0,1,1784073600,1784246400,setl_26BEFC47481D4A,pay_613F3B6B1D9E41,UTR310730551285,order_5622EC7BF9DA45,rcpt_4dc618f55d,netbanking,,,,
pay_D7F68B1AC29844,payment,0,32654,33444,INR,669,120,0,1,1785196800,1785456000,setl_FC6EDD4946DB47,pay_D7F68B1AC29844,UTR476945839353,order_28BFBE0AF5AA4B,rcpt_a11e079a46,upi,,,,
pay_B67E884C611145,payment,0,1912863,1959098,INR,39182,7053,0,1,1783328400,1783504800,setl_888946A84E3C44,pay_B67E884C611145,UTR024671176597,order_B0606C1CD6A34E,rcpt_f546a236d2,upi,,,,
pay_4DD1CE73A1634D,payment,0,225471,230920,INR,4618,831,0,1,1783555200,1783728000,setl_54B3A0D13FC846,pay_4DD1CE73A1634D,UTR997325360279,order_3800B715BE754F,rcpt_7c8342e115,netbanking,,,,
pay_3BA5F905722944,payment,0,17306519,17724824,INR,354496,63809,0,1,1786075200,1786273200,setl_A79770F9F69A43,pay_3BA5F905722944,UTR772592579852,order_5D35CDA7FF8B40,rcpt_1be82130ed,netbanking,,,,
pay_142D1EF6B6944B,payment,0,7144161,7316839,INR,146337,26341,0,1,1786611600,1786798800,setl_F2E155DF04C742,pay_142D1EF6B6944B,UTR049940879259,order_AFBF28DF82F149,rcpt_3535a4a01a,upi,,,,
pay_448CF6CE69084F,payment,0,61444,62930,INR,1259,227,0,1,1785895200,1786082400,setl_8D69EC8704F741,pay_448CF6CE69084F,UTR895606105411,order_13E00461016B4A,rcpt_d9280f8857,card,Visa,HDFC,debit,
pay_19CCA11A48C34F,payment,0,199802,204632,INR,4093,737,0,1,1783645200,1783836000,setl_199A1B2F048141,pay_19CCA11A48C34F,UTR953154541256,order_7386CD4F9E3C44,rcpt_851dc8b5cd,card,MasterCard,KKBK,debit,
pay_5A41853AC7FD4B,payment,0,2261643,2316308,INR,46326,8339,0,1,1784948400,1785726000,setl_E6720EEB6C1545,pay_5A41853AC7FD4B,UTR937959681030,order_FC2F432530964F,rcpt_cfcb3b8673,card,RuPay,ICIC,credit,
pay_5AE81B1589FB47,payment,0,172848,177026,INR,3541,637,0,1,1783530000,1783742400,setl_54B3A0D13FC846,pay_5AE81B1589FB47,UTR449356122972,order_67395975F01640,rcpt_0adb95dc6d,card,Amex,SBIN,debit,
pay_ECD7CE1AD92641,payment,0,221088,226432,INR,4529,815,0,1,1784764800,1784937600,setl_463EF21FF45840,pay_ECD7CE1AD92641,UTR921235934540,order_765C194EC3A747,rcpt_914a0ee2d8,card,Amex,ICIC,credit,
pay_C98E403F95F340,payment,0,80396,82339,INR,1647,296,0,1,1784570400,1784764800,setl_89BEF1B456534C,pay_C98E403F95F340,UTR906138209233,order_085289930F574A,rcpt_1c5efae0d2,card,MasterCard,ICIC,credit,
pay_9E22BE6C56EE48,payment,0,275259,281868,INR,5601,1008,0,1,1786683600,1786888800,setl_B2547F4DD47943,pay_9E22BE6C56EE48,UTR079400273486,order_34C8F8EAB92342,rcpt_9f5f0599f4,card,Visa,KKBK,credit,
pay_C4144E9C45D14A,payment,0,13923246,14259777,INR,285196,51335,0,1,1786024800,1786212000,setl_98B4CE3E723A4A,pay_C4144E9C45D14A,UTR794872180540,order_2C58EEA9E61D4E,rcpt_f13bdaebbe,card,Visa,UTIB,credit,
pay_D9CBE4D1E07B4A,payment,0,723706,741198,INR,14824,2668,0,1,1786579200,1787702400,setl_7DCB52F82A8C46,pay_D9CBE4D1E07B4A,UTR389754615376,order_88FEED6389A44E,rcpt_8349925e50,card,Visa,UTIB,debit,
pay_F51C5EC93B2A4D,payment,0,1261076,1291557,INR,25831,4650,0,1,1782964800,1783155600,setl_73E42C17BAB946,pay_F51C5EC93B2A4D,UTR111531319604,order_C5315048CBA940,rcpt_649a910306,upi,,,,
pay_8F86F4F90E3A41,payment,0,146417,149956,INR,2999,540,0,1,1784055600,1784257200,setl_26BEFC47481D4A,pay_8F86F4F90E3A41,UTR100996117757,order_D13F7099B95C4E,rcpt_9a622e957b,upi,,,,
pay_A14C0AE2D7064B,payment,0,285956,292867,INR,5857,1054,0,1,1785196800,1785369600,setl_6E19EA2B392F44,pay_A14C0AE2D7064B,UTR821774257251,order_16157D1A2C2449,rcpt_de26e8843a,card,Visa,HDFC,debit,
pay_36FAC0EECC344B,payment,0,33988,34809,INR,696,125,0,1,1784984400,1785186000,setl_0D0DBBF8BAE648,pay_36FAC0EECC344B,UTR898887250041,order_A912E538397D4D,rcpt_38492ffb5f,upi,,,,
pay_4379F7CE769C49,payment,0,85947,88025,INR,1761,317,0,1,1784966400,1785168000,setl_0D0DBBF8BAE648,pay_4379F7CE769C49,UTR349482214210,order_74FE67FE19C245,rcpt_2cabf5e7e5,netbanking,,,,
pay_47B78BD50B5349,payment,0,2417027,2475448,INR,49509,8912,0,1,1783238400,1783414800,setl_3388172A166B4D,pay_47B78BD50B5349,UTR442703136846,order_66CE7AF8D2D449,rcpt_2b5b77b049,card,MasterCard,KKBK,credit,
pay_BBBE9626DDD64B,payment,0,19332167,₹19799434,INR,395989,71278,0,1,1783123200,1783296000,setl_70A1353F42C44C,pay_BBBE9626DDD64B,UTR897920334886,order_48810D1BAC3A4C,rcpt_50957d32cf,card,RuPay,ICIC,credit,
pay_79737DD596C145,payment,0,283509,290361,INR,5807,1045,0,1,1785884400,1786071600,setl_8D69EC8704F741,pay_79737DD596C145,UTR812494677597,order_1FBDA2BB6A2E4A,rcpt_6537eface6,wallet,,,,
pay_B538B4C7D8DE4B,payment,0,2678578,2743320,INR,54866,9876,0,1,1786233600,1786406400,setl_7499C4AA34DF4B,pay_B538B4C7D8DE4B,UTR596126533081,order_E83792AE5A9A41,rcpt_c9fbeff172,card,MasterCard,KKBK,credit,
pay_2771D8CC660647,payment,0,161293,165192,INR,3304,595,0,1,1784268000,1784455200,setl_5F1DDEA0EE6C46,pay_2771D8CC660647,UTR684500946080,order_394D0E701E1B4D,rcpt_e57a9a7d39,upi,,,,
pay_9FD696C9DA0541,payment,0,274084,280709,INR,5614,1011,0,1,1783407600,1783605600,setl_DD4E15A737FB4C,pay_9FD696C9DA0541,UTR117131231741,order_1D05B2E89BC44D,rcpt_7b9816a16f,card,Amex,UTIB,debit,
pay_66C8774A06BE4C,payment,0,506974,519228,INR,10385,1869,0,1,1786644000,1786860000,setl_B2547F4DD47943,pay_66C8774A06BE4C,UTR119938372886,order_C2CAF7384AC846,rcpt_3dca2344a6,card,MasterCard,HDFC,credit,
pay_2176037A10CB46,payment,0,32410,33194,INR,664,120,0,1,1785571200,1785776400,setl_E6720EEB6C1545,pay_2176037A10CB46,UTR324631599528,order_D809EFB0CA4145,rcpt_11439dd72d,card,Visa,UTIB,credit,
pay_EF0D6E36ABEE49,payment,0,2356486,2413443,INR,48269,8688,0,1,1784610000,1784818800,setl_89BEF1B456534C,pay_EF0D6E36ABEE49,UTR712134964143,order_7D56098FF8424D,rcpt_1b7b679431,netbanking,,,,
pay_18301F5629A14A,payment,0,21051557,21560382,INR,431208,77617,0,1,1783353600,1783551600,setl_888946A84E3C44,pay_18301F5629A14A,UTR389128438796,order_BD779AC86E4843,rcpt_c0bdabf0cc,upi,,,,
pay_689600F6EF1B49,payment,0,9595,9827,INR,196,36,0,1,1784937600,1785196800,setl_0A8F8C20576E43,pay_689600F6EF1B49,UTR857452279139,order_E6DE67BC8E2348,rcpt_cbfca9b8de,wallet,,,,
pay_CFDEE9ACE6F34E,payment,0,117947,120798,INR,2416,435,0,1,1785520800,1785715200,setl_E6720EEB6C1545,pay_CFDEE9ACE6F34E,UTR338129627339,order_0AE36AAC11484D,rcpt_a1a386d6ad,card,Visa,UTIB,debit,
pay_3B0BD6D80A714C,payment,0,80915,82870,INR,1657,298,0,1,1786154400,1786338000,setl_7A46368D2FA045,pay_3B0BD6D80A714C,UTR049278366062,order_4090A87A255044,rcpt_e20b235e95,card,Amex,UTIB,credit,
pay_E50C8F3BE5364A,payment,0,183999,188669,INR,3958,712,0,1,1783454400,1783659600,setl_01DD4F9BC26841,pay_E50C8F3BE5364A,UTR486182581947,order_AE780D73C54645,rcpt_6ba4da7ee7,upi,,,,
pay_C3B9D7852E0244,payment,0,2947141,3018375,INR,60368,10866,0,1,1783299600,1783494000,setl_888946A84E3C44,pay_C3B9D7852E0244,UTR553708489300,order_483523BA4BF042,rcpt_d2e9aa042e,upi,,,,
pay_4669EA4AB6424F,payment,0,92971,95218,INR,1904,343,0,1,1784437200,1784624400,setl_0E41B5F1014843,pay_4669EA4AB6424F,UTR702330260806,order_E074AAA5796946,rcpt_44bb044b66,card,Amex,ICIC,credit,
pay_40D4901CD7DA49,payment,0,76341,78122,INR,1509,272,0,1,1783684800,1783879200,setl_199A1B2F048141,pay_40D4901CD7DA49,UTR933863286459,order_19AB8C869A5940,rcpt_6ddcd9a098,card,Visa,UTIB,credit,
pay_1DDF609AA9D148,payment,0,3140679,3216591,INR,64332,11580,0,1,1784671200,1784872800,setl_FFFF9FE63E7F4D,pay_1DDF609AA9D148,UTR770250322413,order_E60B7977251F4E,rcpt_02baeb9ed8,upi,,,,
pay_12446E7A154340,payment,0,24023,24604,INR,492,89,0,1,1785034800,1785250800,setl_0A8F8C20576E43,pay_12446E7A154340,UTR507961829925,order_2647CDADDEA34A,rcpt_12669fc256,netbanking,,,,
pay_282C75A72FFB4B,payment,0,267333,273843,INR,5517,993,0,1,1786071600,1786287600,setl_A79770F9F69A43,pay_282C75A72FFB4B,UTR234536632587,order_5941E73C33B240,rcpt_01b4672641,upi,,,,
pay_245C5752E72F46,payment,0,269201,275708,INR,5514,993,0,1,1783620000,1783803600,setl_54B3A0D13FC846,pay_245C5752E72F46,UTR734167995249,order_D77F74371B1D4C,rcpt_527d9bbcca,netbanking,,,,
pay_CEE8F9F98FEA41,payment,0,282653,289485,INR,5790,1042,0,1,1784505600,1784678400,setl_D2832E923CD742,pay_CEE8F9F98FEA41,UTR641710675362,order_E91B73C20BCE4A,rcpt_8bd971aacc,upi,,,,
pay_35A960B272F24A,payment,0,46634,47761,INR,955,172,0,1,1784246400,1784419200,setl_5F1DDEA0EE6C46,pay_35A960B272F24A,UTR551345963606,order_7FAF49F72B544B,rcpt_eb20f74b83,card,Amex,KKBK,debit,
pay_CDCC8C1328EC48,payment,0,542278,555385,INR,11108,1999,0,1,1786410000,1786608000,setl_763973C2998C43,pay_CDCC8C1328EC48,UTR536755628110,order_19BE30495E74F4,rcpt_947df02285,upi,,,,
pay_823CD50C31804F,payment,0,592117,592117,INR,0,0,0,1,1785974400,1786147200,setl_98B4CE3E723A4A,pay_823CD50C31804F,UTR651630574654,order_1E460F3775CF4D,rcpt_3366e7f08d,card,Amex,SBIN,credit,
pay_2E86DC0672E546,payment,0,1239499,1269458,INR,25389,4570,0,1,1783641600,1783814400,setl_199A1B2F048141,pay_2E86DC0672E546,UTR708751920842,order_27CF7CB8E26A41,rcpt_17f82792a7,upi,,,,
pay_F415BF3A26CA49,payment,0,60673,62140,INR,1243,224,0,1,1785420000,1785600000,setl_9C0EA57E3BAC47,pay_F415BF3A26CA49,UTR398733378973,order_0125C012B4A743,rcpt_a4074dce1c,upi,,,,
pay_966D7FC3F46A4B,payment,0,119272,122155,INR,2443,440,0,1,1784948400,1785153600,setl_0D0DBBF8BAE648,pay_966D7FC3F46A4B,UTR157075316519,order_08998361FB3B46,rcpt_8c319ff890,upi,,,,
pay_ADBAE26BA1FE43,payment,0,433152,443621,INR,8872,1597,0,1,1784970000,1785175200,setl_0D0DBBF8BAE648,pay_ADBAE26BA1FE43,UTR972484733170,order_A78D1D1C58244E,rcpt_757078785b,upi,,,,
pay_4DD1899354DE48,payment,0,1519489,1556215,INR,31124,5602,0,1,1785661200,1785862800,setl_4BC7782DCCEE42,pay_4DD1899354DE48,UTR178970010563,order_5AEF707727B842,rcpt_32a3be88c8,netbanking,,,,
pay_A12F206E97F94D,payment,0,1663957,1704175,INR,34083,6135,0,1,1783069200,1783281600,setl_2ECB28C699C041,pay_A12F206E97F94D,UTR086248114849,order_2127B0218EBE4C,rcpt_1884918196,netbanking,,,,
pay_1588AAF8950441,payment,0,261219,267533,INR,5351,963,0,1,1786348800,1786528800,setl_5FA3E2AE37894D,pay_1588AAF8950441,UTR846228549104,order_1D6CB0D3C2AE48,rcpt_6456bbed69,card,RuPay,KKBK,credit,
pay_F5B6546147ED43,payment,0,238962,244738,INR,4895,881,0,1,1786687200,1786867200,setl_B2547F4DD47943,pay_F5B6546147ED43,UTR540245941117,order_9BB4A8FC4E4A4F,rcpt_97f225fd2a,wallet,,,,
pay_78EABCD69F0F41,payment,0,168613,172689,INR,3454,622,0,1,1783040400,1783242000,setl_2ECB28C699C041,pay_78EABCD69F0F41,UTR341226793608,order_CCBD7661790144,rcpt_f25a7d5d29,card,MasterCard,KKBK,debit,
pay_4D25A262F19B47,payment,0,158058,161879,INR,3238,583,0,1,1783501200,1783706400,setl_01DD4F9BC26841,pay_4D25A262F19B47,UTR764796676986,order_29BD5618A8834C,rcpt_e16c4adf78,card,Visa,UTIB,credit,
pay_F6FF0A76EDBB41,payment,0,174612,178781,INR,3533,636,0,1,1785178800,1785358800,setl_B27B70A09BB842,pay_F6FF0A76EDBB41,UTR652127366761,order_6D730CB36A8043,rcpt_1952395c0c,upi,,,,
pay_30F7BA48A93942,payment,0,129096,132216,INR,2644,476,0,1,1786060800,1786233600,setl_A79770F9F69A43,pay_30F7BA48A93942,UTR091463756784,order_96CA61841D034F,rcpt_4db3457a31,upi,,,,
pay_4B150F7F885045,payment,0,622272,637313,INR,12746,2294,0,1,1783036800,1783209600,setl_2ECB28C699C041,pay_4B150F7F885045,UTR944022949500,order_BC93AA92DCE74A,rcpt_6a7cb78cbb,upi,,,,
pay_547229CA350E44,payment,0,27893,28567,INR,571,103,0,1,1784905200,1785096000,setl_4D086E650CDE4D,pay_547229CA350E44,UTR908655003008,order_CDEF88D9C2F84D,rcpt_70892adda8,upi,,,,
pay_86C3036EF5ED49,payment,0,44449,45523,INR,910,164,0,1,1784948400,1785164400,setl_0D0DBBF8BAE648,pay_86C3036EF5ED49,UTR659340098123,order_A20EAA95314947,rcpt_46751e2f6e,upi,,,,
pay_91CB37EE518348,payment,0,257812,264044,INR,5281,951,0,1,1785272400,1785466800,setl_FC6EDD4946DB47,pay_91CB37EE518348,UTR316699987231,order_B83296D6FFBC49,rcpt_0252b43e93,card,MasterCard,KKBK,credit,
pay_8C62399F976443,payment,0,56270,57631,INR,1153,208,0,1,1785553200,1785736800,setl_E6720EEB6C1545,pay_8C62399F976443,UTR675564788371,order_2E26BE43649543,rcpt_4eb15f637e,upi,,,,
pay_A473FC3737634B,payment,0,1076146,1102104,INR,21998,3960,0,1,1782892800,1783094400,setl_6D5CBCA99C064A,pay_A473FC3737634B,UTR688789935905,order_559837E39DB94A,rcpt_5843e771ee,upi,,,,
pay_A5F3DEAA7BD344,payment,0,558540,558540,INR,0,0,0,1,1783209600,1783382400,setl_3388172A166B4D,pay_A5F3DEAA7BD344,UTR974929335984,order_8468C94157F943,rcpt_6f05607867,wallet,,,,
pay_59ECC36A5B8545,payment,0,202533,207429,INR,4149,747,0,1,1786057200,1786237200,setl_A79770F9F69A43,pay_59ECC36A5B8545,UTR585936216551,order_D2E8C1531EC647,rcpt_1486b43478,upi,,,,
pay_13C889D8C67840,payment,0,1309711,1341367,INR,26827,4829,0,1,1783987200,1784160000,setl_BD87F397A26D43,pay_13C889D8C67840,UTR108300931998,order_F86F68B34F4244,rcpt_55dd63ab16,upi,,,,
pay_AC3A814405B44E,payment,0,144237,147723,INR,2954,532,0,1,1786341600,1787292000,setl_D03456A39E4640,pay_AC3A814405B44E,UTR740277215064,order_57B306DE53C648,rcpt_d8f44ef080,card,MasterCard,UTIB,debit,
pay_A14C8EF39E1F4E,payment,0,1796314,1839732,INR,36795,6623,0,1,1783728000,1783900800,setl_7B022C0E9D6C4E,pay_A14C8EF39E1F4E,UTR686470280864,order_B78F7A100AF449,rcpt_3f9135468d,netbanking,,,,
pay_6066386A3C1646,payment,0,21774,22300,INR,446,80,0,1,1785110400,1785322800,setl_B27B70A09BB842,pay_6066386A3C1646,UTR333491702666,order_6C3E59627A6A47,rcpt_7a51c05cba,upi,,,,
pay_BBF6AB4450B540,payment,0,404157,404157,INR,0,0,0,1,1785110400,1785283200,setl_B27B70A09BB842,pay_BBF6AB4450B540,UTR267373865027,order_645F76A1D88149,rcpt_9c287a0616,card,Visa,UTIB,credit,
pay_9FA7C0A1C0C34E,payment,0,227244,232737,INR,4655,838,0,1,1784419200,1784628000,setl_0E41B5F1014843,pay_9FA7C0A1C0C34E,UTR756942103535,order_C2CD1F97FD344F,rcpt_a920f2ecf0,upi,,,,
pay_9369793C649943,payment,0,19272062,19737947,INR,394818,71067,0,1,1786233600,1786417200,setl_7499C4AA34DF4B,pay_9369793C649943,UTR502417864361,order_ECDCB16282524B,rcpt_6613c7de9c,upi,,,,
pay_B038B0F5FBCC46,payment,0,445007,455763,INR,9115,1641,0,1,1784466000,1785070800,setl_4D086E650CDE4D,pay_B038B0F5FBCC46,UTR153331112585,order_75B9619AFCD04F,rcpt_2d5b6e7101,card,Visa,UTIB,debit,
pay_5A08FF075FBA47,payment,0,994774,1018818,INR,20376,3668,0,1,1786129200,1786323600,setl_7A46368D2FA045,pay_5A08FF075FBA47,UTR227594599417,order_4E87CB57A3F847,rcpt_aa62c18e18,card,Visa,KKBK,credit,
pay_CE3AAE23264D43,payment,0,268719,275214,INR,5504,991,0,1,1785301200,1785492000,setl_FC6EDD4946DB47,pay_CE3AAE23264D43,UTR369185926353,order_31B39BA219444A,rcpt_0e7464e16d,upi,,,,
pay_FE1ACC03703F43,payment,0,1629086,1668538,INR,33434,6018,0,1,1784199600,1784394000,setl_12A07E2F40C342,pay_FE1ACC03703F43,UTR343185618845,order_3E3430ECDDD840,rcpt_f6e2594c89,upi,,,,
pay_FEE82B8850E84A,payment,0,27837,28510,INR,570,103,0,1,1786050000,1786654800,setl_763973C2998C43,pay_FEE82B8850E84A,UTR152007492904,order_62990FDE5C514A,rcpt_8a0a166cfa,card,MasterCard,KKBK,credit,
pay_48F2099B34BB47,payment,0,64220,65772,INR,1315,237,0,1,1784167200,1784343600,setl_12A07E2F40C342,pay_48F2099B34BB47,UTR182177740860,order_1600D6875F944B,rcpt_afe799b67e,upi,,,,
pay_5E42CB0BE79247,payment,0,622272,637313,INR,12746,2294,0,1,1783036800,1783296000,setl_70A1353F42C44C,pay_5E42CB0BE79247,UTR937153169573,order_BC93AA92DCE74A,rcpt_a399845a57,card,RuPay,HDFC,debit,
pay_ABCBF53AEE5340,payment,0,82335,84325,INR,1686,304,0,1,1784505600,1784678400,setl_D2832E923CD742,pay_ABCBF53AEE5340,UTR506935928535,order_BCB0132D8EFA45,rcpt_a24e876f31,upi,,,,
pay_2047D26D91424F,payment,0,40573,41554,INR,831,150,0,1,1783814400,1783987200,setl_72CD3C6DA52049,pay_2047D26D91424F,UTR641272465061,order_311D79E6154D4A,rcpt_1ce65ee970,upi,,,,
pay_231677F251994C,payment,0,56310,57671,INR,1153,208,0,1,1785290400,1785481200,setl_FC6EDD4946DB47,pay_231677F251994C,UTR439927457257,order_C4DE1FAB51324A,rcpt_51baa4ab8f,card,Amex,ICIC,credit,
pay_F5BC9BD3B3C641,payment,0,2156241,2208358,INR,44167,7950,0,1,1782871200,1783062000,setl_6D5CBCA99C064A,pay_F5BC9BD3B3C641,UTR795479870912,order_8FDD8195915544,rcpt_d17efbf764,upi,,,,
pay_38C0339863BB42,payment,0,129656,132790,INR,2656,478,0,1,1782918000,1783126800,setl_73E42C17BAB946,pay_38C0339863BB42,UTR783157895581,order_0C557457CBD142,rcpt_ac1d7ca63f,card,Visa,SBIN,credit,
pay_7BD31525301D4B,payment,0,16083813,16472670,INR,329540,59317,0,1,1784451600,1784628000,setl_0E41B5F1014843,pay_7BD31525301D4B,UTR645112082702,order_8B3298111FE94D,rcpt_58631a178e,upi,,,,
pay_7BC8AFCC8E6B40,payment,0,211024,216124,INR,4322,778,0,1,1784937600,1785128400,setl_0D0DBBF8BAE648,pay_7BC8AFCC8E6B40,UTR796395610012,order_97CD57C72F0F49,rcpt_f04653201c,card,MasterCard,HDFC,credit,
pay_A4AE6DC19A474B,payment,0,71049,72766,INR,1455,262,0,1,1783652400,1784775600,setl_89BEF1B456534C,pay_A4AE6DC19A474B,UTR646051579776,order_467E88C12FC34A,rcpt_e69cecdbe8,upi,,,,
pay_3B004A5CEB9140,payment,0,276542,283227,INR,5665,1020,0,1,1785272400,1785459600,setl_FC6EDD4946DB47,pay_3B004A5CEB9140,UTR536836113419,order_E253C750D16047,rcpt_cd543a7199,upi,,,,
pay_92F6D754096C41,payment,0,173234,177421,INR,3548,639,0,1,1786140000,1786323600,setl_7A46368D2FA045,pay_92F6D754096C41,UTR862483371458,order_4131FD16EB814C,rcpt_1777a1a78c,card,Amex,UTIB,debit,
pay_05880634DB7445,payment,0,176906,181182,INR,3624,652,0,1,1785700800,1785909600,setl_B59212048DCF4E,pay_05880634DB7445,UTR451576556423,order_BF77EDE6D4CD44,rcpt_0f54f9c331,upi,,,,
pay_171AFE45FBD942,payment,0,154733,158472,INR,3169,570,0,1,1785661200,1785870000,setl_4BC7782DCCEE42,pay_171AFE45FBD942,UTR610641286770,order_C1756818154142,rcpt_b4fa6d8473,upi,,,,
pay_245C5752E72F46,payment,0,269201,275708,INR,5514,993,0,1,1783620000,1783803600,setl_54B3A0D13FC846,pay_245C5752E72F46,UTR734167995249,order_D77F74371B1D4C,rcpt_46910ce678,card,Visa,KKBK,debit,
pay_5D9C21A209344B,payment,0,139659,143035,INR,2861,515,0,1,1783155600,1783328400,setl_70A1353F42C44C,pay_5D9C21A209344B,UTR244165587540,order_4ECE92100AD64B,rcpt_643416e064,wallet,,,,
pay_A73EDF8DF2914F,payment,0,65846,67775,INR,1635,294,0,1,1786676400,1786885200,setl_B2547F4DD47943,pay_A73EDF8DF2914F,UTR652833509507,order_F2B0E4021C8E4D,rcpt_06d7bda64e,card,Visa,HDFC,debit,
pay_A0840023080141,payment,0,265406,271820,INR,5436,978,0,1,1786629600,1786820400,setl_F2E155DF04C742,pay_A0840023080141,UTR913678784408,order_C01AEEFBF3C042,rcpt_de2c8302b7,upi,,,,
pay_5B368C521B2D40,payment,0,200126,204963,INR,4099,738,0,1,1784750400,1784944800,setl_463EF21FF45840,pay_5B368C521B2D40,UTR455779511451,order_A0C108120F1C44,rcpt_ec7602c732,wallet,,,,
pay_C937193873E94C,payment,0,264340,270730,INR,5415,975,0,1,1785088800,1785276000,setl_0A8F8C20576E43,pay_C937193873E94C,UTR145294161723,order_75BD2DA708434E,rcpt_6760175971,upi,,,,
pay_F066D285091D49,payment,0,191522,196151,INR,3923,706,0,1,1785783600,1785992400,setl_B470DD9938314C,pay_F066D285091D49,UTR882650359471,order_BE1FDBF7C0CA45,rcpt_70ee2df2f2,card,RuPay,KKBK,debit,
pay_7358D85C379F46,payment,0,2228718,2282587,INR,45652,8217,0,1,1784160000,1784332800,setl_12A07E2F40C342,pay_7358D85C379F46,UTR248883975824,order_FD3C134F6E3C41,rcpt_c1f4126d13,upi,,,,
pay_08FD99016BCD46,payment,0,94168,96444,INR,1929,347,0,1,1784131200,1784332800,setl_12A07E2F40C342,pay_08FD99016BCD46,UTR023141453899,order_1B976D1827A148,rcpt_da63997d52,wallet,,,,
pay_D71168F38F5E47,payment,0,48051,49212,INR,984,177,0,1,1784700000,1784890800,setl_FFFF9FE63E7F4D,pay_D71168F38F5E47,UTR658554294022,order_11462C0B1A664B,rcpt_9fb6098440,upi,,,,
pay_B7AE64D7C0F04D,payment,0,254617,261027,INR,5432,978,0,1,1784293200,1784498400,setl_5F1DDEA0EE6C46,pay_B7AE64D7C0F04D,UTR743529259297,order_AE1D8A54ED384F,rcpt_2ee84e3a2a,card,RuPay,ICIC,credit,
pay_1EACBB2FBBC644,payment,0,39968,40934,INR,819,147,0,1,1786474800,1786690800,setl_CC0CF5AEEF7E49,pay_1EACBB2FBBC644,UTR893296132244,order_AA483E9715BE47,rcpt_ab2d5564b2,wallet,,,,
pay_8571E02B215C4C,payment,0,114220,116981,INR,2340,421,0,1,1783875600,1784059200,setl_72CD3C6DA52049,pay_8571E02B215C4C,UTR579575572021,order_6D9F54EBB0B345,rcpt_201f6ee2e1,card,Visa,ICIC,credit,
pay_2222FA7707CD40,payment,0,54496,55678,INR,1002,180,0,1,1786302000,1786485600,setl_7499C4AA34DF4B,pay_2222FA7707CD40,UTR524573771862,order_65BB4C066B0A4B,rcpt_c86594fcba,upi,,,,
pay_84348B29697947,payment,0,177364,181651,INR,3633,654,0,1,1784905200,1785423600,setl_6E19EA2B392F44,pay_84348B29697947,UTR981817546508,order_C53DF54118EF48,rcpt_1d30381e36,netbanking,,,,
pay_B32724A4EE2E4F,payment,0,961798,985045,INR,19701,3546,0,1,1783512000,1784289600,setl_26BEFC47481D4A,pay_B32724A4EE2E4F,UTR457256476589,order_E8A0DA135F3B4C,rcpt_2795eec6a2,upi,,,,
pay_56555089A83B4A,payment,0,68194,69842,INR,1397,251,0,1,1784894400,1785088800,setl_4D086E650CDE4D,pay_56555089A83B4A,UTR386156646069,order_074DCE35462C49,rcpt_3f9f2d0361,card,RuPay,KKBK,debit,
pay_ED69F53B0FCB43,payment,0,816756,836497,INR,16730,3011,0,1,1783947600,1784124000,setl_8FCBDEFEAEB945,pay_ED69F53B0FCB43,UTR564646557004,order_F84E1E4F42A24D,rcpt_e3906ac893,card,Amex,SBIN,debit,
pay_2030DC6B25D74B,payment,0,217696,222758,INR,4290,772,0,1,1783242000,1783443600,setl_3388172A166B4D,pay_2030DC6B25D74B,UTR990951740226,order_A855D16C763242,rcpt_75c9722a76,netbanking,,,,
pay_56A45D06BAAE4E,payment,0,129944,132848,INR,2461,443,0,1,1786485600,1786672800,setl_CC0CF5AEEF7E49,pay_56A45D06BAAE4E,UTR669390146475,order_27C3527E3B3341,rcpt_cc711d6dcc,upi,,,,
pay_AFA3E175AFB541,payment,0,213560,218721,INR,4374,787,0,1,1786348800,1786557600,setl_5FA3E2AE37894D,pay_AFA3E175AFB541,UTR121108201545,order_9AF652CDB2A943,rcpt_9565e87d77,card,Visa,HDFC,debit,
pay_393E21A5319540,payment,0,219019,224312,INR,4486,807,0,1,1786021200,1786226400,setl_98B4CE3E723A4A,pay_393E21A5319540,UTR342183679028,order_4F976E2BC9484D,rcpt_f1644ab992,upi,,,,
pay_1F3176E760F947,payment,0,471124,482511,INR,9650,1737,0,1,1784235600,1784448000,setl_5F1DDEA0EE6C46,pay_1F3176E760F947,UTR946655217952,order_E3971F585B284E,rcpt_e7e3ded4a4,wallet,,,,
pay_E84ED38EADCD46,payment,0,192264,196911,INR,3938,709,0,1,1785067200,1785261600,setl_0A8F8C20576E43,pay_E84ED38EADCD46,UTR702857717738,order_95A316B4869F4A,rcpt_dd21f2c774,card,MasterCard,KKBK,debit,
pay_04EDD42360A24D,payment,0,334408,342491,INR,6850,1233,0,1,1786150800,1786345200,setl_7A46368D2FA045,pay_04EDD42360A24D,UTR808648716571,order_3CAF7E4786A043,rcpt_2d2cf79237,card,Amex,HDFC,credit,
pay_C645F88AC59042,payment,0,220273,225597,INR,4512,812,0,1,1783018800,1783216800,setl_2ECB28C699C041,pay_C645F88AC59042,UTR627049523086,order_EA6485C22EA442,rcpt_77229c67cc,card,MasterCard,SBIN,debit,
pay_CCFB5251BCEE4D,payment,0,176159,180416,INR,3608,649,0,1,1784419200,1784592000,setl_0E41B5F1014843,pay_CCFB5251BCEE4D,UTR051007260181,order_5E009813CEC646,rcpt_6bfd36f368,card,RuPay,UTIB,credit,
pay_296761F3EF3846,payment,0,251975,258065,INR,5161,929,0,1,1784001600,1784185200,setl_BD87F397A26D43,pay_296761F3EF3846,UTR968674118799,order_26A8F3B5779244,rcpt_54fc8080cc,wallet,,,,
pay_96E4AE3EAFF44B,payment,0,37918,38835,INR,777,140,0,1,1783969200,1784919600,setl_FFFF9FE63E7F4D,pay_96E4AE3EAFF44B,UTR521332726379,order_9BEB8E0CB55E42,rcpt_c8bda5ca21,card,Visa,SBIN,credit,
pay_84A915CCAB9042,payment,0,2239525,2293655,INR,45873,8257,0,1,1785524400,1785708000,setl_F41276F89E0D44,pay_84A915CCAB9042,UTR667456298635,order_A7E596551C8041,rcpt_0f186bc322,card,Amex,SBIN,debit,
pay_5C5F80D5FA4243,payment,0,277121,283819,INR,5676,1022,0,1,1784592000,1784764800,setl_89BEF1B456534C,pay_5C5F80D5FA4243,UTR052499071584,order_6CCD1649A5404A,rcpt_3265f49d47,card,MasterCard,SBIN,debit,
pay_909062DCB91E4F,payment,0,1206271,1235427,INR,24708,4448,0,1,1784764800,1784937600,setl_463EF21FF45840,pay_909062DCB91E4F,UTR746686159757,order_9BEE153D5E224D,rcpt_a0a66dfca9,upi,,,,
pay_0A4529D1272C40,payment,0,146402,149941,INR,2999,540,0,1,1785459600,1785632400,setl_F41276F89E0D44,pay_0A4529D1272C40,UTR529835570805,order_9B59863BFC7847,rcpt_e53afb435a,upi,,,,
pay_32C07DA2D6FD4A,payment,0,8260509,8460169,INR,169203,30457,0,1,1784037600,1784224800,setl_BD87F397A26D43,pay_32C07DA2D6FD4A,UTR076297896591,order_F2D0FAB6DEB940,rcpt_f9c5d8154c,upi,,,,
pay_204A1B9FA0A74B,payment,0,724319,741827,INR,14837,2671,0,1,1786579200,1786752000,setl_F2E155DF04C742,pay_204A1B9FA0A74B,UTR486963001649,order_4EAA2C13D8814C,rcpt_94528edef1,upi,,,,
pay_4535B80331314B,payment,0,1283736,1314764,INR,26295,4733,0,1,1783731600,1783933200,setl_7B022C0E9D6C4E,pay_4535B80331314B,UTR638380769927,order_A07C00F0025447,rcpt_193cea6d6f,upi,,,,
pay_83BABC82305643,payment,0,50013,51221,INR,1024,184,0,1,1786060800,1786251600,setl_A79770F9F69A43,pay_83BABC82305643,UTR485692726643,order_8BE9AAE37BB440,rcpt_270ea24f98,card,MasterCard,ICIC,credit,
pay_6B461B122B4A4C,payment,0,63748,65289,INR,1306,235,0,1,1786431600,1786636800,setl_763973C2998C43,pay_6B461B122B4A4C,UTR311329690540,order_2A1EFC81720244,rcpt_35c5de1506,wallet,,,,
pay_15FF9E3E162946,payment,0,194329,199025,INR,3980,716,0,1,1783011600,1783220400,setl_2ECB28C699C041,pay_15FF9E3E162946,UTR216135336065,order_15831BA46ADD43,rcpt_bce6273a2c,card,MasterCard,SBIN,debit,
pay_0460C99DF3F94C,payment,0,67371,68999,INR,1380,248,0,1,1783440000,1783630800,setl_DD4E15A737FB4C,pay_0460C99DF3F94C,UTR405938811441,order_ED826FBD853749,rcpt_36e14c93f1,upi,,,,
pay_040510E9191647,payment,0,15929,16314,INR,326,59,0,1,1785535200,1785722400,setl_E6720EEB6C1545,pay_040510E9191647,UTR071530355567,order_F4C60555D9D44D,rcpt_b58246cdb7,netbanking,,,,
pay_C71309C11BDF4E,payment,0,5845273,5986556,INR,119731,21552,0,1,1783148400,1783357200,setl_70A1353F42C44C,pay_C71309C11BDF4E,UTR698170027688,order_D38485C7EED547,rcpt_8fad287a80,netbanking,,,,
pay_CBA955DD762E41,payment,0,143774,147249,INR,2945,530,0,1,1783620000,1784224800,setl_BD87F397A26D43,pay_CBA955DD762E41,UTR307555720121,order_46174B87828541,rcpt_8800106638,upi,,,,
pay_839CCAA470B14A,payment,0,1002677,1026912,INR,20538,3697,0,1,1784534400,1784732400,setl_D2832E923CD742,pay_839CCAA470B14A,UTR856233681930,order_352C357E2D5E48,rcpt_5655e1df47,card,RuPay,KKBK,credit,
pay_2D3A8652C2F94F,payment,0,711963,729172,INR,14584,2625,0,1,1782864000,1783036800,setl_6D5CBCA99C064A,pay_2D3A8652C2F94F,UTR548721439322,order_36C545729E4041,rcpt_ca8d1b0e17,netbanking,,,,
pay_6DDCFD3E41CA48,payment,0,1434194,1468859,INR,29377,5288,0,1,1785877200,1786075200,setl_8D69EC8704F741,pay_6DDCFD3E41CA48,UTR653816710487,order_3CD88581DA414D,rcpt_81e732be8c,wallet,,,,
pay_9A014AAA79AD4B,payment,0,20500195,20995694,INR,419914,75585,0,1,1784044800,1784235600,setl_BD87F397A26D43,pay_9A014AAA79AD4B,UTR343592480784,order_68BC857F01ED47,rcpt_8642281009,netbanking,,,,
pay_BAF027C902534F,payment,0,626337,641476,INR,12829,2310,0,1,1786665600,1786924800,setl_3AEBB3FB29AD46,pay_BAF027C902534F,UTR699668853668,order_E6DC18F582124E,rcpt_8f0ccdd232,card,Amex,UTIB,debit,
pay_C90C09C286FF40,payment,0,281070,287863,INR,5757,1036,0,1,1783933200,1784134800,setl_8FCBDEFEAEB945,pay_C90C09C286FF40,UTR815899962429,order_F376902F50A04F,rcpt_e409f5be80,upi,,,,
pay_6DAA19E64BD848,payment,0,1913379,1959627,INR,39193,7055,0,1,1783353600,1784563200,setl_25C6DD671D6E4A,pay_6DAA19E64BD848,UTR171620534359,order_8A1388D1692945,rcpt_4a2c8981cd,wallet,,,,
pay_14F145D3DABF40,payment,0,280756,280756,INR,0,0,0,1,1786665600,1786838400,setl_B2547F4DD47943,pay_14F145D3DABF40,UTR569023722781,order_99DEA37C8BC544,rcpt_7fef75e64a,upi,,,,
pay_C88EB06C917F43,payment,0,99988,₹102405,INR,2048,369,0,1,1784678400,1784851200,setl_FFFF9FE63E7F4D,pay_C88EB06C917F43,UTR794821112956,order_04B34A264CBC47,rcpt_ba251bd32f,card,Visa,HDFC,credit,
pay_75E6EF3EAF2D4F,payment,0,185691,190180,INR,3804,685,0,1,1785063600,1785250800,setl_0A8F8C20576E43,pay_75E6EF3EAF2D4F,UTR318292160688,order_6C74E43187194D,rcpt_b2a29a630a,upi,,,,
pay_26F05796D9264F,payment,0,1890628,1936326,INR,38727,6971,0,1,1783623600,1783807200,setl_54B3A0D13FC846,pay_26F05796D9264F,UTR810329067983,order_668D826A918C4A,rcpt_8bca3f5603,netbanking,,,,
pay_8745AB7E82B34C,payment,0,2004178,2052619,INR,41052,7389,0,1,1783828800,1784030400,setl_72CD3C6DA52049,pay_8745AB7E82B34C,UTR677447488889,order_E082F4F550034B,rcpt_ea206c9447,netbanking,,,,
pay_570AAE3447EB42,payment,0,109196,111836,INR,2237,403,0,1,1784095200,1784293200,setl_26BEFC47481D4A,pay_570AAE3447EB42,UTR653752251838,order_5D93BE7A1DEF4C,rcpt_c5afa95cf7,card,RuPay,HDFC,debit,
